date_tirage,heure_tirage,multiplicateur,joker,numero_1,numero_2,numero_3,numero_4,numero_5,numero_6,numero_7,numero_8,numero_9,numero_10,numero_11,numero_12,numero_13,numero_14,numero_15,numero_16,numero_17,numero_18,numero_19,numero_20
,13:00,2,7868407,2,4,14,18,22,23,28,29,35,36,40,41,44,55,57,64,65,68,69,70
,13:00,5,0187346,2,8,11,14,18,19,27,29,33,35,37,41,43,47,54,55,58,60,63,67
,13:00,2,9690642,4,11,18,20,22,24,28,29,33,38,40,44,45,50,52,54,55,56,59,66
,13:00,2,2326686,3,4,11,20,22,23,24,25,26,27,31,32,38,40,42,51,57,61,63,64
,13:00,2,8782276,2,6,7,8,10,13,14,20,21,22,24,28,32,38,40,43,44,47,58,62
,13:00,2,1834297,1,2,4,6,7,14,20,33,34,36,37,38,39,48,49,53,55,56,58,64
,13:00,2,6462941,1,3,4,6,10,11,14,18,22,28,34,39,45,50,53,57,59,62,64,69
,13:00,2,9287078,6,7,10,11,15,16,18,20,26,30,31,32,42,48,50,57,59,62,67,69
,13:00,2,3758411,5,8,9,11,12,17,19,20,23,38,42,45,51,52,60,62,64,66,67,69
,13:00,2,0460792,1,5,6,9,15,24,26,30,33,38,40,43,44,49,50,54,58,63,64,70
,13:00,3,3804180,1,5,12,13,14,15,16,20,24,29,36,40,49,50,51,52,58,60,64,67
,13:00,2,4511951,2,4,8,12,16,19,23,29,30,32,34,37,38,51,59,64,65,66,68,70
,13:00,2,2443024,6,7,11,12,13,18,21,24,31,32,34,39,41,42,45,48,51,66,68,69
,13:00,2,0707421,7,8,9,15,17,21,24,31,33,34,36,38,39,40,46,47,49,58,60,62
,13:00,2,9237368,3,8,16,17,19,23,24,29,30,41,42,44,46,48,53,60,61,67,69,70
,13:00,2,9579460,4,6,13,14,17,18,19,23,24,28,29,35,38,39,43,52,55,64,69,70
,13:00,2,0850865,8,14,15,21,24,26,27,30,31,34,36,39,41,42,47,48,63,65,69,70
,13:00,2,3233214,4,12,18,19,20,22,28,29,32,33,34,36,38,40,44,48,54,61,65,69
,13:00,2,1221573,3,5,13,16,19,25,33,34,35,46,47,48,49,60,61,62,63,65,67,68
,13:00,3,1295698,5,7,10,25,27,29,34,36,37,42,43,44,45,47,50,51,54,62,68,70
,13:00,2,3157418,2,4,5,16,19,25,27,31,35,36,37,39,40,45,47,51,52,54,56,61
,13:00,2,5048056,5,10,12,21,26,28,30,31,40,43,48,52,53,57,62,63,66,67,68,69
,13:00,2,6895814,2,5,10,18,23,24,27,32,35,37,39,44,45,48,51,53,56,63,66,70
,13:00,2,9616383,1,2,4,8,11,23,24,29,32,33,34,43,46,53,54,56,59,62,67,70
,13:00,2,8540485,7,10,11,16,17,19,20,22,23,24,25,27,41,44,45,48,56,62,67,68
,13:00,2,2779875,1,5,7,9,15,19,21,25,26,37,44,46,47,48,52,56,64,66,68,69
,13:00,2,6715983,7,11,12,13,14,15,16,24,35,43,46,50,51,53,55,57,58,59,65,70
,13:00,2,1477792,2,6,8,18,24,26,29,31,34,36,41,46,51,52,57,58,62,65,67,70
,13:00,2,0257894,1,3,5,6,9,14,16,17,20,24,26,27,29,31,40,41,50,51,66,68
,13:00,2,4413025,7,10,12,15,20,26,30,36,37,39,41,44,45,50,53,61,62,66,69,70
,13:00,2,7898327,4,5,7,9,10,12,15,16,20,24,26,34,35,40,41,46,48,49,58,62
,13:00,5,1976750,9,10,18,19,22,25,35,37,39,40,45,48,50,54,60,62,63,64,68,70
,13:00,2,9982338,2,5,6,10,12,19,22,23,31,32,35,39,52,53,57,61,63,65,68,69
,13:00,2,7078691,1,4,5,10,14,15,16,19,31,34,35,41,42,45,51,54,58,63,66,67
,13:00,2,2113038,6,11,12,16,22,23,25,31,39,41,42,47,53,54,57,61,63,65,67,70
,13:00,2,9879814,1,7,9,10,11,14,15,19,25,34,35,36,39,41,51,52,53,56,60,66
,13:00,2,8085216,3,6,15,23,27,35,38,39,42,45,47,48,54,55,56,57,60,64,67,68
,13:00,3,6795851,1,7,8,10,12,13,17,21,28,32,37,38,49,51,53,55,58,59,61,64
,13:00,2,3779722,2,7,10,13,16,17,18,19,23,28,30,38,40,44,47,52,63,66,68,70
,13:00,2,7213420,9,13,14,18,19,21,27,32,33,42,44,48,50,55,56,57,60,63,68,69
,13:00,2,0393194,1,2,5,6,8,13,18,20,24,31,32,39,45,47,58,64,65,67,69,70
,13:00,2,5928850,2,8,17,18,19,20,21,26,45,46,50,51,52,55,57,59,60,62,66,69
,13:00,3,5744915,2,8,11,12,15,16,29,33,35,36,39,50,51,55,59,60,61,64,66,70
,13:00,2,9670933,1,8,10,11,15,16,17,19,36,37,38,42,45,48,49,57,60,64,66,70
,13:00,2,6511852,3,10,13,14,19,25,29,30,31,32,35,37,42,49,51,52,54,56,59,65
,13:00,2,3462703,1,6,7,9,10,15,17,18,23,24,28,30,33,42,48,50,53,57,67,68
,13:00,2,3277825,9,10,16,25,32,34,40,45,47,48,51,52,53,55,58,60,63,66,68,69
,13:00,2,6448067,1,4,8,15,16,22,23,29,32,36,43,51,52,55,59,61,65,68,69,70
,13:00,3,2421686,1,5,7,9,13,15,17,18,31,40,43,45,47,49,50,51,55,56,66,70
,13:00,2,4457610,7,10,12,14,16,17,19,24,25,28,30,31,33,35,38,42,44,50,62,67
,13:00,2,8826192,2,7,10,14,15,16,17,18,19,22,26,33,34,38,43,48,50,62,64,67
,13:00,3,8753589,7,9,13,14,20,22,23,31,33,36,37,45,48,52,53,55,58,59,64,67
,13:00,3,4756666,4,9,10,12,13,18,27,31,32,36,41,47,51,52,56,58,60,64,66,69
,13:00,3,9931504,2,4,6,12,16,21,24,26,27,34,41,44,51,52,53,59,61,65,67,70
,13:00,5,2821959,2,6,12,14,20,21,26,27,31,34,36,37,38,46,47,55,59,61,63,68
,13:00,2,3877385,1,2,7,17,20,22,28,33,37,44,45,48,50,51,56,60,62,66,67,69
,13:00,3,6833639,1,3,4,5,10,23,25,33,34,36,37,44,48,49,51,52,53,54,62,70
,13:00,2,1688785,1,3,9,14,17,30,39,40,41,44,46,49,51,53,54,55,60,61,67,70
,13:00,2,3537539,4,5,10,12,18,20,21,22,34,38,40,42,45,47,48,51,58,60,67,70
,13:00,3,0577133,4,11,14,20,23,29,31,33,37,40,41,46,47,53,54,55,60,64,65,67
,13:00,2,6224460,2,12,17,18,19,20,22,23,25,29,32,36,40,44,46,51,54,57,61,69
,13:00,2,4100173,1,9,11,13,14,20,23,24,28,29,35,37,38,41,43,55,56,63,65,69
,13:00,2,4387983,2,3,4,9,11,13,17,19,22,26,36,37,46,50,51,53,56,63,65,67
,13:00,3,5521496,7,11,16,19,23,26,28,31,35,38,39,45,46,47,48,51,58,61,62,66
,13:00,2,6835900,9,10,12,13,15,17,19,21,28,32,37,41,43,53,54,56,60,61,68,70
,13:00,5,7346342,4,6,12,16,18,19,20,21,29,31,34,37,39,40,46,49,56,59,63,67
,13:00,2,0260685,9,12,13,14,16,18,20,22,25,28,31,32,39,45,49,57,60,66,68,69
,13:00,3,8905974,2,7,9,15,22,23,25,26,27,34,35,40,43,49,52,53,59,63,65,67
,13:00,3,3619857,1,4,10,13,14,17,19,20,23,24,30,33,37,44,45,46,47,51,58,66
,13:00,2,5651621,1,3,4,7,11,13,14,20,28,29,35,38,40,48,50,54,57,58,65,69
,13:00,2,7682045,5,11,14,16,17,20,21,23,24,25,29,30,37,41,43,46,48,49,56,66
,13:00,2,8577161,6,8,10,16,18,29,32,33,34,36,37,42,45,46,47,58,60,61,67,70
,13:00,2,0703018,2,8,11,12,14,21,22,23,31,34,39,40,41,42,44,46,52,56,57,60
,13:00,3,5847023,2,5,15,24,26,28,34,38,39,41,43,46,47,48,49,51,52,53,54,65
,13:00,3,9021569,1,5,7,11,20,22,24,30,31,33,34,43,44,48,51,56,60,61,62,68
,13:00,2,7208314,2,7,8,10,12,18,19,23,28,33,36,44,45,49,50,57,60,64,66,67
,13:00,2,2220847,4,17,20,25,26,31,32,33,34,36,37,45,47,49,53,58,59,63,65,67
,13:00,3,2867939,6,8,12,13,15,25,27,29,31,48,49,50,51,52,56,57,59,64,65,69
,13:00,2,5059841,5,6,9,13,20,21,23,24,28,32,33,40,42,43,44,50,53,58,61,63
,13:00,3,2829847,2,4,12,13,15,18,19,33,38,40,44,50,54,55,57,58,60,61,64,65
,13:00,2,0610123,5,9,11,12,20,21,22,27,31,37,41,47,48,50,52,53,55,61,62,69
,13:00,2,2415509,6,7,12,17,20,21,23,32,35,37,39,47,48,50,56,57,62,65,66,68
,13:00,3,8176343,1,2,7,9,11,17,18,27,28,33,43,46,50,51,55,62,63,64,66,70
,13:00,2,0093915,3,4,8,9,21,25,29,32,36,37,39,42,43,46,50,51,53,57,63,66
,13:00,3,2939458,1,5,6,16,18,19,25,26,37,39,42,45,46,47,49,51,57,60,62,64
,13:00,3,1498328,3,6,7,11,12,13,16,18,21,23,29,32,35,36,49,50,59,64,65,69
,13:00,3,6003767,1,4,5,8,14,16,19,20,31,32,34,36,42,44,47,49,53,54,61,70
,13:00,2,5058534,1,2,4,5,7,8,10,11,13,34,37,38,40,41,44,45,46,55,60,70
,13:00,2,3033016,4,5,8,11,14,17,18,24,28,34,35,38,43,47,54,55,59,60,64,69
,13:00,3,7131328,2,5,7,8,11,14,15,16,32,36,40,45,47,50,54,55,57,61,63,66
,13:00,2,7254399,4,5,6,10,12,13,16,17,18,23,25,27,28,30,32,33,38,52,57,60
,13:00,2,6301201,3,8,9,10,17,21,26,32,35,43,44,46,48,57,60,62,66,68,69,70
,13:00,2,7866360,1,2,3,4,7,9,12,14,18,35,36,43,45,48,51,59,60,61,64,67
,13:00,2,3740780,1,2,4,6,7,9,12,13,17,22,28,29,32,42,43,47,48,52,53,68
,13:00,2,5560949,4,7,9,11,16,17,19,22,24,28,30,37,39,40,45,48,56,63,67,68
,13:00,5,4865494,6,8,13,18,20,26,27,28,31,34,37,39,41,43,45,53,57,59,65,70
,13:00,3,0474515,1,4,7,10,11,13,14,15,18,19,20,24,36,42,45,47,55,59,62,69
,13:00,5,5912550,1,3,7,18,19,23,32,36,38,39,40,47,50,56,59,61,62,63,67,69
,13:00,2,1060209,1,6,7,9,22,30,31,34,35,36,37,45,50,58,60,62,65,66,67,70
,13:00,2,5204008,5,7,9,14,15,16,18,20,22,27,31,32,34,41,42,51,52,57,59,63
,13:00,2,8605524,3,6,11,12,18,32,34,38,42,43,44,45,47,51,60,62,64,66,67,69
,13:00,3,2190423,11,14,15,18,22,24,26,32,43,44,47,48,49,50,53,55,58,61,62,70
,13:00,2,7958699,3,5,6,9,23,25,27,30,32,36,38,39,42,43,46,48,53,58,64,65
,13:00,2,4516840,7,10,11,15,16,19,20,21,24,31,33,34,37,39,43,52,56,58,62,67
,13:00,2,7372305,7,10,12,15,16,21,26,27,38,40,41,43,49,50,52,53,56,62,67,68
,13:00,2,2779716,1,2,7,12,14,15,18,21,25,27,28,38,39,43,46,49,58,60,62,69
,13:00,2,4798868,5,8,12,14,19,22,26,31,33,34,36,42,47,49,51,52,53,61,62,67
,13:00,3,1770495,7,8,10,11,14,15,17,24,25,28,37,38,51,56,61,62,64,68,69,70
,13:00,2,3856633,1,7,9,10,13,23,28,29,30,33,40,41,45,50,53,54,58,60,61,69
,13:00,5,1582850,2,6,11,12,13,14,27,31,32,33,36,39,40,42,50,52,62,66,67,70
,13:00,2,6688011,3,6,10,12,13,15,16,20,22,24,25,26,28,29,32,44,49,58,60,70
,13:00,2,7891955,1,4,11,15,17,21,22,25,30,31,32,36,37,40,45,48,51,53,56,62
,13:00,3,4980318,1,3,7,10,11,13,15,30,31,36,38,41,46,48,49,51,56,61,66,68
,13:00,2,1172366,5,8,10,12,14,15,21,23,24,27,42,47,48,50,53,54,56,57,58,62
,13:00,2,6311096,1,10,11,13,15,16,25,29,34,38,39,41,42,43,45,51,52,54,57,59
,13:00,2,3814166,2,8,9,14,20,25,29,35,39,42,43,44,45,49,53,54,57,60,67,68
,13:00,5,8624224,3,7,11,12,20,26,31,32,36,37,39,46,49,50,56,64,65,66,67,70
,13:00,3,1316110,1,2,7,10,16,18,19,20,21,26,28,32,40,42,48,56,57,61,64,69
,13:00,5,1503850,6,16,19,21,28,29,30,32,33,35,40,41,43,48,51,54,55,57,58,68
,13:00,2,4661731,4,14,15,18,19,21,25,26,27,35,36,37,42,43,48,50,54,60,62,67
,13:00,3,3282228,1,2,6,7,20,23,27,31,32,37,39,43,45,49,51,58,59,61,66,69
,13:00,3,6474236,9,10,13,17,20,21,29,33,35,36,37,38,47,50,51,56,58,60,62,63
,13:00,2,6683254,6,7,9,11,13,15,18,24,25,26,38,40,50,54,58,59,60,63,65,69
,13:00,2,9124532,4,7,8,11,21,23,28,30,32,39,41,45,47,51,56,57,60,63,64,70
,13:00,2,4099168,2,5,10,11,12,20,21,23,24,29,35,37,41,42,45,46,55,56,65,66
,13:00,2,4154009,2,3,8,16,21,22,27,33,36,38,44,48,54,60,64,65,67,68,69,70
,13:00,2,5338920,1,3,8,13,15,16,17,19,20,24,25,28,30,31,37,40,47,56,63,65
,13:00,2,2235400,2,4,5,8,14,20,23,31,32,36,37,41,43,46,51,57,60,62,63,67
,13:00,2,8926395,1,8,11,13,14,21,25,29,30,33,37,47,51,54,59,60,65,66,67,69
,13:00,2,4872738,3,4,7,9,16,18,21,22,23,41,43,44,49,54,56,57,58,60,64,69
,13:00,3,1195470,1,3,8,11,17,18,19,27,29,35,36,44,45,52,54,58,59,63,67,69
,13:00,3,5820982,2,5,12,14,18,21,25,26,27,29,32,34,38,39,52,53,56,57,60,64
,13:00,2,7758356,2,4,5,10,14,15,18,21,22,29,30,49,51,55,56,58,60,62,64,68
,13:00,2,0252248,6,18,19,23,26,27,28,30,40,46,47,52,54,56,61,64,65,66,67,70
,13:00,2,6269122,1,3,4,5,6,10,13,16,18,28,30,32,35,37,40,41,54,55,62,66
,13:00,5,1925722,5,11,20,22,24,25,29,31,34,36,37,38,40,44,49,51,56,62,63,66
,13:00,3,0623391,2,7,10,11,17,19,20,23,27,28,32,43,48,51,52,57,59,60,65,66
,13:00,3,1237072,2,4,10,12,14,19,21,29,31,39,42,44,50,54,55,56,60,64,67,68
,13:00,2,6432074,1,8,10,22,25,30,32,35,36,45,49,50,53,54,55,56,63,64,65,70
,13:00,2,9378848,1,2,4,11,13,14,23,24,25,29,36,37,39,48,51,53,55,62,63,68
,13:00,3,0066562,10,12,19,21,22,24,29,30,31,38,43,46,48,49,52,55,56,59,65,70
,13:00,2,0534322,2,3,9,14,15,21,22,26,27,30,33,34,39,47,50,52,55,60,63,70
,13:00,3,6407003,6,9,15,20,22,31,35,36,38,40,42,43,50,51,52,56,59,64,68,70
,13:00,2,3324330,2,3,7,8,10,11,26,29,33,38,41,43,44,47,52,53,54,55,56,63
,13:00,2,8355204,2,9,10,11,18,22,26,31,32,39,40,44,46,54,55,56,57,60,62,65
,13:00,2,4481228,3,7,13,29,30,33,35,36,41,42,44,47,49,50,52,53,55,61,66,69
,13:00,3,5394638,1,6,8,9,10,11,14,16,24,27,29,30,31,32,38,51,56,61,65,66
,13:00,2,1 681 534,1,3,5,8,12,17,19,21,25,26,34,35,39,47,48,55,62,66,68,70
,13:00,3,1 539 033,6,7,10,11,14,20,22,24,26,30,33,35,38,40,48,54,58,62,66,70
,13:00,3,0 818 681,5,7,10,12,28,29,31,35,36,37,39,40,42,49,54,56,58,67,68,70
,13:00,3,3 717 648,3,4,8,11,21,22,24,26,28,31,33,37,45,46,50,51,52,59,64,68
,13:00,2,9 725 711,4,7,10,12,17,20,23,25,33,34,35,37,41,42,44,46,51,53,59,69
,13:00,3,5 277 761,6,8,11,13,16,18,27,28,30,32,35,42,46,47,49,51,52,62,63,67
,13:00,2,1 366 427,3,6,8,10,11,16,22,23,26,27,29,37,40,44,48,49,57,66,69,70
,13:00,2,8 622 948,3,4,11,17,21,27,28,29,30,31,35,36,38,42,43,49,56,58,66,68
,13:00,2,3 250 313,16,18,26,29,30,32,35,38,39,42,47,50,52,55,57,59,61,63,68,69
,13:00,2,7 033 701,2,12,14,17,18,19,26,34,37,38,41,42,54,57,58,59,60,62,69,70
,13:00,2,7 240 149,3,7,14,19,20,25,26,27,28,29,37,39,41,43,52,55,56,65,68,70
,13:00,3,inconnu,3,4,10,14,15,17,18,22,24,28,33,47,48,49,51,54,56,61,63,64
,13:00,2,inconnu,3,6,11,13,14,16,27,32,33,35,36,40,43,44,45,53,60,62,65,67
,13:00,2,9 629 063,4,5,6,12,14,24,27,28,31,37,39,46,50,54,55,56,62,63,68,70
,13:00,3,1 067 076,1,5,8,10,14,15,17,22,23,25,26,27,35,40,45,52,54,63,65,70
,13:00,2,8 901 970,4,7,8,12,14,16,19,21,24,25,32,37,50,51,55,57,59,60,64,69
,13:00,3,2 129 939,2,3,7,18,27,28,29,31,32,33,40,51,53,54,57,58,62,66,68,70
,13:00,2,inconnu,3,7,8,9,10,12,13,15,18,22,23,26,34,38,50,53,60,62,63,70
,13:00,2,0 462 656,2,5,11,14,20,25,30,35,39,43,44,45,50,51,54,55,58,64,65,67
,13:00,3,9 072 385,4,6,11,25,29,30,33,34,37,38,40,41,44,46,50,58,59,63,65,68
,13:00,2,1 479 658,3,4,7,19,21,23,30,31,33,40,43,46,50,55,59,60,63,66,67,68
,13:00,2,4 886 375,9,11,17,22,23,25,29,31,32,35,38,41,44,51,53,56,57,60,64,65
,13:00,3,5 538 098,5,9,10,14,17,18,19,22,24,34,39,42,47,49,57,62,63,65,66,67
,13:00,2,6 450 886,2,4,5,12,18,23,24,31,32,34,36,40,45,47,48,49,50,60,65,70
,13:00,3,5 235 688,1,5,6,10,12,20,24,27,32,36,38,46,50,55,57,60,61,63,69,70
,13:00,3,6 958 546,1,2,11,16,18,19,20,25,29,33,36,37,45,49,52,54,58,65,66,68
,13:00,2,0 315 873,5,9,14,18,21,23,25,26,28,29,33,35,36,40,45,51,53,54,59,61
,13:00,2,0 819 957,1,2,3,4,5,6,13,26,30,33,34,35,39,40,44,48,49,61,63,64
,13:00,2,3 299 256,2,6,11,13,15,20,23,25,28,29,32,36,37,39,40,51,58,64,67,68
,13:00,3,9 610 977,2,4,5,6,8,11,12,14,19,20,21,29,33,35,41,42,43,46,48,63
,13:00,2,inconnu,1,16,18,26,27,28,32,33,34,36,38,40,42,47,51,56,57,60,65,68
,13:00,2,1 228 194,2,3,10,11,14,18,21,24,25,26,35,38,39,41,42,49,61,62,63,65
,13:00,3,inconnu,3,5,8,15,16,18,19,21,26,31,43,50,53,55,56,57,58,62,66,67
,13:00,2,1 116 069,2,4,6,15,16,20,21,23,24,25,26,27,29,33,37,39,42,47,51,63
,13:00,2,1 401 891,1,8,9,15,21,26,28,39,43,44,49,53,56,58,63,64,65,66,68,69
,13:00,2,0 750 414,4,6,8,9,11,22,26,28,29,30,34,39,42,46,47,60,61,65,67,68
,13:00,3,6 334 474,3,5,12,13,16,17,18,19,25,29,34,38,48,50,51,61,62,64,65,67
,13:00,2,6 217 219,1,6,18,22,23,27,28,31,33,34,36,38,39,42,44,49,51,58,65,70
,13:00,5,5 837 540,1,2,7,13,16,21,22,24,26,35,36,41,42,43,45,49,51,54,63,65
,13:00,2,9 753 382,1,6,14,15,18,20,23,25,34,36,38,39,40,48,49,50,59,60,65,68
,13:00,2,6 830 133,3,4,5,7,14,18,21,24,28,29,30,33,43,46,47,50,59,64,66,70
,13:00,3,1 099 562,1,7,11,17,19,20,22,27,32,36,38,43,44,53,55,56,59,61,64,69
,13:00,2,8 969 152,3,6,9,16,22,27,31,33,37,38,43,44,52,55,59,60,61,66,68,69
,13:00,2,2 631 777,2,7,8,10,15,16,19,21,22,27,29,32,34,35,46,48,57,59,61,69
,13:00,2,7 576 006,5,11,13,17,18,21,25,26,29,36,39,41,44,47,50,57,58,59,60,62
,13:00,2,0 318 118,3,4,7,11,13,18,23,27,31,34,43,47,50,51,57,60,62,63,69,70
,13:00,2,2 502 663,3,7,11,13,14,15,18,20,21,24,25,27,32,34,35,36,45,62,63,65
,13:00,3,4 052 072,1,9,11,13,14,17,27,31,40,41,42,44,47,51,52,58,59,60,62,68
,13:00,2,0 819 571,8,9,10,15,16,23,26,30,31,42,44,45,46,53,54,61,62,65,66,70
,13:00,2,1 623 776,3,5,9,11,15,18,25,26,33,40,48,50,51,56,57,60,61,65,66,68
,13:00,5,0 336 940,2,8,9,11,13,16,17,29,36,48,49,51,52,53,54,55,57,61,65,68
,13:00,3,8 959 615,1,2,3,5,19,24,25,27,34,36,42,49,52,55,58,64,65,66,67,69
,13:00,3,9 904 521,2,8,9,10,18,22,24,25,26,27,32,36,37,42,45,47,62,63,68,69
,13:00,2,5 771 350,2,3,9,15,17,20,25,27,28,34,35,36,38,40,44,45,48,54,59,63
,13:00,2,7 627 660,4,5,6,9,12,14,23,24,25,27,29,30,40,41,46,47,48,51,56,57
,13:00,2,5 649 432,2,7,9,10,11,14,17,27,28,39,43,44,45,50,51,53,57,58,66,69
,13:00,2,0 492 072,2,3,5,13,16,21,22,25,30,37,38,40,42,43,50,55,56,58,66,68
,13:00,2,8 111 180,1,4,7,9,17,18,19,24,26,44,45,49,52,54,55,57,58,59,64,67
,13:00,2,3 795 311,2,4,8,10,13,20,21,26,27,35,38,43,45,47,50,57,58,65,66,67
,13:00,2,6 611 829,2,3,5,6,8,9,11,16,17,20,21,22,26,30,31,32,43,49,66,67
,13:00,3,5 358 798,3,5,12,13,14,15,16,17,19,22,30,37,44,46,50,52,54,56,57,64
,13:00,3,4 379 403,6,9,15,17,23,26,27,30,31,39,44,49,50,51,56,57,64,66,68,70
,13:00,2,7 686 850,7,8,9,16,27,29,30,34,39,42,44,46,47,50,53,54,55,60,61,69
,13:00,2,8 916 163,1,8,12,16,18,20,27,28,35,36,37,38,42,50,52,54,55,57,59,62
,13:00,5,inconnu,2,3,7,12,13,15,17,18,21,31,33,50,51,53,58,59,63,67,68,70
,13:00,2,0 791 326,1,2,3,4,9,11,13,19,27,33,34,36,37,42,43,48,51,52,62,67
,13:00,2,inconnu,8,12,14,17,18,19,25,30,34,35,37,38,46,49,50,56,59,64,65,68
,13:00,3,6 899 696,1,7,9,11,21,22,28,29,30,32,34,39,43,47,56,57,58,61,62,65
,13:00,2,9 827 527,7,11,18,23,24,25,26,29,30,32,37,41,42,44,52,58,59,63,68,70
,13:00,3,6 754 569,3,4,6,7,13,18,19,21,27,31,35,38,49,55,57,58,59,61,69,70
,13:00,2,2 448 644,5,13,14,25,26,37,39,41,42,47,49,52,56,57,59,60,62,63,65,66
,13:00,2,7 793 284,3,5,7,13,15,16,18,19,21,26,28,36,40,41,43,50,52,60,62,67
,13:00,2,inconnu,2,7,8,9,14,17,21,22,24,25,31,37,40,44,48,49,52,59,60,61
,13:00,3,5 362 139,6,7,9,14,15,24,28,32,34,35,49,50,51,52,55,59,61,64,66,67
,13:00,3,4 628 122,1,3,5,6,7,9,17,23,27,34,35,40,41,44,49,57,61,63,65,66
,13:00,2,3 205 783,2,9,11,16,22,31,34,35,36,37,44,47,48,51,57,59,60,62,65,70
,13:00,3,5 800 382,2,4,5,6,9,12,14,22,25,29,31,32,33,34,40,42,49,52,60,64
,13:00,2,2 931 527,4,9,16,29,31,32,33,35,38,41,42,52,55,57,58,59,62,63,64,70
,13:00,2,8 902 258,1,2,5,12,13,15,24,29,31,36,38,39,41,43,47,51,57,59,65,69
,13:00,3,2 340 211,5,7,8,13,15,20,36,40,41,43,45,49,50,53,55,59,63,65,66,70
,13:00,3,9 305 971,4,8,13,17,21,25,26,28,35,41,42,44,46,47,49,50,51,61,65,70
,13:00,2,4 575 512,10,11,16,18,20,21,23,27,33,35,36,37,39,40,43,50,53,57,58,68
,13:00,2,7 196 936,6,9,13,17,18,20,21,23,30,32,34,38,39,40,46,52,54,57,61,64
,13:00,2,9 437 137,2,4,8,12,17,20,21,25,28,29,33,39,46,47,48,50,55,63,65,69
,13:00,3,9 368 163,1,3,9,14,16,21,22,24,25,28,30,43,45,47,51,56,60,68,69,70
,13:00,2,6 433 624,4,9,11,17,21,22,25,29,32,33,34,39,42,45,46,53,56,64,67,69
,13:00,2,3 415 158,2,6,10,14,17,19,21,26,34,35,41,43,48,50,53,56,67,68,69,70
,13:00,2,3 962 946,5,6,7,8,16,20,24,26,27,30,36,37,39,42,43,47,54,55,56,69
,13:00,2,inconnu,5,6,12,14,16,18,21,28,30,31,36,39,41,43,45,47,49,50,62,69
,13:00,2,1 327 639,7,10,13,16,17,19,27,28,30,32,34,42,47,50,52,58,66,68,69,70
,13:00,5,5 686 511,7,9,11,15,18,20,22,24,25,26,28,29,38,45,46,48,49,54,57,58
,13:00,3,9 638 270,1,2,5,6,14,21,26,31,34,40,41,45,47,54,55,60,61,63,66,69
,13:00,2,1 886 728,2,4,6,10,13,14,15,16,18,19,26,30,31,32,41,45,57,59,61,69
,13:00,3,3 561 251,1,4,7,8,14,21,22,30,31,38,43,50,51,53,59,62,63,64,67,69
,13:00,2,2 348 687,9,10,14,17,18,20,22,25,30,40,41,43,44,49,50,53,54,57,58,67
,13:00,2,6 019 175,5,9,17,19,20,23,25,27,30,32,35,37,42,45,51,52,58,60,63,68
,13:00,2,3 969 756,9,14,15,20,30,34,43,45,46,47,49,51,52,56,58,62,65,66,67,70
,13:00,2,0 806 076,1,13,16,19,23,25,28,38,40,42,43,48,50,51,53,54,57,60,65,70
,13:00,3,7 434 376,2,3,5,9,14,20,23,24,29,30,34,36,39,45,47,55,57,62,64,67
,13:00,3,5 073 609,1,3,6,7,9,12,17,18,21,23,28,31,42,44,50,56,60,61,64,66
,13:00,2,7 345 420,2,3,15,19,20,21,24,35,37,42,45,49,51,54,61,62,66,68,69,70
,13:00,3,1 400 964,1,12,15,16,17,20,25,28,32,40,42,47,51,56,59,60,62,65,66,70
,13:00,3,1 273 454,10,13,16,17,19,24,26,28,30,33,40,42,43,45,49,50,54,55,65,69
,13:00,2,inconnu,9,10,12,14,17,19,26,30,32,34,35,38,39,47,49,57,60,63,64,67
,13:00,3,6 986 409,5,10,11,14,15,18,22,24,27,29,30,31,35,36,40,43,47,49,54,61
,13:00,2,inconnu,1,2,3,8,10,11,13,15,16,17,24,28,31,34,40,53,56,58,60,68
,13:00,2,0 234 521,1,9,12,16,18,19,25,26,27,28,29,35,37,38,49,53,56,58,62,64
,13:00,5,7 402 727,2,4,5,10,11,16,20,21,22,23,24,33,43,45,47,52,62,65,66,67
,13:00,5,inconnu,3,13,16,17,19,20,21,23,29,32,37,41,42,43,44,59,64,65,69,70
,13:00,2,inconnu,2,13,14,17,18,20,22,28,33,38,40,44,46,47,51,53,59,61,63,70
,13:00,5,2 678 705,9,10,12,16,17,20,29,35,44,48,49,50,51,52,53,55,57,62,65,69
,13:00,2,inconnu,2,7,15,19,21,26,27,28,41,45,46,48,52,54,58,59,61,62,63,68
,13:00,2,8 131 086,10,11,14,15,17,18,21,22,27,29,47,49,54,56,59,62,63,64,69,70
,13:00,2,1 114 971,5,6,11,14,16,19,23,26,42,45,46,49,50,53,54,57,58,61,67,68
,13:00,2,9 299 923,1,2,11,14,17,20,22,24,29,33,35,36,42,49,52,53,57,59,64,70
,13:00,2,7 399 144,6,8,9,13,15,18,22,23,26,29,32,33,39,46,50,52,57,66,67,69
,13:00,2,6 088 749,6,9,13,14,15,19,26,27,28,29,32,35,44,46,49,51,52,54,65,70
,13:00,2,5 354 380,4,7,11,13,19,22,23,27,28,34,37,39,40,41,42,46,47,52,57,64
,13:00,2,4 837 903,1,3,6,9,10,19,24,27,34,35,36,45,52,54,59,61,64,65,68,70
,13:00,2,9 249 895,12,19,21,23,27,28,31,32,33,34,35,37,38,39,50,57,58,65,68,69
,13:00,1,6 451 303,1,3,6,9,25,27,28,37,42,44,46,47,50,51,52,53,57,66,68,69
,13:00,1,1 762 321,1,5,7,9,12,15,20,22,23,24,25,29,30,36,38,46,47,51,53,57
,13:00,3,1 580 354,3,4,6,9,10,12,14,17,19,21,25,32,35,48,49,56,59,61,64,70
,13:00,2,2 325 552,2,6,7,13,22,31,34,38,39,40,43,44,51,52,53,54,56,58,64,70
,13:00,2,9 586 789,2,8,12,16,20,21,23,25,27,31,37,50,52,54,59,60,61,63,65,66
,13:00,2,inconnu,3,6,8,12,16,17,21,27,30,38,43,46,48,52,53,55,57,62,67,69
,13:00,2,5 326 961,2,3,4,7,12,16,22,25,27,33,38,42,43,45,48,50,58,61,64,67
,13:00,3,4 311 001,1,2,6,11,12,15,18,19,23,25,38,39,44,50,52,53,57,65,66,69
,13:00,2,4 304 457,1,2,3,7,9,13,19,20,23,28,30,35,38,39,52,53,54,58,63,68
,13:00,2,1 777 614,2,4,8,19,21,25,33,35,39,40,43,48,49,52,54,55,59,61,62,63
,13:00,2,4 106 604,1,8,12,13,14,17,18,26,27,32,36,37,39,41,42,44,50,53,63,66
,13:00,2,5 316 939,4,6,10,15,22,30,32,33,35,39,41,44,49,51,53,59,60,63,65,67
,13:00,2,2 661 369,1,4,9,12,16,25,27,29,30,31,36,37,45,50,51,53,54,64,65,69
,13:00,2,3 699 228,1,10,14,15,19,21,22,23,27,28,29,30,44,48,52,55,56,59,61,70
,13:00,5,3 156 171,9,13,21,22,25,26,29,32,35,37,39,40,44,47,55,56,59,63,65,67
,13:00,2,0 226 189,3,12,13,17,22,27,30,31,34,35,36,41,48,49,57,58,60,61,62,63
,13:00,2,8 099 117,1,2,11,17,18,22,23,24,29,34,35,40,42,44,46,49,55,59,60,68
,13:00,2,1 080 555,4,10,12,20,24,25,26,28,29,30,34,37,38,39,50,53,55,60,62,67
,13:00,3,4 827 414,7,8,12,17,18,20,21,30,38,39,41,47,49,50,51,57,60,63,65,69
,13:00,2,8 308 498,2,3,8,11,13,19,24,26,34,36,44,51,52,54,55,60,61,63,66,68
,13:00,2,6 302 191,2,5,7,20,21,22,25,31,38,45,47,49,56,59,61,62,65,66,68,70
,13:00,2,0 785 998,1,2,3,14,16,18,19,27,32,33,38,40,42,43,46,52,63,64,69,70
,13:00,5,inconnu,5,12,14,19,24,31,34,37,39,41,44,49,51,52,53,54,55,60,67,68
,13:00,2,9 513 996,7,8,9,11,12,16,20,22,27,29,31,38,40,41,43,51,57,61,67,68
,13:00,2,3 800 639,2,12,13,21,25,27,28,29,30,31,33,38,46,50,52,56,58,65,66,69
,13:00,2,3 236 707,1,7,10,12,23,25,26,27,29,39,42,43,48,49,50,51,55,58,62,68
,13:00,2,9 552 093,17,21,24,26,27,30,38,39,41,42,43,45,49,50,54,55,60,66,68,70
,13:00,3,inconnu,5,7,10,18,19,25,32,34,38,41,43,46,47,48,51,53,57,61,62,68
,13:00,2,1 783 514,4,6,10,24,25,26,28,31,39,42,45,47,48,51,53,61,64,66,67,68
,13:00,3,0 653 845,1,5,8,14,16,17,18,25,30,36,39,41,45,47,58,61,63,67,69,70
,13:00,3,5 773 830,1,3,6,11,14,16,19,29,31,32,33,39,40,45,49,52,55,59,61,69
,13:00,2,2 358 081,1,2,5,7,11,12,16,26,28,36,46,48,49,58,62,63,64,65,67,70
,13:00,2,3 916 433,8,17,18,22,23,25,31,32,33,34,35,36,37,43,47,48,52,54,64,65
,13:00,3,1 084 221,3,5,6,9,11,17,18,20,26,27,28,31,32,36,55,57,59,65,67,69
,13:00,2,4 794 851,1,6,7,15,19,20,22,26,30,33,34,35,37,44,45,47,49,61,62,64
,13:00,2,1 053 987,8,16,17,19,22,23,25,30,31,40,45,46,50,52,55,56,58,60,62,63
,13:00,3,inconnu,1,3,7,10,12,13,15,19,26,31,36,42,44,46,49,53,56,57,62,70
,13:00,2,6 703 978,1,3,5,14,20,31,34,35,43,44,46,47,48,49,52,54,55,62,64,66
,13:00,2,8 255 854,1,14,22,23,25,28,31,34,36,37,40,41,54,56,58,60,64,66,68,69
,13:00,2,1 156 765,4,5,7,13,17,24,26,30,32,35,36,37,38,47,50,53,54,60,63,70
,13:00,5,2 756 270,4,5,8,10,11,19,20,21,33,38,41,43,47,52,53,54,56,57,62,70
,13:00,3,5 779 046,2,9,10,14,21,38,39,41,42,44,45,46,49,50,52,55,59,65,66,67
,13:00,2,inconnu,10,11,13,17,20,22,23,25,27,35,37,38,47,48,54,56,59,61,69,70
,13:00,2,0 313 015,1,3,6,8,16,19,24,25,26,27,39,45,46,47,48,49,52,58,63,69
,13:00,2,6 510 350,4,8,11,13,19,20,22,25,34,37,39,41,47,48,50,55,56,58,64,69
,13:00,2,8 525 476,2,6,9,11,14,15,17,19,22,30,36,37,41,45,46,48,55,56,60,67
,13:00,3,8 157 350,1,8,9,11,14,20,23,30,32,33,37,39,40,43,52,53,61,63,65,70
,13:00,2,4 120 274,4,9,12,18,25,29,31,34,37,38,39,41,43,47,49,51,55,63,68,70
,13:00,2,4 805 484,1,4,6,8,17,25,28,29,32,34,35,37,40,42,48,51,54,55,56,70
,13:00,2,2 011 623,1,2,9,13,14,16,20,22,25,28,30,32,33,35,37,48,51,54,62,70
,13:00,2,inconnu,1,7,9,13,14,19,29,30,31,32,35,37,41,44,51,53,54,58,62,67
,13:00,2,5 805 952,1,5,15,23,25,27,29,33,35,36,37,38,44,49,50,51,58,60,64,69
,13:00,3,2 476 687,3,5,8,13,15,23,26,27,35,36,42,43,44,45,48,52,58,61,64,66
,13:00,2,1 046 985,1,6,13,16,17,23,24,25,33,35,40,42,44,50,53,56,57,59,64,69
,13:00,2,8 802 136,5,12,19,21,23,26,29,33,36,38,39,42,44,45,46,49,58,62,67,69
,13:00,2,2 063 988,5,13,16,22,23,26,27,28,30,31,33,37,42,44,46,47,51,62,66,67
,13:00,2,inconnu,3,4,9,15,27,29,30,31,32,43,46,51,54,55,56,59,62,65,67,68
,13:00,2,0 736 981,3,4,9,11,13,14,15,18,20,22,23,29,30,39,41,55,60,67,68,69
,13:00,2,inconnu,2,8,9,10,13,16,17,26,27,28,29,39,49,50,59,62,63,64,67,68
,13:00,5,5 218 013,2,4,10,11,12,16,18,21,22,25,31,37,39,41,53,55,56,58,69,70
,13:00,3,5 380 049,2,4,6,7,8,17,18,19,22,23,29,33,37,44,49,54,58,60,61,64
,13:00,2,0 096 313,1,7,11,15,17,19,24,26,27,29,30,31,32,41,42,43,50,54,63,64
,13:00,2,7 361 055,1,5,10,14,17,24,25,28,29,30,33,46,50,51,52,56,57,60,65,70
,13:00,2,6 858 021,1,4,15,17,21,22,33,37,42,43,45,47,50,54,55,56,60,63,65,66
,13:00,2,inconnu,1,3,6,8,14,16,19,24,25,26,28,31,36,39,46,48,56,61,62,63
,13:00,3,5 081 308,1,2,4,5,7,13,14,18,21,23,32,37,38,44,49,58,60,61,65,69
,13:00,2,inconnu,2,3,10,12,13,25,26,30,31,34,36,38,39,40,46,49,50,60,62,67
,13:00,3,2 769 761,3,8,12,15,16,17,20,30,32,35,37,38,41,44,45,47,56,60,61,67
,13:00,2,9 765 909,3,6,7,9,10,12,13,20,25,29,36,37,42,43,45,49,50,55,57,66
,13:00,2,5 402 999,10,12,16,18,24,26,27,28,31,35,36,38,39,51,54,56,58,60,61,65
,13:00,2,9 833 280,10,11,13,15,25,30,31,33,35,40,41,43,45,48,55,56,64,68,69,70
,13:00,3,5 299 293,1,2,5,13,15,17,20,21,23,28,45,47,48,51,54,57,59,61,62,65
,13:00,2,5 951 021,5,8,15,17,20,26,27,29,30,37,40,44,45,48,51,54,56,59,61,63
,13:00,2,9 819 696,10,12,15,18,19,27,29,31,34,35,40,42,43,48,49,54,61,62,63,70
,13:00,2,1 280 474,8,11,15,19,25,27,28,32,37,38,42,44,50,52,54,55,60,62,68,69
,13:00,2,2 117 064,3,14,15,18,22,23,24,27,28,30,41,45,58,59,60,62,63,66,67,69
,13:00,2,5 842 176,1,13,18,20,21,22,23,29,33,40,43,45,50,52,55,59,60,64,66,67
,13:00,2,4 385 510,3,7,8,14,17,21,26,27,29,37,39,46,48,51,52,55,56,60,63,66
,13:00,2,8 628 225,4,9,10,11,15,20,24,30,32,33,34,41,42,48,50,57,61,63,66,67
,13:00,2,5 982 057,6,7,9,13,18,23,25,26,29,30,33,34,38,46,51,52,54,58,68,69
,13:00,2,6 635 266,3,6,8,14,16,23,24,25,30,31,43,46,49,52,53,56,59,64,68,70
,13:00,2,6 735 717,2,5,9,12,17,18,21,24,28,35,36,40,41,45,46,50,57,63,64,66
,13:00,3,8 814 606,1,3,11,18,22,24,27,29,31,34,37,40,44,46,51,53,54,57,65,70
,13:00,3,8 815 099,1,6,10,11,12,17,21,27,32,33,35,39,47,50,54,56,59,65,66,67
,13:00,2,8 795 334,10,11,12,33,38,39,40,42,44,45,46,52,53,55,60,61,62,64,68,69
,13:00,2,9 566 569,1,3,5,8,12,15,18,19,20,21,22,23,26,30,47,53,56,64,67,69
,13:00,2,9 546 217,2,8,9,10,13,15,25,27,36,39,40,43,45,47,55,57,63,65,66,70
,13:00,2,9 360 854,2,4,14,15,16,17,23,24,25,26,29,34,36,51,54,55,58,65,67,70
,13:00,2,inconnu,1,4,5,7,12,13,15,20,26,29,30,32,36,38,41,43,55,59,61,70
,13:00,3,9 960 147,6,7,8,9,13,15,16,27,28,34,35,40,42,43,45,46,48,52,59,63
,13:00,3,6 909 650,2,7,14,15,16,22,28,30,33,36,40,41,45,49,50,51,56,62,63,69
,13:00,2,6 344 948,2,5,7,9,14,19,21,22,23,27,31,35,39,40,41,49,50,54,55,59
,13:00,3,3 595 682,5,7,12,21,23,24,26,32,33,35,37,38,39,44,46,52,53,62,65,70
,13:00,2,3 343 616,1,7,14,15,17,25,26,30,31,34,42,44,49,55,63,65,66,67,68,70
,13:00,2,3 361 760,1,2,7,11,17,18,19,24,26,32,38,43,44,47,49,50,54,59,60,62
,13:00,2,0 734 648,6,7,9,10,11,13,14,15,24,30,35,38,41,46,49,52,53,56,57,67
,13:00,2,5 446 653,4,15,17,19,28,29,31,32,33,38,40,41,42,47,49,53,55,56,60,62
,13:00,3,3 750 695,1,3,9,11,15,16,20,21,22,33,34,37,38,39,40,41,50,53,55,67
,13:00,2,6 618 747,1,6,10,11,15,25,27,29,30,33,37,40,43,44,51,54,60,61,67,70
,13:00,3,6 717 881,5,6,8,11,14,18,20,23,29,37,38,39,44,47,48,54,55,63,66,69
,13:00,2,0 104 670,1,3,4,6,11,20,21,25,27,31,34,35,38,40,46,47,48,52,56,62
,13:00,2,6 645 149,1,5,8,19,21,24,25,33,34,38,44,45,47,48,61,62,63,66,68,69
,13:00,2,1 161 746,2,6,7,8,15,16,18,21,28,32,34,35,44,48,52,61,64,65,67,70
,13:00,3,6 750 660,3,6,8,15,17,18,27,28,29,31,33,36,39,40,41,46,51,55,56,61
,13:00,2,0 672 660,4,5,6,9,17,18,20,21,27,28,29,31,38,49,51,59,62,63,64,67
,13:00,2,4 323 033,2,9,15,16,21,23,24,27,28,34,35,40,41,44,50,54,58,63,64,68
,13:00,2,inconnu,1,4,7,11,13,22,25,31,32,34,35,39,41,42,46,48,50,60,65,70
,13:00,3,7 757 520,6,7,10,11,13,16,20,27,31,34,38,44,51,53,58,61,62,65,66,67
,13:00,3,5 686 213,1,7,12,19,25,27,38,39,42,43,45,46,47,48,49,51,56,59,64,68
,13:00,2,7 173 624,6,10,12,13,18,22,29,35,42,47,50,51,52,54,56,60,62,63,64,65
,13:00,3,5 384 174,1,2,5,6,8,18,19,26,27,34,35,51,52,58,61,62,66,68,69,70
,13:00,2,1 293 159,2,3,7,10,22,24,25,26,30,34,39,41,42,43,46,47,53,59,64,67
,13:00,3,1 976 496,1,4,9,11,13,18,25,30,38,43,46,51,52,53,56,58,59,66,68,70
,13:00,2,4 790 086,3,6,15,20,21,22,25,26,28,30,35,38,41,53,54,55,60,61,63,70
,13:00,2,2 800 383,1,3,5,6,10,15,20,21,26,30,32,33,36,41,45,46,47,48,60,62
,13:00,3,0 483 700,11,14,18,19,23,31,32,35,37,41,42,45,46,48,51,54,59,62,63,65
,13:00,2,4 638 925,2,5,6,8,9,15,19,20,21,23,24,33,37,38,39,42,56,60,61,66
,13:00,3,0 274 633,3,4,16,19,23,27,32,38,41,47,48,54,55,56,59,62,63,65,66,70
,13:00,2,4 652 139,1,12,17,23,25,26,28,32,34,39,42,46,47,48,49,50,58,67,68,70
,13:00,2,7 314 722,1,3,4,9,10,11,17,26,28,39,42,49,52,53,56,57,60,61,64,66
,13:00,3,9 538 401,1,4,10,12,15,17,18,20,25,29,38,39,46,47,51,53,54,55,58,67
,13:00,2,2 814 492,11,12,23,25,27,29,30,31,37,38,41,44,51,54,55,58,59,62,64,69
,13:00,2,7 216 429,1,4,5,9,13,18,20,24,25,27,30,35,39,40,49,52,54,63,65,68
,13:00,2,0 244 182,1,2,9,11,13,16,20,21,22,25,26,27,29,31,38,47,48,63,67,70
,13:00,2,8 939 604,2,3,4,6,7,9,18,23,24,25,26,38,42,43,46,49,50,57,69,70
,13:00,5,9 455 304,6,8,11,14,15,16,24,25,30,34,35,36,51,58,61,62,65,68,69,70
,13:00,2,3 510 313,1,3,5,7,13,19,21,22,23,24,32,33,38,45,47,49,52,53,60,66
,13:00,2,1 457 644,4,9,17,21,22,23,29,32,36,41,43,44,45,47,54,55,57,67,69,70
,13:00,2,2 176 870,3,7,11,12,13,14,17,20,24,29,31,34,38,39,41,46,59,62,67,69
,13:00,2,7 514 029,1,2,11,12,13,15,22,26,27,35,36,37,39,40,57,60,65,68,69,70
,13:00,2,3 912 801,9,11,18,20,21,25,33,34,41,42,45,49,50,52,53,55,56,63,66,69
,13:00,3,9 265 810,2,7,11,15,22,24,25,35,37,38,39,40,41,45,52,57,62,67,68,69
,13:00,3,7 853 347,4,8,9,10,13,17,23,24,29,32,34,39,42,43,56,57,59,64,67,68
,13:00,5,5 373 880,2,5,10,11,12,14,16,18,22,24,26,27,30,36,40,41,52,57,62,64
,13:00,3,3 981 609,7,13,16,21,22,25,28,29,32,35,37,38,39,42,46,47,48,55,57,62
,13:00,2,1 044 362,3,4,5,8,12,14,23,24,27,28,31,37,39,44,49,55,59,66,69,70
,13:00,3,4 285 586,1,3,8,11,13,14,16,17,20,22,31,34,35,41,42,43,60,64,68,69
,13:00,2,2 550 276,1,7,9,18,22,25,31,36,38,39,41,42,44,53,54,56,60,61,64,65
,13:00,3,0 969 226,2,3,8,10,11,13,14,21,31,36,40,42,46,49,55,56,57,62,65,69
,13:00,3,2 257 131,4,5,8,9,10,13,18,19,25,30,33,34,37,47,51,54,58,66,67,68
,13:00,2,7 325 038,1,9,12,20,23,24,26,28,33,36,45,50,52,55,57,60,62,63,64,65
,13:00,2,8 839 323,7,8,12,13,16,27,31,32,39,41,46,47,48,55,56,61,63,64,66,70
,13:00,2,8 995 931,4,5,8,13,16,18,22,33,34,36,39,42,43,44,50,51,55,60,69,70
,13:00,2,6 205 530,1,2,6,9,10,11,14,27,28,34,35,41,44,45,46,52,55,56,64,65
,13:00,2,3 264 351,3,5,13,17,18,23,24,28,31,38,42,43,45,48,50,53,57,66,68,69
,13:00,2,5 397 597,6,12,13,17,19,21,24,25,26,29,30,41,44,50,51,52,54,55,57,70
,13:00,5,6 774 478,4,6,8,11,14,29,32,33,34,35,38,41,47,51,53,56,58,62,63,64
,13:00,2,1 503 155,3,5,6,11,14,15,19,22,26,27,34,41,43,45,51,53,56,57,68,69
,13:00,2,1 468 427,15,19,20,25,30,32,33,35,38,39,40,46,47,48,51,61,62,63,64,70
,13:00,3,2 083 933,1,2,12,14,19,20,22,24,25,30,35,44,45,47,52,55,56,57,61,67
,13:00,3,6 776 477,6,7,10,13,15,16,18,22,23,24,26,27,29,31,33,35,37,41,66,68
,13:00,2,0 519 850,5,8,10,16,18,22,28,29,31,39,40,43,44,47,55,56,58,62,65,67
,13:00,3,6 011 512,3,9,12,15,16,19,24,26,28,29,32,40,44,47,48,49,50,54,63,65
,13:00,2,3 013 204,2,8,10,11,12,13,16,17,20,25,26,28,33,42,52,56,58,63,64,69
,13:00,2,7 679 054,3,7,12,17,20,23,26,33,39,40,42,48,49,54,56,57,59,63,64,67
,13:00,2,2 937 527,5,7,8,11,14,16,17,24,27,28,31,32,33,35,40,41,42,53,59,60
,13:00,3,8 456 614,3,4,10,12,20,25,32,37,40,43,44,49,51,57,58,60,62,63,64,66
,13:00,2,1 256 649,10,12,13,14,15,16,23,24,26,28,36,40,50,52,53,57,59,64,65,68
,13:00,2,2 233 542,3,4,11,12,18,21,22,23,27,29,31,33,42,45,47,56,60,61,63,64
,13:00,2,3 336 598,3,6,9,16,17,26,29,32,33,42,46,49,50,55,56,57,58,59,60,61
,13:00,2,7 720 121,11,12,22,27,28,32,35,36,38,43,45,46,49,53,59,60,62,63,66,70
,13:00,2,7 035 078,4,5,9,11,15,18,25,27,31,32,33,45,54,57,58,60,61,63,66,69
,13:00,2,8 238 970,1,14,15,17,20,21,24,27,29,30,34,39,43,45,48,53,58,61,62,68
,13:00,2,9 560 962,1,2,6,9,13,27,31,32,36,37,38,41,42,43,47,49,50,52,56,57
,13:00,2,2 956 639,2,3,14,19,21,23,24,32,40,41,47,49,52,56,59,62,65,66,67,68
,13:00,2,inconnu,1,4,9,11,17,21,27,30,32,33,34,35,36,38,39,42,49,54,55,59
,13:00,2,inconnu,1,4,10,11,21,31,34,36,41,42,43,45,48,49,55,57,58,61,64,68
,13:00,2,7 452 291,3,11,12,13,17,21,22,23,25,26,31,35,39,43,44,51,55,59,64,66
,13:00,3,2 573 204,1,5,15,18,21,22,23,31,37,40,44,46,49,53,55,57,64,65,68,70
,13:00,5,4 440 201,1,10,15,16,18,23,27,30,33,34,35,41,51,52,54,59,61,65,66,67
,13:00,2,inconnu,4,5,6,8,13,15,16,18,22,23,27,32,34,35,40,49,50,56,58,61
,13:00,2,2 433 187,1,2,3,4,6,10,12,13,17,18,35,36,38,47,48,51,62,65,67,69
,13:00,3,inconnu,4,6,12,19,20,25,28,32,34,45,47,50,52,54,55,57,59,63,68,70
,13:00,2,6 189 220,1,9,13,14,22,23,24,25,31,33,35,43,46,51,58,59,60,68,69,70
,13:00,3,5 465 999,4,5,8,13,14,16,26,32,33,38,40,48,53,54,55,59,63,65,67,70
,13:00,2,0 536 147,2,3,15,17,19,24,26,31,35,38,40,41,42,43,45,47,50,52,60,67
,13:00,3,6 200 341,4,6,7,10,16,17,19,24,26,27,33,35,49,50,51,54,61,63,69,70
,13:00,2,1 982 865,1,12,14,16,18,22,23,35,37,38,39,41,45,46,51,55,57,62,64,69
,13:00,3,inconnu,4,6,8,9,13,18,20,24,26,30,33,42,49,52,54,56,58,64,68,69
,13:00,2,0 529 057,2,3,5,13,19,21,22,28,30,33,34,35,42,46,49,50,58,64,68,69
,13:00,2,inconnu,3,5,9,10,14,17,20,21,22,24,30,34,38,40,45,53,58,59,66,68
,13:00,2,1 377 469,2,3,6,11,13,16,17,22,23,24,29,30,34,36,40,44,45,49,60,66
,13:00,2,8 953 793,1,3,11,13,20,22,25,26,31,33,36,39,40,41,50,51,55,60,64,70
,13:00,2,1 886 226,3,5,11,14,15,16,18,28,29,35,36,39,40,42,44,50,52,59,66,70
,13:00,3,0 668 231,1,6,7,9,11,12,13,15,18,26,27,28,34,38,40,41,42,49,52,70
,13:00,3,4 320 945,1,3,7,8,13,15,16,20,22,29,32,35,45,47,52,53,55,58,61,67
,13:00,2,8 613 977,8,11,12,16,19,20,29,34,35,36,43,46,47,53,54,55,60,63,66,68
,13:00,2,6 689 487,6,11,12,13,26,29,30,32,36,38,39,41,42,45,47,48,58,59,63,69
,13:00,2,1 661 587,5,9,11,12,13,22,26,30,31,32,36,37,38,42,43,46,55,61,62,67
,13:00,3,1 634 963,2,8,19,20,21,22,23,25,34,35,39,40,60,64,65,66,67,68,69,70
,13:00,2,inconnu,3,4,6,7,8,19,21,26,27,31,42,45,48,51,52,55,61,63,68,69
,13:00,2,inconnu,4,6,7,8,16,19,21,24,26,27,34,35,45,48,49,50,51,53,54,65
,13:00,2,8 364 791,7,17,24,26,28,35,40,41,43,44,46,48,55,57,59,62,63,66,67,70
,13:00,2,6 467 578,3,9,11,15,18,20,26,29,32,35,36,43,47,48,49,53,55,63,64,67
,13:00,2,8 556 468,2,10,14,15,18,21,29,34,36,39,43,44,47,49,56,59,60,61,62,67
,13:00,2,0 314 748,7,10,16,17,20,22,24,32,37,39,43,46,52,54,55,56,58,67,69,70
,13:00,3,0 695 332,7,8,9,12,18,22,26,27,29,31,32,33,40,41,50,52,54,57,59,68
,13:00,2,4 487 261,1,3,6,7,19,22,23,24,26,28,31,40,52,54,57,59,62,65,67,68
,13:00,2,1 441 142,1,2,3,5,7,8,16,21,27,29,30,34,37,41,51,57,60,61,62,66
,13:00,2,4 043 673,4,6,10,14,17,19,26,28,29,34,36,39,43,44,45,48,50,53,55,62
,13:00,2,5 260 600,1,2,6,13,18,19,24,26,28,37,39,41,42,48,49,54,57,58,59,62
,13:00,2,6 495 057,6,11,17,20,23,26,28,29,30,42,43,44,45,47,51,59,60,62,63,67
,13:00,2,1 375 271,6,15,18,20,22,23,24,25,28,29,37,39,40,47,52,58,59,60,62,70
,13:00,5,4 985 286,1,11,13,17,18,19,25,26,27,29,33,39,52,56,59,60,61,63,64,67
,13:00,2,4 260 314,1,3,4,5,7,10,18,19,25,26,27,28,34,35,39,59,61,64,67,70
,13:00,2,8 299 660,4,9,10,16,20,24,28,30,33,37,40,44,46,49,53,58,64,66,68,69
,13:00,2,4 718 976,1,3,5,6,11,25,28,30,32,33,35,40,45,49,54,56,59,61,63,64
,13:00,3,4 770 067,5,9,10,14,16,17,19,25,35,39,41,44,46,49,53,54,55,59,60,62
,13:00,2,1 218 647,1,10,15,20,22,24,25,26,33,37,38,43,44,45,46,49,55,56,61,70
,13:00,2,4 588 740,3,5,11,12,15,16,18,19,20,29,31,33,38,41,42,45,54,56,62,67
,13:00,5,7 956 673,2,3,6,7,8,17,25,27,30,34,36,37,38,39,43,49,50,52,56,66
,13:00,2,5 974 175,5,9,12,13,14,17,18,29,30,33,36,44,45,47,50,56,62,67,68,69
,13:00,2,inconnu,2,6,14,18,19,28,30,37,41,43,44,45,50,52,54,58,63,65,67,70
,13:00,2,inconnu,2,8,9,11,14,15,20,23,26,27,32,33,41,42,49,51,58,62,64,65
,13:00,2,6 067 896,5,10,11,13,14,19,24,25,27,28,34,36,38,40,42,51,54,56,57,65
,13:00,2,8 657 436,1,4,5,6,9,10,13,17,20,23,24,26,27,33,38,53,57,58,60,61
,13:00,5,0 184 440,3,6,7,11,20,23,29,32,33,39,42,44,45,48,50,56,57,58,62,68
,13:00,2,4 737 172,3,7,9,11,15,16,17,20,33,34,39,42,47,49,50,55,57,62,69,70
,13:00,3,9 603 227,4,6,8,15,19,24,25,32,34,35,38,39,51,57,59,61,65,66,67,69
,13:00,3,1 319 456,1,2,4,12,13,15,21,23,24,26,39,51,53,54,55,57,59,60,65,69
,13:00,2,6 576 903,2,3,8,11,20,24,30,36,38,39,40,45,48,50,54,56,59,61,67,70
,13:00,2,9 742 214,1,5,7,11,18,21,22,31,33,36,41,44,45,49,61,62,63,64,66,67
,13:00,2,5 813 727,5,7,10,12,14,20,23,29,32,33,34,39,46,52,55,57,58,61,62,69
,13:00,3,6 102 191,1,8,10,12,17,23,24,27,30,31,33,35,41,50,53,57,61,65,66,68
,13:00,3,0 879 476,2,6,12,13,15,19,22,23,25,35,37,38,45,46,52,58,60,61,62,68
,13:00,5,6 716 984,1,4,6,9,10,14,19,22,25,26,34,37,40,41,46,47,49,51,66,69
,13:00,2,3 691 454,3,13,15,24,28,31,34,43,44,45,46,49,56,58,60,62,63,64,65,69
,13:00,2,4 479 376,7,8,12,15,18,19,27,29,44,46,50,51,53,54,55,59,62,63,64,68
,13:00,2,6 205 538,3,5,23,25,27,31,32,34,36,43,44,49,52,54,58,62,64,65,66,67
,13:00,2,9 815 084,4,5,11,14,18,20,22,24,26,36,40,45,50,51,52,54,55,56,65,69
,13:00,3,2 046 522,2,11,12,14,17,24,27,30,39,41,45,47,53,55,57,60,62,63,68,70
,13:00,3,5 930 685,4,8,10,11,12,14,15,24,27,28,34,43,44,45,46,48,53,55,64,67
,13:00,2,9 078 793,3,4,8,17,23,24,27,29,34,35,40,43,50,53,54,55,57,62,69,70
,13:00,2,5 287 239,5,9,12,17,18,23,24,25,29,36,39,43,44,45,46,52,53,61,67,70
,13:00,3,1 242 627,1,5,7,8,12,15,23,24,34,40,41,43,44,45,50,51,53,59,66,69
,13:00,3,8 957 191,5,10,14,15,16,20,21,23,28,34,38,40,41,45,46,52,55,61,68,70
,13:00,2,3 184 172,10,12,14,16,17,20,21,26,31,32,35,37,40,41,43,44,48,55,56,69
,13:00,2,0 267 882,4,8,10,12,14,18,21,25,26,29,40,43,49,57,60,62,63,65,68,70
,13:00,2,1 118 900,4,6,8,14,23,24,25,26,27,28,30,33,46,53,54,59,60,62,69,70
,13:00,2,0 140 623,1,4,9,11,12,15,30,32,34,35,38,39,55,57,59,61,64,65,69,70
,13:00,5,4 444 831,4,7,16,18,19,22,25,28,30,35,39,41,44,48,50,55,58,61,66,69
,13:00,2,3 957 125,2,9,12,14,20,21,23,27,30,36,42,47,50,53,57,58,59,60,68,70
,13:00,2,9 977 750,7,8,13,19,22,23,26,28,30,33,38,40,42,45,47,53,57,64,66,69
,13:00,3,2 179 809,1,4,10,11,12,13,18,28,29,30,37,40,42,43,46,48,53,63,66,67
,13:00,2,5 604 269,1,3,9,14,16,19,20,23,24,28,30,33,39,41,43,57,60,63,68,70
,13:00,2,2 009 389,1,10,15,16,21,22,24,25,34,36,40,42,45,51,56,57,59,65,68,69
,13:00,3,7 877 110,14,16,17,21,26,29,30,33,38,40,43,48,49,51,52,53,56,58,59,63
,13:00,2,5 774 586,4,19,24,27,28,29,34,35,38,39,43,46,50,51,53,54,56,57,66,69
,13:00,2,7 943 680,1,2,5,8,9,11,19,20,26,29,31,36,40,43,44,45,46,57,67,69
,13:00,2,9 341 655,4,11,13,14,17,18,22,25,27,30,34,36,41,43,44,45,47,49,58,66
,13:00,3,8 901 039,1,9,10,11,12,14,15,19,27,28,32,37,39,40,43,52,57,61,65,69
,13:00,2,1 585 935,5,7,8,15,19,21,25,29,34,38,40,41,49,54,56,59,63,64,67,68
,13:00,2,2 731 535,1,9,10,11,12,13,16,17,20,25,26,29,37,51,58,61,62,64,68,70
,13:00,2,9 408 349,2,3,6,9,12,14,20,22,25,26,28,29,33,37,42,45,53,60,62,68
,13:00,2,6 226 238,5,8,16,21,24,25,27,30,31,34,38,40,43,49,51,55,60,61,62,66
,13:00,2,4 601 783,4,5,6,7,10,13,17,28,31,44,50,54,58,60,62,64,65,66,67,70
,13:00,2,5 824 844,7,13,18,22,28,30,34,35,37,38,40,46,49,51,52,53,56,57,60,63
,13:00,2,9 060 802,1,6,9,11,13,16,17,24,29,33,35,38,42,52,53,54,56,61,66,69
,13:00,2,3 454 994,3,7,9,12,17,18,23,24,28,30,32,33,34,47,50,60,64,66,67,70
,13:00,2,0 006 754,2,4,15,20,21,22,23,24,27,30,31,39,44,47,54,56,59,62,65,66
,13:00,3,0 120 697,3,20,21,28,29,32,37,39,44,46,47,49,51,55,57,59,61,63,69,70
,13:00,5,1 331 724,1,3,4,11,14,18,21,23,32,34,42,43,44,47,49,52,60,61,62,68
,13:00,2,0 494 324,5,11,13,14,16,18,22,23,31,32,34,35,46,48,49,56,59,64,67,69
,13:00,3,1 194 607,1,4,7,11,17,18,26,27,28,29,31,33,34,39,44,48,57,61,67,69
,13:00,2,9 264 727,1,3,8,9,11,12,14,20,25,27,44,47,49,56,57,59,61,64,66,69
,13:00,3,6 207 873,1,2,4,5,13,23,26,27,31,32,45,46,51,57,58,60,61,62,63,70
,13:00,3,1 158 792,1,2,6,7,16,21,22,25,29,32,35,36,38,40,43,52,55,58,64,65
,13:00,3,8 601 867,2,7,10,20,25,26,30,37,42,50,53,54,56,59,60,62,64,65,66,70
,13:00,2,5 311 735,2,3,5,6,7,17,18,27,28,35,43,44,47,52,58,60,63,65,66,70
,13:00,2,4 253 711,2,13,14,20,22,28,31,36,44,47,48,50,51,53,54,58,62,63,64,67
,13:00,2,6 469 229,7,10,12,15,16,19,26,27,30,36,41,46,49,51,52,55,61,62,63,69
,13:00,3,3 615 384,1,10,12,14,24,25,32,33,35,39,40,41,42,46,49,55,57,60,62,67
,13:00,2,2 058 996,2,13,16,20,21,28,29,39,41,44,48,53,55,60,61,62,63,66,68,70
,13:00,3,5 021 054,3,7,12,14,16,18,22,25,26,27,28,29,38,39,45,47,55,57,65,68
,13:00,3,4 564 576,1,2,7,9,13,15,20,21,24,26,37,47,54,59,60,64,65,66,68,70
,13:00,5,3 835 455,1,2,4,6,9,12,14,18,19,21,25,39,40,46,47,53,54,58,63,68
,13:00,5,9 054 170,1,3,7,10,13,19,22,35,37,38,39,43,48,51,53,60,61,62,69,70
,13:00,5,8 587 683,6,7,16,19,20,22,24,25,28,29,35,37,38,41,43,50,59,62,67,69
,13:00,2,2 053 754,2,3,10,11,15,19,20,21,26,29,30,35,39,42,47,50,51,54,55,58
,13:00,2,9 776 557,5,10,11,13,14,15,18,20,23,26,30,32,34,37,40,61,65,66,67,68
,13:00,3,8 746 248,2,3,5,8,15,19,20,28,29,31,38,40,44,45,46,51,58,63,64,70
,13:00,2,8 875 739,6,9,10,19,20,21,23,25,26,39,42,43,49,51,52,53,56,65,69,70
,13:00,2,7 409 782,15,16,18,22,23,24,27,38,40,43,46,49,50,57,58,59,61,63,67,68
,13:00,3,inconnu,3,6,9,12,14,19,24,38,45,46,49,50,53,55,56,61,63,64,65,68
,13:00,5,1 295 431,2,4,9,11,13,15,18,19,20,23,29,30,35,41,43,46,55,57,61,67
,13:00,2,3 734 228,8,9,10,11,18,21,25,31,35,36,37,39,40,45,47,53,55,60,63,68
,13:00,2,2 534 112,2,5,8,9,13,18,19,26,31,35,50,51,52,54,55,56,58,60,62,70
,13:00,5,7 509 559,2,4,11,14,16,18,20,23,26,27,28,34,41,42,45,46,48,58,59,64
,13:00,2,6 852 962,2,4,7,18,20,21,22,25,31,32,34,41,50,51,54,59,61,64,66,69
,13:00,2,9 483 250,2,4,6,15,21,23,25,26,33,36,37,39,40,44,47,50,54,58,62,69
,13:00,3,4 410 058,2,3,5,19,20,23,24,26,30,33,37,38,43,44,47,52,59,61,66,70
,13:00,2,3 466 046,1,5,6,9,15,17,23,34,39,44,49,50,52,58,59,63,66,68,69,70
,13:00,5,7 032 111,1,11,12,15,21,22,24,33,37,45,46,50,55,59,60,61,62,64,66,68
,13:00,2,6 344 775,3,5,7,8,13,17,18,20,21,22,23,25,26,28,34,38,40,50,57,67
,13:00,2,8 221 911,6,7,11,13,14,18,19,22,25,26,29,30,31,34,38,40,54,58,68,69
,13:00,2,3 581 665,2,4,5,6,9,15,17,33,43,46,50,51,53,56,57,62,63,64,68,70
,13:00,3,8 694 036,2,5,9,12,13,14,15,16,21,24,25,27,28,32,35,42,43,55,67,69
,13:00,2,2 480 857,4,8,10,11,18,19,25,26,34,35,36,37,40,43,44,53,64,65,67,68
,13:00,2,2 875 302,1,5,9,11,15,17,20,21,22,24,30,32,35,37,39,43,47,50,58,60
,13:00,2,1 384 230,3,4,8,11,16,21,22,23,24,26,28,31,33,36,52,55,56,62,67,68
,13:00,3,1 241 539,2,3,5,6,12,15,20,24,29,32,35,37,40,42,46,56,58,61,65,70
,13:00,2,4 218 885,1,3,4,9,15,16,23,24,32,34,36,40,41,45,52,55,56,60,65,69
,13:00,3,8 948 947,2,4,11,12,16,18,25,27,28,32,38,39,43,46,47,57,61,66,67,68
,13:00,2,3 057 227,2,4,5,6,7,12,13,18,19,20,23,26,27,30,32,36,39,40,47,70
,13:00,2,5 154 795,3,4,11,17,19,31,34,35,37,39,40,46,53,55,58,60,64,66,67,69
,13:00,3,6 775 419,4,7,8,12,13,16,17,18,23,31,32,34,43,46,49,52,53,58,61,67
,13:00,2,8 858 310,2,6,7,9,12,14,17,22,28,29,31,33,35,36,38,50,56,60,67,68
,13:00,3,2 107 952,9,12,14,15,19,20,21,27,28,29,32,38,39,47,51,53,55,59,61,68
,13:00,2,5 643 540,5,8,14,17,18,19,20,22,25,29,30,31,32,36,37,39,42,52,54,59
,13:00,2,8 900 672,7,9,19,21,23,25,34,37,39,41,44,46,47,50,56,57,63,66,67,69
,13:00,2,5 332 757,3,5,8,12,16,17,20,21,22,39,47,48,49,50,51,62,63,65,68,70
,13:00,2,4 589 736,1,3,6,8,14,17,18,24,30,39,40,42,43,49,51,52,56,67,68,70
,13:00,2,6 814 420,8,11,13,19,21,22,23,24,30,32,33,36,40,47,49,50,51,53,59,63
,13:00,3,7 587 966,5,6,8,12,18,21,22,38,39,47,49,50,52,54,61,63,64,65,66,67
,13:00,2,1 565 742,4,21,22,25,26,34,39,40,41,44,54,55,57,59,60,61,63,64,67,70
,13:00,3,4 388 910,1,7,10,11,13,14,31,32,33,34,35,40,43,49,50,57,61,62,63,66
,13:00,3,3 658 733,1,2,4,6,11,12,19,30,34,43,46,52,57,58,59,64,66,67,68,69
,13:00,3,4 671 512,2,3,7,15,23,24,26,30,33,36,41,44,47,49,53,56,60,61,62,69
,13:00,2,9 000 502,2,4,5,6,7,9,11,16,17,21,22,38,42,43,47,54,57,62,66,67
,13:00,2,8 666 437,5,9,12,15,19,22,24,26,28,31,33,36,37,38,41,44,53,60,63,69
,13:00,2,3 171 933,4,5,8,9,10,12,13,20,26,28,31,32,34,36,39,42,47,56,60,67
,13:00,2,9 088 115,2,4,5,10,12,13,22,24,27,29,34,35,37,43,44,48,56,57,59,61
,13:00,2,4 967 629,3,7,13,17,18,19,20,22,24,27,35,36,43,44,45,47,55,58,63,67
,13:00,2,7 684 303,2,4,5,6,7,16,17,29,32,33,37,41,52,53,54,55,57,60,62,65
,13:00,2,9 867 557,2,8,13,16,24,25,26,31,34,35,38,40,51,55,59,61,65,66,68,69
,13:00,3,inconnu,4,10,12,14,15,16,17,20,24,27,38,42,44,52,54,56,61,67,69,70
,13:00,3,8 876 489,4,7,8,10,12,14,22,23,24,25,31,40,51,53,56,61,65,66,67,70
,13:00,2,9 633 905,5,13,22,25,30,32,35,38,42,46,47,48,49,50,53,59,61,67,69,70
,13:00,5,2 393 204,1,2,3,4,5,7,12,15,18,20,22,25,28,34,41,44,46,47,56,60
,13:00,2,9 519 794,3,5,12,14,18,22,23,24,30,31,32,36,42,43,47,50,56,59,64,66
,13:00,2,2 534 999,5,16,17,20,25,26,32,33,34,36,39,41,50,56,57,58,60,63,64,67
,13:00,3,5 808 974,10,11,14,19,21,23,27,29,38,42,46,54,55,56,59,60,61,62,65,67
,13:00,2,inconnu,9,12,13,15,16,17,20,21,23,25,29,31,47,49,50,51,52,60,67,69
,13:00,2,7 710 826,5,8,9,10,12,15,20,25,26,27,28,34,35,44,49,51,54,66,69,70
,13:00,2,5 532 663,4,16,19,31,32,36,39,42,43,44,49,52,53,55,58,60,63,67,69,70
,13:00,3,5 725 068,1,2,3,12,13,14,23,25,26,29,30,31,32,39,51,53,56,59,61,68
,13:00,2,0 611 026,2,8,17,25,28,29,35,41,45,46,48,49,53,57,59,66,67,68,69,70
,13:00,2,4 845 922,3,9,13,15,18,22,33,34,36,39,41,45,47,49,50,55,56,62,64,67
,13:00,3,2 725 646,8,11,13,15,23,24,25,33,35,41,43,44,53,54,59,63,64,66,67,69
,13:00,3,1 014 600,1,2,4,11,14,20,22,24,26,37,42,44,48,50,54,59,65,67,68,70
,13:00,3,inconnu,8,11,13,19,21,23,27,28,30,32,33,36,40,43,52,57,59,60,62,68
,13:00,2,1 310 999,1,9,12,14,15,16,20,23,25,27,31,41,45,46,47,50,51,57,61,63
,13:00,2,2 050 166,1,5,16,17,18,26,27,29,35,38,39,44,45,49,52,53,62,65,67,68
,13:00,3,8 369 675,3,7,9,11,15,16,17,22,25,32,35,39,47,56,58,60,61,62,63,64
,13:00,3,1 862 265,1,3,5,7,8,10,11,12,20,32,33,35,39,43,44,48,54,56,60,66
,13:00,2,7 838 040,1,3,9,11,13,27,28,29,30,34,35,41,42,47,48,54,62,63,64,67
,13:00,2,3 928 560,5,11,14,15,20,22,23,27,28,37,45,49,52,54,56,58,62,65,67,70
,13:00,3,5 932 775,6,7,8,11,12,13,20,22,26,30,31,44,47,48,51,60,61,62,63,68
,13:00,2,2 891 417,1,12,13,15,19,20,21,27,37,46,48,53,54,59,61,62,64,66,67,69
,13:00,2,3 113 301,7,14,17,18,22,27,29,31,38,46,49,50,51,55,56,57,59,62,64,66
,13:00,2,2 181 961,2,3,4,8,9,11,26,29,30,32,34,36,39,41,45,49,50,62,66,67
,13:00,2,2 149 363,3,5,7,13,20,21,23,24,26,37,40,41,45,51,52,61,62,63,64,68
,13:00,2,7 989 469,3,7,16,17,19,25,29,30,32,33,35,37,49,53,54,58,60,62,68,70
,13:00,2,2 607 207,1,5,11,13,16,18,21,24,29,35,36,39,40,46,58,59,63,65,68,69
,13:00,3,inconnu,2,9,19,21,24,25,31,36,37,38,40,43,45,47,54,62,63,64,65,70
,13:00,2,8 125 978,2,8,12,15,19,26,29,33,38,39,43,46,49,56,58,60,64,66,68,69
,13:00,3,8 852 051,5,6,7,16,19,23,24,26,27,30,31,32,37,39,51,54,55,59,62,70
,13:00,3,5 234 075,1,3,10,11,13,14,17,19,32,33,36,37,40,42,45,46,52,67,68,70
,13:00,2,4 594 088,1,11,12,15,16,19,20,23,24,30,36,39,46,48,49,54,59,62,67,69
,13:00,5,4 603 680,1,3,6,12,13,16,17,19,21,23,25,30,31,42,52,56,58,65,68,70
,13:00,2,3 577 291,12,15,17,18,20,21,22,37,39,41,42,46,48,53,55,56,57,60,64,67
,13:00,5,0 680 530,7,15,17,20,24,26,27,31,32,34,35,40,41,44,45,48,51,62,65,67
,13:00,3,7 069 746,4,16,21,23,24,25,30,32,34,35,39,41,47,48,53,58,60,64,65,69
,13:00,2,5 593 350,3,12,13,16,17,18,21,22,24,33,39,40,46,47,48,49,50,52,69,70
,13:00,2,0 080 770,1,8,10,11,12,14,18,26,31,35,37,40,43,46,48,49,56,57,59,64
,13:00,2,9 335 151,5,7,9,10,12,13,16,22,32,35,49,50,54,55,59,60,61,63,69,70
,13:00,2,0 147 991,8,15,19,25,27,33,38,46,48,49,50,52,55,56,58,59,60,61,66,69
,13:00,3,0 696 506,3,4,5,6,9,11,24,30,38,39,44,45,47,48,57,59,63,64,67,70
,13:00,2,inconnu,3,11,12,14,18,19,22,23,26,28,33,34,40,41,43,46,52,57,62,66
,13:00,2,8 056 084,3,4,9,12,14,19,21,24,26,31,37,38,39,43,45,46,48,55,60,61
,13:00,2,inconnu,6,9,11,15,26,29,33,36,37,38,40,42,50,51,54,55,57,60,66,68
,13:00,2,9 294 521,3,5,12,14,18,22,23,27,31,35,38,43,47,50,53,54,61,66,67,68
,13:00,3,9 741 214,7,10,12,13,14,15,17,23,32,36,38,40,43,46,49,52,58,62,64,66
,13:00,2,8 481 165,1,2,3,6,12,20,23,24,25,27,36,40,48,50,52,54,60,63,66,67
,13:00,2,5 525 285,2,3,4,5,8,12,13,16,21,23,34,39,47,52,54,58,61,66,67,69
,13:00,2,4 571 025,7,8,17,20,22,29,33,38,41,43,48,51,54,56,59,63,64,65,66,69
,13:00,2,2 041 963,2,14,16,17,20,21,23,29,30,32,34,37,42,45,53,58,59,61,63,64
,13:00,2,7 827 172,6,10,15,17,18,21,23,27,28,42,44,46,49,51,52,54,57,61,64,69
,13:00,2,2 130 123,6,7,12,13,15,22,23,27,32,33,34,36,42,45,49,57,58,59,67,69
,13:00,2,3 413 296,3,7,9,10,17,19,23,24,27,28,31,42,43,48,49,53,58,61,62,65
,13:00,3,5 012 225,4,6,7,8,10,12,21,22,25,33,35,37,42,44,48,50,52,53,56,67
,13:00,2,2 887 204,2,8,9,10,14,15,16,23,26,27,32,33,34,39,46,49,54,56,59,63
,13:00,3,4 775 856,1,3,4,5,7,18,19,23,25,27,28,31,43,44,45,48,59,60,66,68
,13:00,3,7 961 881,1,3,16,18,19,21,23,24,25,33,34,40,41,49,50,53,56,62,68,70
,13:00,2,1 109 990,1,4,7,11,22,24,29,35,37,38,43,45,52,56,57,60,61,64,66,68
,13:00,5,6 787 341,4,5,9,10,12,16,18,20,23,30,34,38,39,49,53,54,55,60,62,68
,13:00,2,7 200 480,1,6,9,10,14,17,19,21,24,28,29,30,37,39,47,52,57,58,60,68
,13:00,3,6 498 042,1,4,7,10,11,15,16,17,20,24,28,35,40,42,49,52,57,60,68,69
,13:00,2,8 624 425,3,15,18,20,21,26,27,28,31,32,34,36,49,50,52,55,58,62,64,67
,13:00,2,9 106 146,2,6,7,10,11,16,17,18,19,32,34,35,42,44,45,51,55,61,66,67
,13:00,2,2 108 663,5,7,11,13,15,18,21,22,25,29,33,40,45,49,52,58,61,66,69,70
,13:00,2,5 339 433,2,4,5,6,7,10,11,15,16,17,18,24,28,34,40,44,53,54,58,63
,13:00,2,9 620 376,4,10,11,13,15,20,24,28,29,33,36,38,42,43,44,45,47,56,63,67
,13:00,2,8 799 824,3,7,8,11,12,18,26,30,31,35,37,40,47,48,52,53,54,56,63,65
,13:00,3,2 278 630,1,5,8,10,13,24,34,35,41,43,46,48,51,53,57,59,60,64,65,67
,13:00,5,9 307 221,1,3,4,7,13,14,22,28,34,37,39,41,43,45,48,50,56,65,68,70
,13:00,3,1 298 144,8,11,12,17,23,26,32,37,40,43,46,48,49,52,55,60,61,63,67,70
,13:00,2,6 613 097,3,7,8,9,11,14,15,18,26,30,33,37,38,39,42,49,56,62,63,70
,13:00,2,0 592 469,4,6,7,8,13,15,17,20,34,35,36,40,44,45,49,56,60,61,63,70
,13:00,3,7 902 673,2,4,5,7,11,12,15,16,17,20,26,30,36,38,39,40,46,57,69,70
,13:00,2,4 424 099,1,3,5,9,12,17,24,32,36,37,39,42,44,45,47,53,59,61,63,68
,13:00,2,7 865 715,3,4,10,17,20,21,25,26,27,30,34,36,39,42,47,49,52,53,55,64
,13:00,5,4 011 276,8,9,13,14,16,23,25,26,27,30,35,37,45,46,50,60,63,65,66,68
,13:00,3,2 656 154,4,5,10,14,15,18,28,32,33,35,40,44,46,53,54,57,58,61,62,66
,13:00,3,9 361 696,4,15,16,19,20,21,25,28,29,35,37,41,44,48,54,55,56,59,61,67
,13:00,2,4 667 453,1,2,6,7,8,11,15,17,19,20,22,30,38,45,46,48,52,58,63,65
,13:00,3,1 455 024,4,11,16,19,21,28,33,36,39,40,46,48,49,53,54,55,57,66,67,69
,13:00,2,5 037 695,1,5,6,10,16,18,20,21,22,27,29,30,31,37,39,40,45,48,52,62
,13:00,5,inconnu,5,16,19,20,23,27,29,31,41,42,43,44,49,52,54,56,58,64,68,69
,13:00,3,9 863 199,4,7,8,10,17,22,23,26,27,32,33,44,47,50,53,57,63,65,66,70
,13:00,3,7 016 887,5,7,13,18,22,23,25,32,35,36,37,40,41,47,53,54,61,62,65,66
,13:00,2,9 157 554,4,5,8,10,18,23,32,34,41,43,44,45,47,52,56,57,58,59,60,65
,13:00,2,5 751 071,3,5,8,12,13,14,15,16,19,20,21,22,26,35,46,55,63,64,65,67
,13:00,3,6 865 666,7,16,18,19,20,23,24,32,36,42,45,46,47,50,52,53,55,60,61,66
,13:00,2,6 285 146,16,17,24,25,26,27,31,32,33,36,37,38,39,41,50,51,53,55,59,69
,13:00,2,6 353 409,1,6,8,12,17,19,23,24,31,33,35,36,39,41,42,49,54,62,66,69
,13:00,2,2 558 222,4,7,8,10,11,15,16,17,21,24,33,34,37,41,45,50,61,62,64,65
,13:00,2,4 683 224,7,12,13,14,23,24,28,29,30,37,41,53,54,59,61,62,64,65,67,68
,13:00,5,3 313 991,7,8,13,19,21,22,29,36,37,44,45,47,48,52,53,55,64,65,67,69
,13:00,2,7 123 700,2,3,8,10,15,16,19,20,23,34,35,36,38,43,44,47,48,51,54,56
,13:00,2,0 572 974,2,3,6,7,10,14,15,18,21,22,35,36,38,39,44,46,47,49,50,68
,13:00,3,inconnu,7,8,17,28,30,33,34,36,40,43,44,46,47,52,55,57,63,64,67,68
,13:00,3,inconnu,3,13,14,15,21,23,31,38,45,48,51,52,53,55,56,57,58,59,65,66
,13:00,3,3 755 630,2,3,5,13,15,16,17,21,23,27,31,33,39,44,47,50,53,56,67,70
,13:00,5,6 373 319,1,13,16,19,21,23,34,35,37,41,42,43,46,52,53,55,58,67,68,70
,13:00,2,7 700 266,3,6,10,15,19,20,23,25,27,29,46,47,51,52,53,54,55,56,60,68
,13:00,3,0 497 469,1,3,6,7,8,9,15,21,33,37,45,46,47,48,50,53,54,56,63,69
,13:00,2,9 722 575,11,13,14,17,24,27,28,31,37,38,39,41,42,46,48,50,54,58,61,68
,13:00,2,3 142 088,1,2,7,14,15,16,17,18,23,26,32,34,35,39,41,45,47,50,58,63
,13:00,2,1 714 387,12,14,17,18,19,22,23,26,27,29,34,37,38,47,51,59,61,64,66,68
,13:00,2,4 221 099,2,9,14,16,19,24,27,31,34,36,39,40,47,49,50,55,61,65,67,70
,13:00,2,8 510 690,1,6,9,15,16,27,30,32,33,46,47,49,50,53,55,57,59,60,61,64
,13:00,2,5 496 098,2,7,12,14,16,18,19,29,36,38,46,50,51,52,56,57,59,60,61,68
,13:00,3,4 281 456,1,4,5,11,15,19,21,26,27,35,38,39,40,42,44,45,51,52,53,66
,13:00,3,7 974 911,4,8,14,18,21,24,26,27,30,32,41,44,47,53,55,56,59,67,68,69
,13:00,2,0 315 489,10,11,13,14,16,17,20,21,24,36,39,41,43,46,48,51,55,61,66,69
,13:00,2,7 295 894,1,3,5,6,10,11,12,20,21,22,24,33,38,41,45,51,53,59,61,63
,13:00,3,7 259 021,1,2,4,9,14,15,17,25,27,30,38,50,52,57,61,63,66,67,68,69
,13:00,3,8 772 759,1,2,7,11,12,13,18,19,22,26,28,33,39,45,49,54,56,57,59,65
,13:00,3,inconnu,2,8,9,13,26,34,35,40,43,45,47,50,51,52,57,59,60,61,62,63
,13:00,5,4 011 902,1,3,4,5,6,10,11,20,22,24,29,37,44,46,48,53,54,56,65,67
,13:00,2,4 039 728,2,5,9,12,16,19,26,28,31,36,37,45,46,47,52,53,54,57,58,70
,13:00,2,inconnu,1,4,6,16,17,19,20,24,26,32,33,35,36,38,53,59,63,66,68,69
,13:00,2,6 574 738,2,3,5,7,8,16,18,19,28,34,40,43,48,49,50,54,65,67,68,70
,13:00,2,7 425 362,4,6,8,19,20,21,22,23,31,32,33,42,44,47,54,56,57,61,64,70
,13:00,2,inconnu,2,3,5,6,14,15,17,19,22,24,25,29,30,31,37,42,44,48,62,65
,13:00,3,9 069 563,4,8,15,17,18,19,20,22,25,28,35,41,46,48,53,54,58,63,66,68
,13:00,3,0 656 215,1,5,7,9,12,13,20,27,28,30,31,35,40,42,46,49,52,56,64,68
,13:00,2,1 236 221,3,5,8,10,12,13,16,21,24,29,30,35,41,45,46,47,48,54,65,66
,13:00,2,6 908 412,1,4,5,8,11,13,23,31,33,39,41,44,46,51,54,56,57,58,63,64
,13:00,2,7 504 016,2,3,6,11,18,22,24,26,31,34,37,39,41,42,44,45,50,60,61,65
,13:00,2,0 326 413,6,11,12,16,20,22,23,27,30,31,35,40,42,43,49,51,52,54,56,67
,13:00,2,inconnu,1,2,3,11,16,19,22,30,33,36,40,42,47,49,50,55,56,63,66,70
,13:00,2,7 581 989,5,7,8,11,15,19,26,28,31,32,33,37,39,42,44,48,49,61,63,64
,13:00,2,1 623 391,8,14,19,20,27,31,33,34,35,36,37,41,42,50,51,52,55,62,63,66
,13:00,2,6 645 986,3,11,13,17,22,25,26,32,34,35,36,38,39,40,41,44,51,52,55,65
,13:00,2,8 036 833,9,10,22,33,34,36,38,39,40,43,45,47,48,49,52,60,61,64,65,67
,13:00,2,9 628 137,15,18,19,25,26,30,36,41,42,44,47,48,56,58,60,61,63,64,65,69
,13:00,3,2 075 972,2,10,13,14,19,21,22,23,27,34,35,38,41,47,50,53,60,61,62,70
,13:00,2,8 415 091,3,6,7,8,10,14,18,19,20,37,38,39,40,41,44,45,49,54,57,67
,13:00,3,7 975 006,8,10,11,14,17,18,20,25,26,27,34,35,38,39,41,50,64,65,69,70
,13:00,3,4 894 007,1,12,13,17,18,20,23,26,31,32,34,35,36,38,39,49,61,62,64,65
,13:00,2,8 769 800,4,7,8,9,12,19,30,33,34,35,37,38,42,44,45,47,48,52,56,64
,13:00,2,9 318 203,1,2,14,16,24,27,31,33,39,40,44,45,50,52,54,55,57,61,64,69
,13:00,2,7 816 119,1,2,7,9,11,26,29,30,32,34,41,47,48,49,50,55,57,61,66,69
,13:00,2,2 227 383,4,8,9,18,23,24,27,32,33,36,39,42,44,46,50,55,56,57,59,63
,13:00,2,3 311 100,3,6,10,14,17,18,25,27,28,35,36,40,42,44,45,49,51,52,61,63
,13:00,3,3 370 934,7,10,12,15,17,20,24,25,26,28,30,31,38,43,46,51,55,61,62,67
,13:00,2,8 212 265,3,16,18,19,22,24,34,35,40,42,48,53,54,55,57,59,60,61,66,67
,13:00,3,3 443 017,1,7,9,13,20,21,26,28,31,35,39,43,44,45,48,49,50,51,57,68
,13:00,5,8 686 512,2,4,8,13,17,19,23,24,28,29,30,39,44,49,59,62,63,64,69,70
,13:00,3,4 881 681,1,5,7,8,10,12,14,18,19,29,39,41,42,45,48,57,61,65,68,70
,13:00,2,7 594 697,4,8,10,17,21,23,25,28,33,34,35,37,48,54,55,56,60,64,66,68
,13:00,2,inconnu,4,6,10,14,15,16,20,21,24,27,31,38,41,42,46,47,56,60,64,70
,13:00,2,Jokerplus indisponible,6,7,12,17,20,22,24,29,31,36,46,49,51,55,56,62,63,64,69,70
,13:00,3,7 792 434,4,14,15,16,17,21,22,27,29,30,32,38,40,41,47,50,51,55,65,70
,13:00,3,Jokerplus indisponible,7,12,17,21,23,24,27,28,29,33,34,36,39,47,54,56,60,63,68,70
,13:00,2,9 905 096,4,5,8,17,20,25,28,29,31,32,37,42,44,50,52,60,61,63,64,68
,13:00,3,2 166 837,12,13,14,15,17,24,34,35,36,37,41,46,48,51,54,55,63,64,66,69
,13:00,2,Jokerplus indisponible,13,15,19,20,24,25,28,29,33,40,42,45,51,52,57,58,60,62,67,68
,13:00,3,4 063 275,2,7,9,10,11,15,18,22,24,29,32,34,45,46,47,56,57,62,67,68
,13:00,2,2 114 301,2,3,6,9,15,16,17,19,22,28,30,34,37,39,49,50,55,57,58,70
,13:00,3,Jokerplus indisponible,1,2,5,7,8,9,20,28,30,31,33,35,36,38,51,56,59,66,68,70
,13:00,2,3 833 199,1,6,13,14,25,29,30,31,36,46,52,53,54,56,57,59,60,63,66,68
,13:00,5,4 686 587,1,2,3,10,12,17,19,21,22,24,32,33,34,42,43,44,46,62,66,70
,13:00,2,1 022 769,8,11,21,22,24,25,27,29,30,34,38,39,43,47,49,51,56,59,60,65
,13:00,3,2 303 316,13,15,17,19,21,29,30,31,32,35,37,44,53,56,57,58,64,66,68,69
,13:00,2,6 660 634,4,7,8,13,14,18,24,29,31,33,35,36,39,44,52,53,61,63,64,67
,13:00,3,2 077 714,1,3,9,15,16,18,19,21,26,27,28,34,37,42,43,48,57,58,60,65
,13:00,2,4 955 968,2,3,9,15,16,21,31,36,38,41,43,45,46,48,50,52,53,58,64,67
,13:00,2,Jokerplus indisponible,1,6,9,12,13,15,20,22,30,32,33,37,38,57,58,59,60,64,66,70
,13:00,2,1 575 190,1,4,17,21,27,29,35,36,39,41,48,49,50,51,55,56,65,66,67,70
,13:00,2,8 028 499,3,7,9,11,12,17,24,27,30,36,37,40,41,42,46,51,52,54,61,70
,13:00,3,9 377 013,1,6,7,10,11,13,14,20,25,28,33,37,42,46,49,51,52,54,55,69
,13:00,2,8 627 481,4,7,8,21,22,30,33,34,36,37,38,39,47,49,50,58,63,65,66,67
,13:00,2,2 528 565,3,8,9,10,11,14,19,20,23,28,29,31,37,51,55,56,57,59,65,70
,13:00,2,0 780 407,1,5,7,12,15,16,18,26,32,35,36,37,41,42,49,52,55,60,62,67
,13:00,2,Jokerplus indisponible,5,8,14,16,18,23,24,25,28,33,38,39,42,44,45,50,54,59,63,70
,13:00,3,inconnu,6,11,12,14,16,18,19,22,23,36,39,40,43,45,53,59,63,64,69,70
,13:00,3,Jokerplus indisponible,2,6,9,11,12,14,17,18,29,30,35,39,41,47,52,54,55,58,60,67
,13:00,3,4 476 439,7,9,15,20,22,25,28,29,32,35,39,40,41,46,49,52,59,62,69,70
,13:00,3,2 460 232,3,5,7,16,21,23,24,25,29,32,33,37,44,50,51,54,57,60,61,63
,13:00,2,2 604 193,11,12,15,16,20,25,31,34,41,50,53,54,55,58,61,63,64,65,68,69
,13:00,2,4 872 090,3,13,15,16,19,23,26,29,30,32,33,36,38,50,56,59,60,64,65,68
,13:00,2,inconnu,8,11,14,15,17,18,22,23,27,28,39,48,49,51,52,53,60,62,69,70
,13:00,2,2 167 022,1,6,8,14,15,21,22,23,25,29,36,37,50,52,54,64,66,67,68,69
,13:00,2,Jokerplus indisponible,9,10,16,21,22,33,35,37,38,39,43,44,45,49,53,55,60,67,68,70
,13:00,2,0 162 268,1,11,12,13,14,17,18,19,20,23,29,33,34,40,41,50,54,60,62,70
,13:00,2,7 865 077,3,4,11,12,14,17,18,23,24,27,28,30,33,37,43,45,49,57,60,65
,13:00,5,5 650 240,2,6,7,9,11,15,19,21,30,34,36,41,43,45,46,51,56,62,66,68
,13:00,2,9 254 387,2,6,9,10,13,15,16,18,32,33,43,49,53,54,55,60,62,63,66,67
,13:00,3,1 745 863,4,5,6,12,16,24,26,31,33,40,41,43,47,48,53,54,56,59,61,67
,13:00,3,9 937 302,11,18,20,21,22,25,28,32,35,39,44,45,47,49,53,57,59,61,64,65
,13:00,2,2 450 784,1,8,10,11,12,14,16,20,24,26,35,36,39,41,42,44,55,62,67,69
,13:00,3,1 810 320,1,4,8,10,13,14,15,17,19,27,37,38,39,40,43,47,49,56,60,70
,13:00,2,9 666 926,2,4,10,11,16,23,27,28,29,34,36,39,41,45,47,50,55,57,66,67
,13:00,2,8 986 834,4,5,19,24,25,26,32,36,39,42,43,44,48,50,52,53,54,62,63,69
,13:00,2,7 271 604,1,3,6,8,11,15,16,22,24,38,41,42,50,51,52,54,56,58,59,63
,13:00,5,0 353 810,2,9,11,12,15,17,21,38,45,46,47,48,52,56,59,60,61,63,67,69
,13:00,2,3 134 642,8,11,14,15,20,26,31,32,35,36,37,44,46,48,55,58,59,63,65,67
,13:00,2,3 208 953,2,7,14,15,17,19,26,31,36,39,40,43,46,49,53,57,58,59,66,70
,13:00,2,2 673 216,2,4,7,8,9,18,34,37,42,43,47,48,51,52,57,59,60,62,63,70
,13:00,2,4 620 657,14,15,18,19,20,23,30,37,38,42,43,48,51,52,53,54,56,57,59,69
,13:00,3,8 518 825,4,18,22,23,24,25,29,31,34,36,43,45,54,56,59,63,64,65,68,69
,13:00,3,Jokerplus indisponible,1,2,3,12,13,16,17,23,27,28,29,33,41,44,45,46,47,50,54,66
,13:00,2,5 695 406,1,2,4,6,8,11,14,15,21,23,24,29,36,37,41,43,51,52,59,69
,13:00,2,4 357 280,1,2,8,10,16,18,29,30,32,35,37,41,42,45,47,51,54,56,62,68
,13:00,3,7 217 241,1,3,6,11,14,17,21,22,27,34,39,43,45,49,50,51,54,55,60,66
,13:00,2,2 819 858,2,4,7,12,14,16,17,21,23,26,30,32,33,35,40,41,56,61,63,70
,13:00,3,7 976 428,1,2,3,4,6,14,16,18,24,25,28,32,33,36,48,52,54,56,59,66
,13:00,2,Jokerplus indisponible,4,13,14,16,21,22,23,27,34,35,36,37,41,42,50,51,56,58,65,66
,13:00,2,2 440 193,1,3,9,14,16,17,19,20,21,23,33,35,44,50,53,54,55,56,58,63
,13:00,2,0 183 158,3,5,19,23,27,30,34,35,38,40,44,46,48,49,53,54,64,68,69,70
,13:00,3,Jokerplus indisponible,11,16,23,24,29,36,39,40,41,43,45,55,57,59,64,65,66,67,68,70
,13:00,2,0 545 769,3,4,5,12,13,19,22,26,32,40,44,49,51,52,53,56,62,64,65,68
,13:00,3,4 744 415,3,5,8,9,14,15,20,22,32,36,38,43,46,52,58,59,60,61,67,68
,13:00,2,2 075 646,1,6,7,11,14,17,22,23,27,29,33,37,39,40,44,48,60,62,63,69
,13:00,2,4 522 885,1,2,5,11,12,13,17,23,30,36,37,46,48,51,57,58,59,61,62,67
,13:00,2,9 671 090,5,12,13,15,17,19,20,22,25,26,29,34,46,48,52,58,63,66,67,70
,13:00,2,2 998 353,3,4,6,9,11,13,18,20,21,22,25,26,31,32,35,36,50,55,58,68
,13:00,5,9 491 402,1,2,5,10,14,16,20,23,31,33,38,40,41,43,46,47,59,65,66,68
,13:00,3,9 662 550,1,4,6,15,17,18,19,25,32,33,35,39,42,46,52,56,62,63,64,67
,13:00,2,inconnu,14,15,17,18,20,22,24,26,32,37,39,45,46,48,52,54,57,62,64,65
,13:00,2,8 253 243,2,5,7,11,13,16,23,29,30,33,37,38,41,46,50,52,55,60,61,66
,13:00,2,6 129 515,6,8,10,12,19,21,23,26,27,37,38,39,41,42,52,60,62,64,66,68
,13:00,2,Jokerplus indisponible,5,8,10,12,13,18,24,27,28,36,38,39,40,41,42,44,45,62,66,69
,13:00,2,8 339 696,1,11,13,17,20,21,22,24,27,30,32,36,40,43,45,48,54,59,60,67
,13:00,2,0 765 786,5,7,9,10,21,26,27,29,38,40,43,53,57,59,60,61,62,63,64,67
,13:00,2,6 934 087,2,4,5,11,12,14,15,16,22,24,26,30,42,44,45,47,50,54,61,68
,13:00,2,2 323 894,10,13,20,21,24,27,35,36,41,49,51,56,57,59,60,62,64,66,67,69
,13:00,5,7 247 716,3,6,7,15,17,19,21,22,26,28,30,34,40,41,43,52,57,63,67,68
,13:00,5,2 814 555,3,4,5,6,8,12,21,27,28,29,40,47,50,55,57,58,59,62,64,70
,13:00,2,1 208 267,12,21,22,23,26,33,34,36,38,40,44,45,57,58,60,63,64,65,69,70
,13:00,2,4 668 556,3,13,14,18,20,25,28,31,32,36,37,38,39,44,50,51,55,56,65,69
,13:00,2,2 557 985,1,2,5,6,13,14,16,19,20,22,24,26,35,39,46,52,55,63,67,70
,13:00,2,6 017 664,7,11,12,16,34,38,41,42,44,49,50,53,55,58,59,60,62,64,66,67
,13:00,2,6 761 428,1,4,5,6,12,16,24,25,27,32,36,38,45,49,51,54,60,61,62,68
,13:00,2,7 344 221,2,6,7,9,10,12,13,14,17,27,28,33,38,45,49,51,59,65,66,70
,13:00,2,7 326 695,9,11,15,18,22,24,25,27,30,32,34,38,42,43,45,46,51,52,62,67
,13:00,2,Jokerplus indisponible,3,4,5,6,7,11,12,29,33,38,39,43,44,47,49,54,58,60,62,63
,13:00,2,9 821 579,3,11,16,19,21,22,23,26,32,34,45,49,52,53,55,56,57,62,63,66
,13:00,2,Jokerplus indisponible,3,8,15,17,18,21,24,25,32,34,35,37,38,46,47,55,63,68,69,70
,13:00,2,3 724 810,11,15,17,18,26,32,33,35,37,44,46,48,49,53,56,60,62,65,66,67
,13:00,2,5 620 854,2,4,5,10,13,15,19,22,26,28,29,35,36,40,41,45,51,58,69,70
,13:00,2,2 295 650,7,14,15,22,26,30,36,40,44,45,47,52,54,55,63,64,65,67,68,69
,13:00,2,3 810 451,1,6,9,13,14,15,21,24,28,32,42,46,47,48,50,53,56,63,64,68
,13:00,2,Jokerplus indisponible,5,9,13,21,25,26,29,30,31,38,40,43,46,53,54,61,62,65,67,69
,13:00,2,8 553 491,2,7,11,14,18,20,25,36,38,39,41,47,48,49,53,55,56,57,65,66
,13:00,2,3 050 576,2,4,11,14,15,19,25,30,36,39,44,46,47,50,51,53,56,59,62,70
,13:00,3,8 346 666,2,10,12,22,23,25,26,27,29,37,40,41,47,50,51,57,58,64,67,68
,13:00,2,8 749 683,6,7,11,21,26,27,29,30,35,36,37,40,44,48,54,56,61,63,66,70
,13:00,5,9 534 062,3,5,8,10,13,18,21,32,38,39,44,45,52,53,54,55,61,63,65,67
,13:00,2,Jokerplus indisponible,7,9,10,14,15,17,20,23,35,38,40,42,43,44,45,47,56,64,66,70
,13:00,2,Jokerplus indisponible,2,3,4,10,12,14,15,16,17,21,23,25,33,36,40,45,48,51,56,65
,13:00,2,9 477 516,2,6,8,9,11,23,29,35,36,43,44,47,51,52,53,55,59,68,69,70
,13:00,2,9 967 812,4,5,8,12,13,16,22,23,27,29,32,39,43,44,45,53,57,60,62,64
,13:00,2,Jokerplus indisponible,7,9,11,12,18,21,23,25,31,35,36,37,43,46,53,55,56,57,61,70
,13:00,3,5 477 569,1,2,11,14,15,16,20,24,28,30,33,40,44,47,49,53,54,57,62,70
,13:00,3,9 638 502,6,10,15,21,22,23,29,30,31,33,34,47,50,51,53,59,61,62,68,70
,13:00,2,8 530 027,2,10,16,17,21,22,26,31,32,33,35,44,46,54,56,62,64,66,68,69
,13:00,3,9 878 420,7,13,17,18,20,23,24,25,31,32,34,35,39,40,44,45,47,62,64,66
,13:00,2,0 035 961,1,2,3,8,9,10,20,23,25,28,29,34,37,43,45,46,54,59,64,70
,13:00,2,7 637 935,2,5,18,20,24,25,32,33,35,36,37,44,48,49,55,57,62,64,65,68
,13:00,2,inconnu,1,3,4,6,12,19,22,26,33,34,36,37,38,48,52,59,60,61,62,63
,13:00,5,7 947 028,2,8,9,15,16,20,21,27,31,39,40,45,46,48,51,54,62,63,67,68
,13:00,2,9 946 111,6,7,14,16,22,26,29,30,36,41,45,47,49,51,55,58,61,62,64,66
,13:00,2,2 395 994,8,15,17,19,20,23,32,35,36,40,42,47,49,50,53,55,62,66,67,69
,13:00,3,5 844 787,6,9,12,20,21,25,31,35,43,44,45,46,49,50,52,55,57,61,64,66
,13:00,3,2 390 553,1,2,5,13,22,23,25,26,27,29,30,35,39,40,49,51,53,60,62,68
,13:00,2,7 126 630,1,3,6,7,16,17,21,22,29,33,39,43,45,47,52,53,57,58,60,63
,13:00,3,3 874 074,1,2,9,14,17,19,23,31,34,36,37,41,44,47,56,61,62,65,66,67
,13:00,5,6 414 356,9,11,16,17,19,20,21,25,34,35,40,45,46,54,55,56,57,66,69,70
,13:00,2,8 453 442,1,2,3,4,9,12,13,16,24,27,37,39,40,47,50,56,57,59,62,67
,13:00,2,4 076 271,8,9,11,12,19,20,24,25,26,28,30,39,48,49,56,59,60,65,66,70
,13:00,3,8 337 100,1,8,9,11,17,19,20,21,33,40,42,43,51,55,57,58,61,64,69,70
,13:00,2,5 048 773,2,13,17,18,20,25,26,28,33,34,38,44,45,50,51,56,57,64,65,68
,13:00,5,9 050 735,1,4,9,13,14,15,18,23,26,27,30,31,37,39,41,43,44,52,54,56
,13:00,2,6 325 768,2,6,9,10,14,15,16,20,21,29,31,32,36,49,52,54,55,59,63,69
,13:00,2,7 178 843,6,8,9,14,15,17,18,19,20,24,28,35,37,42,46,50,57,64,66,67
,13:00,2,7 131 806,2,11,12,13,17,18,21,23,30,31,33,38,39,40,42,43,45,47,63,68
,13:00,2,8 453 045,3,12,17,18,20,26,28,32,34,41,44,45,57,58,60,62,63,64,65,67
,13:00,3,1 067 849,1,3,5,10,13,19,21,23,28,29,33,38,39,44,49,55,56,60,61,69
,13:00,2,1 167 111,1,2,4,6,8,13,19,20,22,31,39,43,48,50,54,58,60,61,63,64
,13:00,2,4 620 078,7,15,17,20,23,30,32,39,40,41,48,49,53,55,60,62,65,68,69,70
,13:00,2,4 710 497,1,13,15,16,19,21,26,27,30,36,37,39,43,47,51,55,58,59,66,68
,13:00,2,9 042 470,6,9,10,11,14,16,18,21,23,26,32,34,41,42,48,60,63,65,67,70
,13:00,3,9 566 205,3,4,5,7,8,14,16,22,28,29,33,36,37,40,43,49,61,63,64,68
,13:00,2,4 366 416,6,8,9,15,17,18,19,26,28,31,38,41,46,48,50,54,57,61,67,70
,13:00,3,9 758 965,1,6,7,15,19,23,24,25,27,30,35,36,38,40,44,45,49,50,51,65
,13:00,2,5 371 008,11,12,14,16,22,23,30,31,34,36,43,47,50,54,55,59,62,67,68,69
,13:00,2,inconnu,1,4,5,18,20,25,26,28,29,30,38,41,52,53,60,63,65,68,69,70
,13:00,2,1 546 665,3,7,8,9,13,17,19,27,29,37,38,39,46,49,50,51,57,58,65,67
,13:00,2,0 449 434,5,9,10,11,14,17,26,29,36,41,47,49,53,54,62,64,65,67,69,70
,13:00,2,6 215 691,2,4,6,11,14,22,28,34,36,40,48,50,54,56,58,61,66,67,68,69
,13:00,2,1 581 889,1,9,16,17,28,29,38,39,46,47,49,51,52,54,55,59,61,65,66,68
,13:00,2,9 122 620,1,8,9,14,15,19,30,32,35,40,45,46,49,54,55,61,65,66,68,69
,13:00,2,6 901 729,1,3,5,7,15,16,21,23,31,34,36,43,44,46,48,52,53,64,67,68
,13:00,2,0 106 433,2,3,4,6,7,11,14,25,27,30,35,36,38,40,41,43,46,47,53,58
,13:00,3,5 638 873,6,8,9,13,17,25,26,28,38,43,45,47,48,50,57,58,61,64,68,69
,13:00,2,9 225 506,4,6,8,10,12,18,19,28,32,39,40,41,44,47,48,51,59,61,63,67
,13:00,2,4 838 847,2,4,5,10,11,15,19,23,27,29,30,33,40,44,48,52,53,55,61,63
,13:00,3,5 260 953,5,6,8,10,13,16,18,23,26,31,33,37,42,49,50,53,58,61,64,69
,13:00,2,8 079 581,1,2,5,15,17,20,24,25,27,33,37,40,48,50,55,59,65,66,67,70
,13:00,2,3 602 080,2,7,16,17,18,19,22,23,28,34,35,43,48,50,52,53,57,65,66,69
,13:00,3,7 388 028,1,2,10,15,21,27,28,29,31,33,34,38,40,44,46,48,49,58,59,67
,13:00,3,4 193 451,2,3,4,8,12,20,24,26,27,29,38,39,41,42,47,48,53,60,65,67
,13:00,2,8 265 534,3,8,13,17,21,22,25,27,28,29,36,45,46,47,51,55,57,64,66,69
,13:00,2,3 520 922,1,4,11,14,16,17,19,30,37,42,46,47,50,54,61,63,65,67,68,70
,13:00,3,0 300 645,1,4,14,15,16,17,19,31,32,33,42,44,46,47,50,54,55,59,65,66
,13:00,2,9 509 915,4,8,11,12,16,26,32,42,44,50,52,55,57,58,59,64,65,68,69,70
,13:00,3,5 333 584,6,10,16,17,19,20,22,36,38,40,41,42,47,50,53,54,59,66,67,68
,13:00,2,6 071 655,5,9,11,13,18,20,21,24,26,27,35,40,44,48,60,61,65,67,68,69
,13:00,2,6 147 959,2,7,8,9,13,15,20,27,31,35,36,39,41,44,45,49,53,54,59,66
,13:00,3,1 347 522,4,7,10,11,17,19,20,22,23,26,29,34,39,41,42,48,52,60,64,65
,13:00,2,inconnu,1,2,3,4,5,6,9,13,14,15,16,22,24,25,40,48,50,59,60,64
,13:00,2,2 417 546,4,7,10,11,15,18,20,25,28,33,35,40,44,47,48,52,58,59,62,63
,13:00,2,2 610 130,2,3,8,19,22,23,27,39,41,43,45,46,48,54,56,59,63,64,65,66
,13:00,2,7 869 936,1,4,5,12,22,23,25,27,30,32,34,35,36,39,44,47,55,60,63,66
,13:00,2,0 297 674,2,4,5,8,15,16,24,26,33,38,41,42,47,50,53,56,57,64,65,68
,13:00,2,1 686 950,6,8,9,14,17,20,24,25,30,31,32,33,41,42,52,55,61,63,64,68
,13:00,2,0 485 718,6,7,8,11,16,23,25,26,27,28,29,39,40,42,49,52,53,56,61,63
,13:00,2,6 221 684,19,24,25,30,31,32,36,37,42,48,49,52,53,55,57,59,61,62,68,69
,13:00,2,7 117 650,2,12,15,16,27,34,36,37,42,45,46,47,48,51,52,58,61,66,69,70
,13:00,2,4 619 365,2,8,10,12,13,18,20,23,31,40,45,47,48,52,55,56,60,62,69,70
,13:00,5,9 085 339,5,10,13,15,20,22,23,30,31,35,37,42,44,45,46,48,58,62,66,68
,13:00,5,9 382 978,3,6,8,11,25,26,30,32,34,35,39,41,43,45,49,52,58,59,62,64
,13:00,2,7 614 390,1,2,6,10,13,18,26,30,31,34,40,43,46,47,50,55,62,65,68,70
,13:00,2,4 751 484,3,5,6,10,11,15,16,17,20,27,31,33,47,53,55,57,64,66,68,69
,13:00,3,1 603 373,1,4,5,7,9,13,17,32,40,42,48,49,52,56,57,61,63,67,69,70
,13:00,2,2 303 396,2,3,10,20,23,25,28,29,32,37,40,47,48,51,53,54,56,60,66,67
,13:00,2,6 018 559,3,5,12,14,20,21,26,32,34,35,40,41,49,51,52,53,56,57,61,64
,13:00,2,4 409 358,2,10,11,14,20,22,25,28,30,34,37,39,48,53,54,60,62,64,66,67
,13:00,3,9 721 215,1,14,17,18,20,24,27,31,32,33,34,39,40,48,52,55,58,64,69,70
,13:00,2,4 384 479,1,2,3,4,6,8,11,13,16,17,21,28,30,31,33,41,43,65,67,69
,13:00,3,0 289 423,3,5,8,10,11,14,15,21,30,34,47,49,50,58,60,62,64,65,67,70
,13:00,5,0 386 171,1,4,6,7,9,12,18,27,30,31,32,33,42,43,46,51,59,61,65,69
,13:00,3,3 288 018,2,4,5,8,9,26,28,29,32,35,36,38,45,46,54,55,60,64,65,70
,13:00,3,8 237 072,10,11,14,19,26,27,29,30,34,37,38,39,43,45,53,54,57,58,61,65
,13:00,2,4 777 004,6,18,19,25,30,37,39,41,42,44,45,47,48,49,60,61,63,64,66,68
,13:00,2,3 067 264,1,11,15,17,32,34,36,37,39,41,44,45,47,49,55,59,60,61,65,68
,13:00,2,7 283 385,1,5,7,10,15,28,29,37,39,41,45,47,48,50,51,54,56,58,61,64
,13:00,2,8 062 756,2,4,11,22,23,28,35,38,40,46,49,51,54,55,58,59,60,66,69,70
,13:00,2,7 321 211,6,8,10,12,13,15,20,31,34,36,38,40,42,45,47,58,60,62,64,65
,13:00,3,3 823 371,5,7,9,13,14,15,17,19,25,31,38,39,40,51,52,64,66,67,69,70
,13:00,2,7 025 497,1,5,7,11,16,17,21,26,28,29,31,32,33,40,42,43,45,53,62,69
,13:00,2,9 537 529,5,7,8,20,23,27,30,34,41,42,44,47,48,49,50,52,54,57,62,70
,13:00,2,1 128 328,5,9,10,13,15,17,18,19,20,21,22,23,30,34,43,44,46,55,63,69
,13:00,3,6 493 445,1,2,5,6,7,8,9,10,11,14,16,27,29,40,49,61,62,65,66,70
,13:00,3,9 794 443,4,8,13,17,18,19,20,21,28,31,33,44,45,46,48,52,55,59,61,64
,13:00,5,8 465 161,3,7,8,12,13,17,19,20,21,28,32,33,35,39,44,45,50,55,59,60
,13:00,2,4 968 453,3,7,14,18,19,21,23,25,26,31,39,42,45,46,50,55,61,63,65,66
,13:00,2,7 654 795,1,2,3,5,7,8,11,13,18,19,27,29,30,31,45,46,49,67,68,70
,13:00,2,0 375 250,1,3,12,13,14,15,17,27,29,31,33,40,48,49,54,62,65,66,68,70
,13:00,2,7 885 482,2,7,18,19,20,26,27,33,35,39,40,44,52,54,56,57,59,62,68,70
,13:00,2,3 103 671,6,7,9,16,20,21,24,26,27,30,38,41,43,46,55,56,61,62,64,69
,13:00,2,3 732 279,4,5,6,10,18,27,31,33,34,38,40,43,47,51,54,55,56,63,66,67
,13:00,2,?,5,8,10,12,18,19,20,22,23,35,40,41,42,43,44,50,51,54,55,68
,13:00,3,9 234 563,2,4,6,7,14,15,17,20,22,23,35,37,39,40,47,50,51,60,61,64
,13:00,3,1 449 656,7,8,10,11,16,18,28,29,31,32,34,41,43,45,46,54,62,64,65,68
,13:00,2,1 506 236,2,3,5,11,14,15,17,18,24,33,36,37,41,46,48,49,51,56,59,70
,13:00,2,4 923 678,11,23,25,26,28,31,34,37,39,43,44,45,49,55,57,61,63,65,68,70
,13:00,2,9 799 528,1,4,7,11,13,20,22,26,31,35,36,37,39,42,47,48,53,54,68,70
,13:00,2,9 260 235,4,9,11,12,13,17,19,21,25,39,40,42,46,50,53,55,56,60,62,69
,13:00,2,2 498 062,4,15,16,17,19,20,23,24,28,32,37,40,41,44,49,50,54,58,63,67
,13:00,2,2 128 579,4,8,13,14,17,18,27,29,30,34,35,39,41,45,54,56,57,59,64,67
,13:00,2,7 641 547,2,7,8,14,16,17,21,24,29,31,33,34,40,50,54,59,62,66,67,68
,13:00,2,8 094 962,5,6,7,8,14,16,17,24,26,35,38,44,45,48,49,54,55,62,63,69
,13:00,2,4 687 125,1,10,17,18,19,25,28,29,30,34,38,44,46,47,48,60,61,64,66,68
,13:00,2,6 382 090,2,5,7,8,10,13,19,20,26,37,38,41,43,46,53,60,62,63,64,65
,13:00,3,9 299 904,1,2,3,7,13,15,20,29,35,37,38,42,43,46,51,58,61,63,66,68
,13:00,3,7 119 362,1,4,6,8,10,14,16,18,21,24,29,36,38,39,48,51,53,54,62,69
,13:00,3,5 272 020,2,6,7,11,13,22,26,27,31,32,35,40,45,46,48,49,58,59,62,68
,13:00,3,?,11,12,15,16,19,26,27,29,31,44,47,48,49,50,53,56,57,63,65,67
,13:00,2,?,4,11,15,18,19,20,25,31,34,36,37,43,46,48,53,56,57,59,62,65
,13:00,2,?,3,4,6,8,11,27,32,35,43,44,46,47,52,54,59,61,62,64,65,68
,13:00,2,?,1,6,9,10,17,19,24,30,34,42,44,48,49,52,54,58,62,67,68,70
,13:00,3,8 675 469,4,5,7,15,17,18,27,28,30,31,34,36,37,43,46,52,56,62,63,70
,13:00,2,7 645 911,3,5,8,15,16,27,28,29,35,38,41,42,45,47,56,58,60,64,66,70
,13:00,3,1 478 986,5,7,17,18,23,29,32,37,39,40,43,46,49,50,54,55,57,58,60,65
,13:00,3,6 235 913,3,4,9,14,20,21,27,28,31,32,33,34,43,47,58,62,63,64,66,70
,13:00,2,?,2,10,12,13,14,21,27,30,31,32,34,38,40,41,52,53,58,61,64,65
,13:00,3,4 799 301,4,8,11,14,23,24,27,28,31,36,38,40,53,54,55,56,57,61,62,68
,13:00,2,5 225 718,4,11,19,23,26,27,29,33,36,42,43,44,46,47,49,54,55,59,64,70
,13:00,2,?,2,6,9,10,12,14,16,22,24,27,36,39,42,43,47,50,58,63,67,70
,13:00,2,1 003 591,1,8,9,15,18,19,20,25,28,29,34,35,36,38,48,52,53,54,58,65
,13:00,2,2 031 865,2,12,18,21,23,26,30,32,36,41,47,51,52,55,57,58,63,64,67,68
,13:00,5,9 995 557,3,7,11,13,14,16,25,35,39,41,46,48,49,52,53,63,66,68,69,70
,13:00,2,8 116 624,5,6,13,15,16,20,24,36,40,41,48,51,55,60,61,64,66,67,68,70
,13:00,2,?,5,8,13,17,23,25,28,30,31,35,36,38,39,46,50,53,54,63,64,70
,13:00,2,?,10,15,16,17,19,21,23,30,32,45,47,50,54,56,58,60,61,64,65,68
,13:00,2,3 936 026,1,4,8,9,17,19,22,26,27,31,35,44,47,48,52,56,60,61,65,69
,13:00,2,1 498 692,10,11,13,16,20,24,31,32,34,40,42,44,45,47,48,49,53,55,57,66
,13:00,2,4 715 186,4,6,8,9,12,14,16,17,21,25,34,36,38,39,41,42,48,54,58,61
,13:00,3,?,4,7,17,18,19,22,28,29,30,33,34,36,42,44,45,48,49,51,53,68
,13:00,2,1 691 872,12,17,19,24,25,27,28,29,32,38,41,47,48,51,52,55,57,59,65,69
,13:00,2,4 230 358,2,6,10,11,17,20,28,31,32,35,38,42,45,50,51,52,64,65,66,68
,13:00,2,8 532 370,4,6,7,10,20,21,28,30,32,35,37,40,41,42,43,46,47,50,65,70
,13:00,5,?,1,3,10,13,16,18,23,24,25,35,36,37,43,46,47,50,52,62,64,66
,13:00,2,2 014 364,1,4,8,11,17,20,22,24,25,29,38,39,41,42,47,59,60,66,67,68
,13:00,2,6 189 973,4,7,9,15,16,18,19,24,27,31,44,47,52,53,54,55,57,58,59,63
,13:00,2,?,2,3,7,13,16,24,25,31,32,37,38,39,44,47,57,58,59,60,68,70
,13:00,3,?,1,2,4,9,12,19,25,31,37,38,41,43,45,49,56,60,61,62,65,69
,13:00,3,1 949 429,2,4,12,13,16,18,19,20,22,23,30,33,35,41,44,46,49,53,66,69
,13:00,2,1 682 908,2,9,13,22,23,24,27,31,35,41,42,47,49,51,56,57,61,62,63,65
,13:00,3,9 160 835,3,10,11,14,15,19,26,33,37,39,44,47,48,51,52,53,59,63,65,70
,13:00,2,7 505 912,4,7,9,10,12,14,16,18,26,27,29,36,46,54,58,61,62,63,65,66
,13:00,3,2 542 908,1,5,17,18,26,28,29,31,34,35,42,48,53,54,55,59,63,67,68,70
,13:00,2,?,3,13,15,17,22,24,31,34,39,48,49,50,51,52,53,55,57,59,61,67
,13:00,5,6 347 416,2,8,10,12,20,22,24,31,40,42,44,45,46,51,54,55,57,59,62,70
,13:00,2,6 131 567,3,5,6,12,13,14,15,18,20,21,22,24,27,33,41,43,44,56,60,69
,13:00,3,6 056 067,4,9,10,11,12,13,17,24,27,35,36,37,42,51,52,55,57,60,63,65
,13:00,2,5 047 613,7,11,12,13,14,19,24,25,26,38,39,40,42,52,53,57,62,63,65,70
,13:00,3,4 046 205,1,7,8,10,14,15,30,35,37,40,41,42,43,51,53,56,60,61,64,65
,13:00,3,9 862 451,9,14,15,16,17,20,25,26,27,31,32,35,37,39,46,48,55,61,66,67
,13:00,3,4 035 023,1,6,8,12,20,24,25,27,28,34,35,37,40,44,49,52,57,60,65,66
,13:00,2,4 667 090,2,4,5,9,12,17,18,20,34,36,38,44,46,56,57,59,60,61,63,68
,13:00,3,5 753 541,3,7,9,10,13,14,16,19,23,25,35,41,43,49,54,57,61,63,65,68
,13:00,2,1 461 063,3,5,10,13,17,22,28,29,36,39,43,44,53,57,60,63,65,67,69,70
,13:00,2,9 651 105,1,4,5,6,10,20,21,23,24,25,39,40,41,55,56,59,64,65,66,69
,13:00,2,5 456 975,7,8,10,15,22,25,27,28,32,33,38,40,44,45,49,52,62,63,66,70
,13:00,2,?,1,2,5,10,14,15,18,19,20,24,27,28,33,39,43,46,51,60,63,68
,13:00,2,5 180 774,3,6,12,17,24,25,29,35,42,43,44,45,49,53,57,61,62,64,65,66
,13:00,3,?,3,7,10,12,13,14,17,19,20,26,31,39,41,45,56,61,65,67,68,70
,13:00,5,3 184 357,2,3,10,12,16,24,25,31,34,35,37,51,54,56,57,58,61,63,65,68
,13:00,2,4 438 768,7,12,13,14,18,19,23,24,29,34,41,48,49,51,52,58,59,64,67,68
,13:00,2,4 767 447,3,4,9,16,21,23,25,27,29,30,31,32,34,37,44,57,59,65,68,69
,13:00,2,3 315 117,1,2,5,7,8,11,13,16,19,24,34,36,40,45,49,56,62,64,65,70
,13:00,2,1 975 447,2,9,12,14,17,18,21,25,31,32,35,37,43,45,46,50,53,59,61,70
,13:00,2,9 582 256,4,6,8,13,14,17,20,22,24,35,38,42,44,50,55,56,60,64,69,70
,13:00,2,2 934 097,2,7,10,20,21,23,26,27,29,32,38,41,42,50,53,54,58,64,66,67
,13:00,3,8 894 084,1,4,11,20,21,27,32,34,37,47,50,51,52,53,55,58,59,61,62,69
,13:00,2,8 361 384,8,12,17,20,23,27,28,30,38,51,54,55,62,63,64,65,67,68,69,70
,13:00,2,1 489 212,5,7,8,9,10,14,16,19,28,34,41,44,45,48,53,57,60,62,67,70
,13:00,3,2 147 620,1,8,9,14,16,20,28,31,36,37,38,39,41,42,44,46,48,51,54,64
,13:00,2,9 725 932,2,3,4,6,7,9,17,19,20,25,26,30,33,37,45,58,59,61,62,64
,13:00,3,5 243 943,3,6,7,15,17,18,19,21,23,24,25,27,29,30,35,39,42,43,44,55
,13:00,2,8 427 655,3,5,8,12,13,19,20,22,25,27,41,45,46,49,50,51,56,60,65,69
,13:00,2,9 628 947,2,5,9,10,23,30,31,35,39,42,44,47,53,56,57,58,60,62,68,70
,13:00,2,?,3,6,10,11,12,14,20,24,31,33,39,41,46,50,51,53,54,57,63,70
,13:00,2,1 095 769,4,6,7,10,14,16,25,28,29,31,34,39,43,46,52,53,62,63,64,65
,13:00,2,3 932 856,7,9,11,12,19,23,24,27,28,29,30,33,37,38,40,47,57,61,63,68
,13:00,2,8 818 074,5,7,11,12,15,16,19,27,30,32,35,36,41,43,49,51,61,64,65,67
,13:00,2,8 823 638,4,10,11,12,13,15,27,28,31,35,40,43,45,49,50,51,57,65,68,69
,13:00,2,?,2,3,11,13,16,24,28,34,36,38,40,41,43,47,48,52,59,62,64,68
,13:00,3,9 454 275,13,14,17,19,21,22,26,28,30,34,38,44,46,49,50,52,55,60,63,65
,13:00,2,2 427 210,1,4,5,14,17,19,28,29,31,35,43,45,46,48,50,53,57,62,68,69
,13:00,2,9 852 154,1,3,4,5,6,7,26,28,33,34,36,37,39,47,57,59,60,64,66,68
,13:00,2,9 022 622,2,4,5,7,11,12,22,23,25,31,33,37,38,46,52,57,59,61,63,64
,13:00,2,2 841 366,5,6,7,13,14,21,31,32,35,37,41,44,46,48,52,53,55,58,59,67
,13:00,2,1 555 732,1,6,9,18,19,20,22,24,26,29,34,42,48,49,53,58,60,65,69,70
,13:00,2,3 117 936,2,11,12,13,15,21,24,26,32,34,38,39,43,45,48,51,56,59,60,63
,13:00,3,1 065 856,3,6,7,8,13,14,16,18,19,21,30,34,38,44,45,48,51,58,59,66
,13:00,2,7 274 011,4,6,9,12,13,15,18,19,27,30,33,37,40,43,45,47,52,54,58,70
,13:00,3,5 161 664,4,5,6,9,16,20,21,24,30,32,35,41,44,48,52,53,55,56,61,70
,13:00,2,?,1,2,9,11,13,22,23,31,35,37,43,44,46,52,58,63,65,67,69,70
,13:00,2,7 475 791,1,6,19,24,25,26,27,29,34,35,40,41,42,49,53,57,61,63,67,68
,13:00,2,1 250 286,3,5,7,9,11,12,23,28,33,37,39,44,48,49,50,51,53,57,62,70
,13:00,2,7 487 168,1,9,10,13,17,25,26,27,28,32,33,35,39,41,45,49,50,57,66,70
,13:00,5,4 451 903,4,12,13,14,22,25,28,32,34,38,40,41,43,44,46,50,52,57,59,64
,13:00,3,5 273 068,2,7,8,17,18,19,20,24,26,28,32,34,35,42,48,54,57,61,67,69
,13:00,5,4 666 608,2,4,9,12,17,25,27,29,32,35,38,42,45,49,51,53,55,59,63,67
,13:00,5,7 707 362,4,12,14,15,25,27,31,33,34,37,40,44,47,48,56,59,60,61,63,67
,13:00,2,?,1,9,12,15,24,27,28,33,35,40,45,46,48,51,53,55,56,58,60,66
,13:00,3,6 467 525,5,6,11,15,20,24,27,34,37,38,41,47,48,51,53,56,60,65,69,70
,13:00,2,5 959 532,4,5,8,11,13,20,29,34,36,38,41,42,44,48,55,59,60,68,69,70
,13:00,3,7 327 515,5,10,11,12,25,33,37,38,44,46,47,49,50,51,53,54,58,63,64,70
,13:00,3,9 854 924,9,14,20,23,24,27,29,37,39,40,43,45,48,49,52,53,55,59,60,63
,13:00,3,6 430 407,2,3,4,5,17,18,20,26,28,30,32,33,34,42,43,45,50,51,54,60
,13:00,2,4 484 036,2,3,5,6,12,13,19,23,28,30,35,36,43,46,50,53,56,59,63,66
,13:00,2,?,1,3,8,20,22,23,26,32,34,39,40,44,55,57,58,59,60,63,64,67
,13:00,5,7 315 778,7,11,17,20,21,23,29,34,38,43,45,46,47,49,54,58,62,64,65,70
,13:00,2,7 695 139,1,5,11,15,17,18,20,25,29,30,34,36,40,54,57,58,60,63,65,69
,13:00,2,1 662 924,1,7,8,11,25,27,28,29,37,41,42,43,48,50,55,56,57,58,66,68
,13:00,3,2 814 240,1,2,7,12,13,15,20,24,30,46,51,52,53,56,57,59,62,63,64,69
,13:00,5,9 390 631,1,3,6,8,15,16,17,18,29,30,33,34,35,36,45,49,59,67,69,70
,13:00,2,?,1,2,6,7,22,26,28,32,34,35,37,40,42,44,46,47,50,52,69,70
,13:00,2,6 276 712,1,5,10,13,14,16,18,19,21,22,29,31,41,50,51,55,57,63,66,68
,13:00,2,9 141 951,6,9,12,19,29,30,31,35,38,48,51,52,53,54,56,60,63,64,67,70
,13:00,2,1 993 499,9,14,18,19,20,26,32,34,39,40,41,50,53,56,60,61,62,63,67,69
,13:00,5,?,2,4,7,10,11,19,21,26,29,30,32,33,35,43,45,60,61,64,67,70
,13:00,2,2 807 097,5,11,12,13,24,29,32,35,38,39,40,50,57,58,59,61,65,66,67,68
,13:00,2,?,3,7,9,10,11,22,26,34,36,37,38,43,44,45,48,49,50,57,60,65
,13:00,2,1 703 342,1,2,3,6,8,13,16,19,27,29,30,35,41,43,45,46,53,54,55,60
,13:00,2,1 496 864,1,2,7,10,12,15,17,21,26,29,31,36,38,43,46,47,55,59,68,69
,13:00,2,1 709 107,2,4,5,6,18,20,21,22,23,25,28,38,41,46,48,51,57,61,62,65
,13:00,2,3 058 655,1,2,8,11,18,27,31,40,44,47,48,49,52,56,58,60,64,68,69,70
,13:00,3,5 369 202,2,9,10,14,15,23,27,31,33,38,39,40,49,52,57,59,61,65,66,67
,13:00,2,8 621 060,1,7,9,10,15,23,25,27,28,29,30,32,33,34,41,54,55,58,66,70
,13:00,5,1 904 067,1,4,10,11,16,17,19,20,21,27,29,30,40,45,47,48,49,50,69,70
,13:00,2,?,8,9,12,21,25,26,27,32,34,41,42,46,47,52,53,54,56,59,63,65
,13:00,3,?,3,4,5,6,7,9,14,20,21,23,26,30,36,37,39,48,51,61,65,70
,13:00,2,7 470 473,2,6,10,12,13,14,15,17,25,30,31,33,35,37,40,50,51,55,58,68
,13:00,2,4 315 150,7,10,22,26,27,28,35,36,38,39,40,52,54,55,56,57,59,63,64,65
,13:00,2,8 592 977,2,3,5,11,13,14,15,17,26,35,36,37,40,41,44,48,57,59,62,66
,13:00,2,5 869 091,3,14,16,23,25,27,28,36,39,42,45,50,52,53,54,55,58,60,62,67
,13:00,2,?,4,8,9,14,16,19,21,22,23,24,28,36,37,43,44,50,53,56,62,70
,13:00,2,1 842 322,9,11,18,22,24,26,28,32,41,46,47,51,56,57,63,64,65,66,67,70
,13:00,3,7 369 629,3,8,13,14,16,19,20,24,26,29,33,38,48,54,55,61,63,66,67,68
,13:00,5,8 200 614,1,6,16,17,20,26,27,28,32,39,40,43,53,56,60,63,66,68,69,70
,13:00,2,8 010 348,1,4,5,6,23,25,26,27,31,32,39,41,49,50,53,56,62,65,66,67
,13:00,2,6 638 040,3,4,9,13,17,18,26,27,29,33,35,40,45,46,47,48,52,53,65,69
,13:00,2,3 328 894,2,3,13,14,16,20,22,24,26,27,32,35,43,48,49,51,52,58,59,69
,13:00,2,6 284 897,1,9,12,15,20,21,24,25,28,32,35,37,42,44,49,53,60,61,66,67
,13:00,2,4 265 571,9,10,13,15,18,19,26,33,34,35,37,46,48,58,59,62,63,66,67,68
,13:00,3,4 897 677,11,12,17,18,23,26,27,28,29,30,33,40,48,51,56,62,63,64,67,68
,13:00,2,6 484 204,3,4,6,13,15,19,22,30,32,34,38,40,41,47,55,56,59,62,64,67
,13:00,3,5 557 696,3,7,9,11,14,21,22,35,37,39,41,46,47,49,51,53,55,65,67,69
,13:00,3,9 272 182,5,7,14,17,18,19,22,25,30,36,47,52,54,57,59,60,61,65,68,69
,13:00,2,8 534 201,2,3,4,7,12,16,19,30,31,34,38,40,45,51,56,57,58,59,62,65
,13:00,2,?,9,10,11,12,21,27,32,33,36,38,40,43,46,51,54,57,58,61,62,67
,13:00,2,8 499 730,6,9,10,15,16,23,24,30,33,36,44,47,53,54,59,62,63,65,66,70
,13:00,2,7 990 453,2,3,5,7,9,10,18,19,20,25,27,28,38,41,45,51,54,57,58,68
,13:00,2,9 004 643,6,8,10,15,19,21,22,26,27,30,33,34,46,49,53,54,57,66,67,68
,13:00,3,4 168 995,9,16,18,20,22,24,30,32,36,43,44,50,51,56,61,62,64,65,66,67
,13:00,2,?,2,6,8,9,12,13,20,21,24,27,29,33,39,52,54,55,57,59,60,64
,13:00,3,8 803 280,2,3,10,12,14,16,18,19,22,28,29,31,37,38,49,51,52,58,60,67
,13:00,2,?,5,9,16,17,20,23,26,29,31,32,33,34,37,42,44,48,53,56,65,70
,13:00,2,6 559 267,6,9,10,12,13,19,20,28,29,33,38,39,40,46,49,50,58,64,66,69
,13:00,3,2 035 790,3,4,6,7,19,20,21,26,27,28,29,33,35,38,43,47,48,54,58,64
,13:00,2,5 584 234,5,8,9,13,16,28,30,32,33,37,38,40,41,48,49,51,62,64,65,67
,13:00,2,7 037 771,1,2,7,9,15,17,18,20,22,26,34,36,45,50,58,59,60,61,63,69
,13:00,2,9 580 255,5,10,19,25,26,30,32,33,37,41,42,46,48,49,52,55,60,68,69,70
,13:00,5,5 301 893,2,4,5,11,17,18,25,29,30,31,43,45,47,48,53,55,61,64,65,69
,13:00,2,7 103 077,3,5,7,17,19,20,21,25,27,35,38,40,45,46,48,54,57,61,62,64
,13:00,3,1 015 584,2,4,7,9,13,15,17,20,24,26,31,39,40,43,45,51,54,58,69,70
,13:00,2,?,5,12,15,29,30,37,39,40,43,44,45,47,48,49,54,58,59,62,67,70
,13:00,2,3 701 021,6,7,18,25,28,31,36,37,41,44,46,48,50,57,58,62,67,68,69,70
,13:00,5,?,6,7,8,12,14,15,18,20,21,22,25,32,39,44,46,49,51,53,58,59
,13:00,2,5 573 829,1,4,12,16,17,22,23,24,25,28,34,35,38,39,52,54,55,58,60,64
,13:00,3,1 084 931,7,15,17,24,30,31,38,42,43,45,51,53,54,56,57,59,64,65,66,69
,13:00,3,7 719 024,2,3,7,13,19,20,24,25,26,31,39,40,42,45,46,50,54,55,57,67
,13:00,2,9 963 957,5,6,15,18,19,21,26,36,37,38,39,42,44,45,46,54,56,63,67,68
,13:00,3,?,7,9,16,17,21,23,27,29,30,33,35,43,45,47,51,60,63,65,68,70
,13:00,2,2 616 839,1,2,6,8,10,13,18,24,25,27,30,32,33,43,44,47,59,62,66,69
,13:00,2,7 019 491,1,2,4,14,16,17,20,23,24,25,27,36,41,45,46,49,53,56,57,67
,13:00,2,9 393 881,4,14,16,21,29,33,34,37,41,42,45,48,54,56,57,59,63,64,68,69
,13:00,2,2 028 880,4,8,9,13,16,20,23,32,35,39,42,43,44,51,60,61,63,64,65,69
,13:00,2,5 525 094,11,13,19,20,28,40,41,42,44,45,46,47,49,54,56,60,61,63,65,68
,13:00,3,4 230 316,4,6,8,12,13,14,18,24,27,28,35,40,48,50,51,53,54,62,64,67
,13:00,3,1 328 404,19,24,25,26,27,31,32,33,35,39,41,42,45,50,51,52,53,55,64,69
,13:00,3,5 876 404,1,4,5,6,8,12,19,26,27,32,34,37,39,40,42,47,50,58,67,70
,13:00,5,6 273 234,2,7,10,11,13,14,20,21,25,30,34,39,41,44,49,59,61,62,66,70
,13:00,2,5 683 999,5,7,12,20,23,26,29,30,32,34,35,39,40,43,44,48,64,65,66,68
,13:00,2,1 295 119,6,8,9,10,13,14,16,19,21,28,34,35,40,42,46,48,52,56,57,60
,13:00,2,5 647 527,3,9,13,23,24,25,28,32,35,36,38,42,43,49,52,55,60,61,65,68
,13:00,2,3 816 036,1,2,12,13,26,27,29,30,33,39,40,41,47,51,55,60,61,64,66,70
,13:00,2,7 444 537,5,9,11,15,16,22,27,31,37,38,40,46,53,54,58,59,66,67,68,69
,13:00,2,7 088 137,7,10,11,12,17,20,21,22,23,25,27,32,35,38,40,43,49,54,61,63
,13:00,2,5 352 504,3,4,7,10,11,20,21,22,30,32,34,35,39,42,44,49,54,59,61,69
,13:00,2,?,9,14,29,35,36,39,44,45,46,47,50,52,53,56,59,63,65,66,69,70
,13:00,2,4 558 626,5,6,8,10,12,17,22,25,33,35,37,41,51,54,56,59,60,61,69,70
,13:00,2,9 480 682,3,7,10,14,15,24,25,27,32,33,41,42,45,48,50,51,55,58,60,65
,13:00,2,1 591 675,1,5,6,11,16,20,21,22,25,36,37,38,40,45,47,52,53,57,60,69
,13:00,2,4 926 170,1,3,8,9,17,22,28,30,32,37,39,41,42,45,55,57,61,64,65,67
,13:00,2,6 552 037,3,8,12,19,20,21,28,32,37,38,44,55,59,62,63,66,67,68,69,70
,13:00,3,7 464 774,5,7,9,10,12,18,23,29,30,31,32,34,40,42,43,46,53,59,61,67
,13:00,3,4 980 671,1,4,9,19,23,25,27,32,35,38,44,49,52,55,61,62,63,64,66,69
,13:00,2,4 913 424,1,10,15,21,23,25,26,42,45,47,48,50,51,55,59,60,66,67,68,70
,13:00,3,4 137 965,6,11,12,14,15,16,19,30,33,34,37,41,50,51,54,55,56,57,64,66
,13:00,2,?,2,4,6,11,13,14,15,29,32,33,39,41,47,53,57,59,60,63,64,65
,13:00,3,5 853 090,1,5,6,7,8,9,13,16,25,26,27,42,45,59,60,61,62,65,67,68
,13:00,2,?,7,9,15,20,22,23,28,31,35,38,42,44,49,50,55,59,60,63,64,65
,13:00,3,3 793 490,4,7,11,16,22,24,25,26,27,32,37,38,42,56,57,60,61,62,64,68
,13:00,2,9 117 151,2,5,15,18,22,31,32,33,34,37,38,41,44,47,48,50,51,52,55,65
,13:00,2,5 471 567,4,5,6,7,12,15,16,18,19,20,28,29,37,38,40,45,48,52,53,62
,13:00,2,5 431 526,2,4,5,8,11,17,21,22,26,31,35,37,45,49,54,55,60,61,68,70
,13:00,3,2 715 569,3,5,7,8,13,16,17,22,26,29,30,35,36,38,42,50,53,58,61,69
,13:00,2,7 662 892,3,9,11,14,15,17,25,27,29,33,40,41,48,49,51,52,54,55,57,61
,13:00,2,9 075 690,5,8,14,16,18,22,23,34,42,43,45,46,48,49,52,54,61,63,68,70
,13:00,2,3 994 121,6,7,8,14,20,21,26,28,29,30,31,32,36,37,39,53,59,65,66,70
,13:00,2,3 847 315,3,4,6,20,22,27,33,34,35,41,42,43,44,49,52,58,59,63,65,66
,13:00,3,8 316 491,2,4,7,15,20,21,22,26,29,30,31,37,42,46,51,59,60,62,69,70
,13:00,3,1 270 275,1,4,8,10,19,23,24,28,29,30,34,42,43,46,48,51,54,61,62,65
,13:00,2,?,4,7,8,9,14,16,17,24,27,28,31,40,43,53,56,58,59,63,65,69
,13:00,2,3 894 241,1,2,3,6,12,14,16,22,35,39,40,52,56,58,59,60,61,62,64,65
,13:00,2,4 731 607,2,5,11,12,15,21,23,27,32,35,38,42,46,48,55,60,62,63,65,66
,13:00,3,?,2,4,11,16,18,20,24,26,30,31,34,36,39,43,57,60,61,64,66,70
,13:00,2,1 612 486,5,6,7,16,18,20,22,27,33,35,37,42,44,46,52,57,59,62,63,67
,13:00,2,5 687 281,2,4,7,12,14,19,22,25,30,31,32,33,47,50,51,57,60,61,64,69
,13:00,3,?,11,13,14,15,17,20,24,26,28,33,37,39,40,44,48,50,59,60,63,69
,13:00,3,4 475 069,11,13,14,17,18,20,23,30,31,32,40,41,42,47,51,52,59,63,68,69
,13:00,3,4 076 514,4,14,15,18,20,21,25,26,30,36,37,38,39,41,42,45,53,57,64,68
,13:00,3,5 716 619,1,4,5,6,8,10,11,15,19,24,25,26,27,32,33,44,51,53,54,56
,13:00,3,3 109 393,5,7,9,10,16,18,27,29,32,39,40,46,47,50,53,54,58,60,66,68
,13:00,2,?,8,11,15,21,22,24,28,29,31,35,36,39,49,50,52,54,58,59,69,70
,13:00,2,8 986 529,4,6,7,16,17,18,20,22,26,29,36,48,52,56,58,64,65,66,67,69
,13:00,2,6 634 207,1,3,8,11,15,17,20,23,25,34,35,36,41,44,49,51,52,54,60,63
,13:00,3,3 111 101,2,3,4,6,10,15,19,21,24,25,31,33,39,47,48,58,60,62,68,70
,13:00,3,1 209 385,3,4,10,17,18,21,22,23,24,26,27,29,39,42,49,59,62,63,65,67
,13:00,2,7 029 104,6,7,13,16,20,21,23,25,31,32,33,38,52,57,62,64,66,67,68,69
,13:00,2,2 492 894,4,5,6,9,14,15,17,20,34,37,40,43,44,47,49,55,56,59,61,70
,13:00,3,1 238 069,4,5,6,11,12,14,20,22,25,30,31,33,35,36,39,50,53,57,63,70
,13:00,2,3 387 142,2,9,21,23,24,28,30,34,35,41,42,43,44,55,60,61,63,64,65,67
,13:00,2,9 152 111,6,8,11,13,14,21,23,24,30,35,40,42,43,47,52,53,57,63,66,68
,13:00,3,1 245 589,3,4,5,6,13,15,21,24,25,26,30,32,33,44,47,53,58,59,63,67
,13:00,3,?,4,7,10,14,15,16,23,28,29,31,33,39,46,48,50,57,60,63,67,68
,13:00,2,4 447 560,3,10,18,22,24,28,30,34,38,41,43,46,52,53,56,61,62,67,68,69
,13:00,2,8 399 953,5,6,8,9,21,24,25,35,39,41,42,44,46,51,52,55,61,62,67,69
,13:00,2,?,3,5,8,11,12,14,16,17,19,20,24,28,29,39,40,48,59,66,69,70
,13:00,2,8 652 296,5,7,12,15,20,21,24,30,34,40,44,45,46,47,52,61,62,63,65,70
,13:00,3,3 238 384,2,5,9,12,17,21,22,27,28,29,32,39,41,42,50,54,57,62,66,70
,13:00,2,8 711 392,1,2,3,4,6,7,10,11,13,17,18,30,43,44,48,49,57,59,64,69
,13:00,2,4 642 889,4,7,8,10,12,14,15,18,19,27,32,35,40,52,57,58,60,64,67,68
,13:00,2,3 777 250,1,4,7,8,9,13,16,19,23,27,29,30,34,37,38,42,45,52,61,63
,13:00,3,4 631 260,7,9,18,25,27,28,31,33,36,37,43,51,53,55,56,59,60,61,64,67
,13:00,5,6 580 798,5,9,11,18,19,33,37,39,40,43,46,53,54,55,56,64,65,67,68,69
,13:00,3,6 978 140,4,8,17,19,22,23,30,38,39,45,46,47,48,50,51,54,56,58,66,69
,13:00,2,1 813 074,4,7,10,11,12,14,18,21,22,23,26,29,31,32,35,36,37,54,65,67
,13:00,3,9 188 713,2,10,14,17,18,19,21,22,24,27,29,35,38,48,50,61,66,68,69,70
,13:00,2,6 702 216,5,7,13,19,22,31,33,35,36,38,45,46,50,53,56,58,60,63,65,67
,13:00,2,1 437 786,10,16,18,19,24,30,32,33,35,36,39,41,45,50,51,55,58,59,61,63
,13:00,2,7 006 446,3,5,6,7,10,14,21,23,24,25,27,39,40,44,46,50,61,64,65,66
,13:00,2,?,5,6,7,13,20,21,27,33,41,42,45,47,51,55,56,59,61,64,66,69
,13:00,3,6 885 941,10,11,15,17,19,23,33,34,35,36,37,38,48,49,52,55,60,62,65,67
,13:00,3,5 867 538,5,10,11,16,17,21,24,25,30,36,41,44,49,51,53,54,56,59,66,67
,13:00,2,7 095 255,1,3,5,7,15,18,20,21,23,27,34,41,43,48,53,56,57,59,63,67
,13:00,2,?,9,12,19,21,25,27,29,37,38,41,45,46,48,49,50,51,52,60,61,63
,13:00,3,5 796 897,2,10,15,17,19,26,30,31,34,40,46,49,51,53,54,58,60,61,62,66
,13:00,3,6 831 653,5,6,7,12,13,15,17,23,24,28,35,36,39,41,46,48,52,59,64,68
,13:00,2,5 015 516,7,9,12,13,14,24,30,31,34,47,48,49,53,55,57,58,61,62,65,70
,13:00,2,2 814 902,4,8,11,27,29,32,34,35,36,37,39,46,48,49,54,60,62,68,69,70
,13:00,2,7 838 775,8,10,17,18,20,22,23,24,31,32,35,37,41,43,52,55,60,64,65,68
,13:00,2,3 878 904,6,7,20,21,23,25,27,29,30,32,35,39,40,46,47,48,57,60,63,65
,13:00,3,7 051 001,1,8,9,17,21,26,33,35,40,43,49,50,52,53,57,58,59,60,65,70
,13:00,3,6 645 876,5,6,8,12,14,15,16,20,23,25,26,28,32,44,52,56,58,63,68,69
,13:00,3,6 929 859,8,13,15,20,21,24,26,28,30,38,39,43,44,46,52,53,57,58,60,66
,13:00,2,7 508 318,2,3,6,8,10,20,25,30,39,44,45,46,48,51,52,57,63,64,66,68
,13:00,3,1 659 986,5,12,17,19,23,28,29,32,33,40,52,53,54,56,57,58,64,68,69,70
,13:00,2,6 692 511,3,5,14,15,18,19,28,33,37,38,43,51,53,58,59,62,65,66,67,69
,13:00,3,?,1,2,3,5,9,10,12,16,17,18,20,22,25,27,33,42,48,57,58,70
,13:00,2,?,6,7,9,10,16,18,26,32,42,44,46,47,48,50,51,53,60,64,65,69
,13:00,2,1 174 570,1,2,7,9,13,14,24,25,27,30,35,37,38,45,47,55,60,65,67,69
,13:00,2,?,7,11,13,17,19,20,21,31,32,39,42,46,48,49,56,58,60,64,68,69
,13:00,2,?,10,11,18,21,24,31,36,40,43,45,49,51,52,53,57,59,62,64,66,67
,13:00,2,?,3,4,5,17,26,27,28,31,32,33,34,35,38,40,44,57,59,60,62,70
,13:00,2,8 874 759,3,12,13,14,17,20,21,29,32,33,34,35,36,43,47,49,52,54,55,69
,13:00,2,?,4,7,15,16,24,31,36,37,39,40,41,48,49,55,58,60,61,64,68,70
,13:00,3,3 671 512,2,3,5,7,12,14,17,19,25,27,29,33,40,44,45,49,58,61,65,66
,13:00,2,3 749 189,2,3,4,7,8,9,10,15,31,35,36,41,46,48,50,54,62,63,66,67
,13:00,2,8 396 498,11,14,15,18,19,20,21,25,28,29,32,33,40,42,45,50,58,59,66,67
,13:00,2,8 932 740,2,12,14,22,27,31,33,34,40,42,46,49,53,54,57,58,60,61,64,69
,13:00,3,8 779 099,1,2,8,9,13,28,29,35,37,39,40,43,51,54,55,61,63,65,68,69
,13:00,2,6 881 627,2,6,9,12,14,16,21,23,25,26,31,37,38,39,48,53,55,56,58,59
,13:00,3,2 298 293,4,8,9,17,23,30,35,37,38,48,49,51,53,54,55,59,62,65,68,70
,13:00,2,7 431 102,4,5,6,14,16,17,18,23,26,29,31,36,38,42,44,45,60,61,67,70
,13:00,3,2 861 043,2,8,10,11,16,20,23,29,32,33,35,39,41,45,46,56,60,63,64,66
,13:00,3,9 219 835,1,2,6,7,13,15,16,19,26,27,35,36,38,40,50,52,56,60,67,70
,13:00,2,5 358 772,4,5,10,13,14,22,25,28,31,34,35,37,40,45,47,51,60,64,65,69
,13:00,2,2 171 221,3,4,7,11,17,19,20,21,23,25,27,32,36,40,46,49,51,54,56,64
,13:00,2,7 488 370,2,6,8,10,14,19,23,25,27,31,33,36,37,52,53,55,59,62,65,70
,13:00,3,?,8,15,17,18,19,20,21,30,31,34,39,40,41,42,43,44,60,63,65,68
,13:00,3,3 312 379,1,8,12,13,14,15,21,25,26,33,34,36,40,41,48,51,55,56,65,68
,13:00,2,8 199 437,4,7,11,17,21,25,26,28,30,31,36,39,43,50,51,56,57,58,62,64
,13:00,2,7 726 109,3,7,9,17,18,19,26,29,32,40,41,42,47,48,49,50,53,55,59,65
,13:00,2,2 801 546,5,6,10,20,23,24,30,33,34,36,38,39,40,45,52,60,61,63,64,69
,13:00,2,8 010 933,8,11,18,21,23,27,29,30,37,42,44,46,50,52,56,61,62,64,65,68
,13:00,2,6 735 564,2,5,6,8,9,11,12,18,21,25,31,41,42,47,50,52,55,57,60,64
,13:00,2,?,1,7,13,15,18,20,24,28,29,30,31,45,49,50,52,59,63,65,66,69
,13:00,2,5 828 719,1,5,6,8,11,12,19,24,27,31,32,33,35,42,43,44,47,50,56,59
,13:00,2,7 186 891,1,2,3,12,13,14,18,20,29,39,42,43,44,45,48,65,67,68,69,70
,13:00,5,7 665 801,9,17,18,19,25,29,31,34,35,39,43,44,49,57,58,60,64,67,69,70
,13:00,3,7 184 094,5,6,7,9,12,13,16,18,24,25,28,34,47,48,49,51,58,59,60,70
,13:00,2,4 815 858,1,3,10,11,13,22,26,28,29,31,40,41,42,47,53,54,57,66,68,69
,13:00,2,5 972 791,1,2,9,10,13,14,19,20,23,25,27,28,34,44,46,54,57,64,65,67
,13:00,3,7 159 888,3,9,13,14,21,22,29,32,37,39,41,43,45,51,56,58,62,65,69,70
,13:00,2,3 164 269,5,9,14,17,18,19,22,24,25,35,45,46,49,53,55,58,60,65,66,68
,13:00,2,2 349 189,3,4,7,9,10,12,15,21,23,28,30,44,45,47,49,56,59,62,63,68
,13:00,3,1 482 961,1,3,7,9,18,19,20,23,32,33,36,39,40,42,44,50,54,59,64,70
,13:00,3,?,1,4,6,13,14,20,21,27,29,30,32,34,35,42,46,50,57,59,63,68
,13:00,2,2 344 704,11,13,15,19,26,27,29,33,35,45,48,51,52,53,56,60,63,64,66,68
,13:00,3,?,1,3,4,7,8,13,18,20,22,23,29,32,37,39,43,52,56,62,68,69
,13:00,2,3 357 072,1,2,3,6,11,12,13,22,28,38,40,41,45,48,51,53,56,63,65,67
,13:00,2,1 488 128,1,6,10,11,16,19,22,35,38,39,40,41,49,54,55,61,62,66,67,70
,13:00,2,6 579 220,3,10,15,16,19,20,24,27,29,32,38,43,44,45,49,59,61,64,66,69
,13:00,2,3 151 346,1,4,6,7,14,15,19,20,22,25,26,27,30,42,44,45,47,58,61,68
,13:00,3,9 326 818,5,16,18,20,26,28,29,33,34,37,38,40,43,48,54,56,62,64,65,69
,13:00,3,9 522 864,4,16,20,22,23,24,26,33,38,39,44,46,48,53,57,58,61,62,64,66
,13:00,3,9 345 647,2,11,15,16,18,19,22,29,30,32,33,34,40,41,44,48,50,57,66,70
,13:00,2,?,2,7,13,19,24,28,30,31,33,36,43,45,46,49,52,57,58,64,65,68
,13:00,2,9 032 787,2,4,9,11,12,14,16,19,22,23,27,30,31,33,43,44,46,55,59,66
,13:00,3,8 300 001,1,3,4,6,7,9,11,19,20,23,31,32,34,48,50,53,64,67,68,70
,13:00,2,9 157 674,11,12,14,15,16,17,23,26,34,36,42,46,52,56,57,58,59,65,67,68
,13:00,2,?,2,12,18,19,20,22,29,32,36,38,42,46,49,50,53,55,60,63,69,70
,13:00,3,9 561 993,1,3,4,13,21,25,27,30,33,36,38,39,40,44,52,55,56,58,63,68
,13:00,2,7 120 835,2,3,6,15,18,21,22,24,25,33,40,50,53,57,60,61,65,66,67,68
,13:00,3,8 866 589,1,3,5,7,10,15,24,27,31,32,37,38,44,46,47,51,53,60,61,70
,13:00,2,4 619 858,3,15,19,20,22,24,26,29,33,34,38,44,48,50,52,55,59,61,63,67
,13:00,2,7 248 234,2,5,8,13,18,23,25,29,30,33,39,40,44,46,47,51,52,60,65,67
,13:00,2,8 683 372,3,6,9,23,28,33,36,39,42,45,46,49,53,55,60,64,66,67,69,70
,13:00,2,?,1,3,7,12,14,15,16,19,30,31,35,41,43,44,50,57,58,63,64,68
,13:00,2,?,8,9,10,13,14,22,24,34,35,36,38,43,50,52,55,62,64,67,68,70
,13:00,3,3 024 210,5,6,7,11,12,23,27,28,32,33,36,37,39,42,46,47,49,54,62,69
,13:00,2,5 696 057,7,8,12,18,22,24,25,26,32,36,46,48,49,50,53,58,59,62,65,67
,13:00,3,7 715 491,3,7,17,19,21,22,24,27,28,32,36,39,40,44,52,53,56,64,65,68
,13:00,2,9 949 167,7,8,11,19,21,23,24,28,35,36,37,40,46,47,50,55,56,60,67,68
,13:00,3,2 628 728,2,6,10,11,13,19,20,23,25,28,34,35,38,39,47,48,54,56,59,68
,13:00,2,3 545 743,1,5,8,10,14,15,19,20,22,27,29,34,43,44,48,56,57,60,65,67
,13:00,2,2 572 290,1,8,13,16,18,21,26,29,30,34,38,39,43,45,46,55,64,65,66,67
,13:00,2,4 889 234,1,7,16,25,29,32,34,35,36,37,40,41,45,47,49,57,59,62,65,68
,13:00,5,5 767 385,2,4,7,10,16,20,24,26,28,31,35,38,42,44,48,51,58,59,62,69
,13:00,2,1 159 588,3,4,12,18,19,21,23,24,30,33,34,44,47,48,53,58,61,62,66,70
,13:00,2,8 001 369,4,6,8,11,12,16,26,27,36,39,44,51,52,55,56,57,60,64,68,69
,13:00,3,1 824 885,1,4,8,13,14,24,25,26,35,38,41,42,45,46,48,58,59,64,65,68
,13:00,2,3 778 008,2,3,5,7,9,12,13,14,22,27,30,31,36,38,40,43,48,52,56,59
,13:00,2,8 614 082,1,3,6,16,17,19,20,21,24,28,31,41,49,50,53,54,55,57,65,70
,13:00,5,5 862 828,3,4,5,14,15,16,21,25,33,34,36,40,43,45,63,64,66,67,68,70
,13:00,5,?,3,6,11,12,18,22,27,33,34,40,41,50,54,55,58,61,62,63,64,65
,13:00,5,8 538 465,1,3,5,9,11,16,25,30,31,33,35,42,46,47,48,50,52,58,64,66
,13:00,3,9 937 869,6,10,12,13,14,18,19,23,32,33,34,36,38,39,46,49,50,54,66,67
,13:00,2,7 377 789,1,15,16,25,28,34,39,41,45,46,47,50,52,53,54,61,63,64,69,70
,13:00,2,9 909 106,1,7,11,13,20,23,25,29,36,38,40,42,49,50,51,52,54,55,59,63
,13:00,2,4 146 715,3,7,13,22,23,28,33,39,43,44,47,52,53,57,58,59,62,65,69,70
,13:00,2,1 592 225,3,4,8,11,21,23,25,31,34,37,40,41,45,51,52,62,63,64,65,69
,13:00,2,5 575 868,6,13,18,28,31,36,40,41,43,46,47,53,54,55,62,63,65,66,67,68
,13:00,3,5 920 883,7,11,13,18,27,31,32,33,35,38,42,43,46,53,54,56,58,59,67,68
,13:00,3,?,1,2,9,10,11,14,26,27,30,34,39,40,42,44,51,53,54,56,57,70
,13:00,2,4 572 493,3,6,15,16,18,22,23,25,35,43,50,51,52,54,55,57,65,66,68,69
,13:00,2,2 927 478,1,2,7,8,13,15,16,19,20,23,26,30,35,43,48,54,55,56,58,66
,13:00,2,6 689 838,8,9,11,12,15,16,22,33,36,37,41,45,47,48,50,52,54,55,57,58
,13:00,2,2 643 055,3,7,8,11,14,21,23,27,28,31,33,49,50,51,54,60,63,64,67,69
,13:00,3,?,2,6,9,10,11,12,17,31,36,38,40,43,49,54,57,61,62,63,69,70
,13:00,2,5 837 064,2,5,13,22,23,25,31,33,37,41,45,49,51,54,55,59,61,62,68,69
,13:00,2,6 460 098,4,7,10,13,16,18,21,22,25,31,35,45,51,56,59,61,64,67,68,69
,13:00,2,7 004 931,2,6,7,19,21,22,24,26,30,34,39,43,49,50,51,55,56,57,62,67
,13:00,2,6 217 209,6,10,13,16,17,22,25,31,38,42,45,50,51,53,54,57,58,61,65,69
,13:00,3,1 079 321,3,4,5,11,16,18,25,29,31,33,36,40,45,46,48,50,53,59,67,69
,13:00,3,4 039 188,2,4,7,13,15,23,26,27,32,35,36,44,47,49,52,54,57,60,65,66
,13:00,3,8 510 842,3,4,7,8,20,21,22,24,26,27,33,34,35,41,42,44,47,56,65,68
,13:00,3,5 559 305,4,8,9,13,24,27,28,31,34,36,37,39,43,50,57,58,60,61,67,70
,13:00,3,3 012 846,3,7,9,13,14,15,17,28,32,37,43,50,54,56,59,61,62,66,68,69
,13:00,2,2 210 066,4,5,7,17,18,22,24,27,30,37,38,39,40,45,49,50,52,53,56,67
,13:00,2,?,4,7,8,13,14,19,23,27,31,32,39,45,46,50,51,54,61,65,66,68
,13:00,2,6 926 669,2,5,6,8,15,20,21,23,28,31,35,41,45,48,53,54,61,64,66,67
,13:00,3,8 911 952,3,4,5,6,8,16,20,21,23,33,34,46,47,51,56,63,66,67,68,69
,13:00,2,9 439 467,11,12,13,17,26,29,35,37,39,40,41,43,48,49,52,53,54,61,67,70
,13:00,2,6 003 095,3,4,8,10,11,12,25,26,30,33,38,42,47,54,57,61,63,65,67,69
,13:00,2,?,2,4,5,7,8,12,25,26,30,34,44,49,52,53,54,58,60,62,65,67
,13:00,2,6 130 070,7,13,14,16,22,25,26,29,32,33,35,43,44,46,49,56,61,64,66,69
,13:00,2,8 317 881,5,6,10,11,19,20,24,25,28,30,31,33,38,45,48,50,58,61,64,68
,13:00,2,?,2,3,6,8,9,18,19,25,34,37,40,42,43,44,46,50,55,59,66,70
,13:00,5,5 589 634,5,7,15,20,21,26,27,33,34,39,41,42,43,47,50,51,61,63,66,68
,13:00,2,6 827 558,7,8,9,10,13,15,18,20,23,30,33,36,43,45,47,49,55,56,58,60
,13:00,2,7 830 524,2,4,19,24,25,30,31,32,36,41,43,48,49,51,55,57,60,61,62,64
,13:00,5,?,8,11,15,19,22,23,25,26,27,33,39,40,43,44,45,46,47,56,57,68
,13:00,2,9 231 307,1,3,8,11,13,15,19,26,32,33,38,41,47,48,58,59,60,64,67,70
,13:00,2,5 002 966,5,7,10,17,21,22,25,29,32,35,38,48,49,51,52,53,56,64,65,66
,13:00,2,6 124 978,1,3,5,7,8,12,18,21,23,25,26,33,36,39,43,54,57,66,67,69
,13:00,2,7 782 492,2,3,4,12,13,16,24,25,26,27,29,33,42,44,54,55,56,57,62,65
,13:00,3,9 948 100,4,8,9,11,14,16,17,19,20,28,40,42,43,45,47,53,58,63,64,66
,13:00,2,?,2,3,7,9,12,14,21,23,29,35,36,39,40,50,52,60,61,62,68,69
,13:00,2,4 263 214,4,7,8,10,11,13,18,21,27,30,36,45,51,52,57,60,62,66,67,69
,13:00,2,8 504 183,2,3,11,17,19,20,23,25,27,29,34,35,37,38,43,44,47,50,59,69
,13:00,3,8 267 708,2,4,5,12,13,16,23,29,32,43,45,47,51,52,59,61,63,64,66,70
,13:00,3,5 607 517,4,9,11,16,19,21,26,33,35,36,39,43,47,50,52,54,57,63,64,69
,13:00,2,4 012 391,2,3,6,13,16,17,18,21,24,36,40,41,46,49,56,58,59,61,63,67
,13:00,2,7 818 328,3,4,8,9,11,12,19,26,28,34,39,44,48,51,52,56,60,62,63,67
,13:00,2,?,6,9,13,15,22,23,25,26,30,38,43,50,52,54,55,57,58,62,66,70
,13:00,5,7 807 025,1,5,7,9,12,13,25,30,36,42,44,51,53,55,56,59,61,65,67,68
,13:00,2,5 909 206,3,11,15,19,20,23,25,39,40,41,43,44,45,49,50,55,59,60,62,68
,13:00,2,?,6,9,12,13,14,15,18,19,22,25,28,33,37,39,44,46,50,62,63,68
,13:00,5,7 963 643,1,2,7,8,9,27,32,34,35,38,41,44,45,47,52,54,56,58,68,70
,13:00,3,6 462 406,1,4,10,13,14,21,26,29,30,32,35,47,49,50,53,56,63,64,65,69
,13:00,2,?,7,12,15,18,20,27,28,29,32,33,35,39,40,49,52,56,61,65,68,69
,13:00,3,9 147 481,4,5,7,12,13,17,20,24,25,26,27,31,35,40,46,54,56,64,66,69
,13:00,2,1 012 330,3,4,5,12,18,19,21,24,31,32,34,35,36,40,49,50,56,59,60,64
,13:00,3,?,1,24,25,29,30,31,32,37,39,41,52,54,55,56,58,62,63,64,65,66
,13:00,3,8 443 944,2,3,10,16,20,27,33,35,39,41,42,43,44,46,55,59,60,64,65,66
,13:00,2,8 950 265,3,12,14,16,20,22,23,24,27,31,35,40,41,45,57,58,60,61,62,66
,13:00,5,?,1,3,12,18,19,20,22,25,35,36,37,38,42,43,44,45,50,56,63,65
,13:00,2,4 586 476,1,7,10,12,18,24,28,29,30,31,33,36,46,55,57,60,63,64,68,69
,13:00,2,8 120 010,1,4,6,8,9,10,12,19,28,33,40,41,42,43,45,50,52,55,64,68
,13:00,3,2 167 636,5,7,8,9,20,24,30,32,34,35,36,40,43,51,55,56,62,66,68,70
,13:00,2,7 059 607,4,6,11,12,14,17,19,30,32,41,42,43,46,50,52,59,61,64,65,67
,13:00,5,?,4,5,6,13,18,21,27,30,35,38,43,44,45,52,57,59,60,62,68,70
,13:00,3,9 663 011,1,10,15,17,24,29,30,33,34,36,39,40,41,42,44,46,47,49,62,65
,13:00,2,2 161 605,3,4,7,8,12,14,15,33,35,38,39,43,45,46,48,49,54,57,64,68
,13:00,2,8 936 042,3,4,5,6,7,9,15,20,35,41,42,51,52,54,58,60,62,65,69,70
,13:00,2,9 217 795,3,6,15,26,29,31,33,35,41,42,44,45,46,53,55,61,63,64,66,70
,13:00,2,5 955 529,1,11,19,21,24,25,27,28,29,31,34,39,41,44,51,54,61,63,64,67
,13:00,2,8 647 048,2,12,16,18,23,29,31,33,42,43,45,46,47,53,55,58,61,64,65,69
,13:00,2,9 051 451,1,6,7,10,13,15,16,17,18,26,30,32,34,38,40,44,45,48,61,66
,13:00,2,3 849 625,1,4,5,8,16,19,21,23,27,30,35,36,43,49,52,53,54,55,56,68
,13:00,2,9 431 788,7,11,13,18,19,20,22,23,24,28,29,35,44,45,46,48,50,53,60,65
,13:00,3,?,3,9,13,17,18,19,21,43,45,46,47,49,51,52,56,59,60,61,62,64
,13:00,3,?,6,14,18,20,30,33,42,43,44,45,49,53,57,58,59,60,62,63,64,67
,13:00,3,?,1,2,4,6,11,16,17,19,27,34,40,45,46,48,51,54,60,62,64,70
,13:00,2,8 549 474,10,17,21,29,30,34,36,37,49,50,51,53,56,63,65,66,67,68,69,70
,13:00,2,3 514 101,3,8,10,11,14,18,19,25,29,31,38,43,46,47,54,62,65,66,68,69
,13:00,3,1 124 172,1,2,21,22,23,25,26,29,37,43,47,48,49,50,54,58,59,62,64,70
,13:00,3,3 773 076,5,9,10,14,17,19,20,25,28,29,34,37,39,41,51,52,56,63,68,70
,13:00,3,7 326 548,8,9,10,14,17,18,22,28,29,30,36,37,44,46,47,62,63,64,66,68
,13:00,5,8 423 883,6,8,10,12,20,24,26,28,31,32,35,36,40,49,52,59,62,64,67,68
,13:00,2,8 601 204,1,3,10,11,13,17,18,23,24,27,34,38,48,52,54,59,60,62,66,70
,13:00,2,2 393 161,2,5,15,17,23,24,26,30,31,32,38,43,47,51,52,53,55,58,64,66
,13:00,2,6 686 484,4,5,8,19,20,29,33,36,38,43,44,47,53,55,57,58,60,61,66,70
,13:00,2,4 459 520,1,2,8,17,18,22,24,26,29,31,33,36,39,48,49,51,53,54,57,66
,13:00,2,9 235 278,9,15,16,23,26,27,31,32,33,35,47,50,51,56,57,58,65,67,68,69
,13:00,2,8 964 988,1,5,8,20,25,27,32,35,40,45,46,47,50,61,62,63,64,65,66,68
,13:00,2,8 844 193,1,2,6,11,12,16,20,22,23,28,32,33,37,38,45,50,53,55,59,65
,13:00,5,2 879 738,5,7,9,11,18,24,28,31,36,39,40,41,42,43,44,49,50,53,62,70
,13:00,2,6 019 762,2,6,8,9,10,18,19,20,30,35,36,38,49,53,59,63,67,68,69,70
,13:00,2,1 210 442,2,6,7,14,23,25,28,29,33,37,38,41,42,47,52,54,60,61,68,69
,13:00,2,5 173 805,1,17,22,23,26,29,31,32,34,36,37,46,49,53,55,56,58,62,67,68
,13:00,2,3 189 828,1,3,4,8,9,11,12,16,19,20,27,30,35,41,42,44,45,54,61,70
,13:00,3,?,4,6,9,10,18,22,27,33,37,40,45,47,51,53,54,56,58,61,64,70
,13:00,2,2 351 293,1,3,4,5,7,10,11,12,16,17,19,33,37,40,42,49,50,52,57,69
,13:00,2,?,3,5,6,8,11,15,23,26,31,33,40,42,49,51,52,56,57,59,64,68
,13:00,3,1 723 077,2,6,8,9,12,13,18,21,27,28,32,35,37,39,54,59,64,66,68,70
,13:00,3,2 401 095,1,3,9,12,13,17,18,20,32,33,37,41,44,56,57,58,60,62,65,67
,13:00,2,7 246 126,6,23,24,25,26,36,39,41,43,48,51,52,53,56,59,62,63,66,68,70
,13:00,2,3 330 819,3,12,19,20,21,24,25,26,32,34,43,45,48,54,58,59,61,62,64,65
,13:00,2,9 342 610,1,5,9,14,16,25,27,35,37,38,42,45,47,55,56,58,60,64,67,69
,13:00,2,2 703 552,1,3,5,6,7,10,11,13,15,16,17,18,20,22,30,31,32,53,56,61
,13:00,2,?,1,6,8,17,19,20,25,29,31,34,36,37,40,42,47,48,52,63,65,66
,13:00,2,?,5,6,15,16,20,21,22,23,27,29,30,31,32,36,45,46,55,57,68,70
,13:00,2,8 893 498,4,7,8,9,12,16,19,23,25,28,32,38,45,49,54,56,58,59,62,65
,13:00,2,1 579 118,3,6,7,13,17,19,21,25,27,32,36,42,43,48,53,55,59,61,63,69
,13:00,2,5 376 361,3,4,8,9,11,13,15,16,17,19,24,30,32,34,43,47,50,53,60,62
,13:00,3,?,1,2,8,17,19,21,26,30,33,35,38,42,45,49,54,58,65,66,67,68
,13:00,3,8 797 430,4,5,7,9,16,18,21,22,26,28,31,36,39,40,44,47,48,53,56,69
,13:00,2,1 343 086,1,4,8,11,12,17,18,23,25,38,41,43,48,52,60,62,63,65,69,70
,13:00,3,5 210 970,1,4,6,7,9,14,18,20,25,26,29,32,36,44,45,47,50,52,68,70
,13:00,2,4 039 725,4,5,6,9,12,13,15,19,22,26,27,30,36,39,51,52,54,58,66,70
,13:00,2,9 003 073,2,10,11,13,21,23,34,36,38,41,42,47,50,53,55,57,58,59,65,66
,13:00,2,1 172 935,1,2,3,4,9,20,26,27,30,34,37,39,43,49,50,54,65,67,68,70
,13:00,2,4 764 872,1,5,6,11,18,21,23,25,31,34,37,38,45,49,50,53,54,55,56,68
,13:00,2,6 016 594,4,13,15,16,19,20,26,28,29,36,42,46,48,49,52,56,57,63,67,69
,13:00,5,6 307 455,6,16,18,19,21,23,25,26,29,32,33,35,38,43,44,51,52,59,65,67
,13:00,2,6 457 240,2,3,5,8,15,16,20,21,22,23,30,33,40,44,47,48,56,59,69,70
,13:00,2,7 692 802,3,4,5,9,12,13,17,19,23,24,26,37,39,41,46,63,64,65,66,69
,13:00,2,6 452 857,2,7,9,10,11,13,14,15,17,19,31,33,38,44,45,52,56,62,67,70
,13:00,2,7 484 336,2,7,8,9,10,13,14,16,21,27,30,35,50,52,55,56,61,66,68,70
,13:00,2,2 006 839,7,8,13,20,24,27,30,33,35,36,40,45,48,55,56,58,61,65,68,70
,13:00,2,?,1,2,3,9,13,14,17,24,27,33,34,36,39,41,42,45,53,60,61,66
,13:00,2,8 183 662,1,5,6,7,8,9,13,19,23,31,33,36,37,41,48,52,53,60,66,68
,13:00,3,5 732 474,1,2,8,12,14,18,19,20,23,28,37,38,44,47,52,54,55,65,67,68
,13:00,2,7 539 162,1,6,8,9,11,13,19,23,24,29,32,39,40,41,44,46,58,61,62,65
,13:00,2,1 181 736,9,11,12,15,16,18,19,27,29,30,31,34,35,46,49,55,61,62,65,69
,13:00,2,4 384 728,1,5,10,15,16,22,25,26,32,33,34,38,41,42,54,56,64,65,69,70
,13:00,2,4 486 735,1,7,10,15,16,17,23,24,27,28,29,30,32,33,42,46,48,50,63,65
,13:00,5,9 596 146,2,5,8,11,16,21,23,24,29,33,37,40,43,44,46,51,55,60,61,62
,13:00,2,1 887 404,6,10,14,15,16,17,23,33,35,36,38,43,45,46,49,52,63,66,69,70
,13:00,2,2 789 417,1,5,6,9,13,18,32,34,35,37,38,39,43,48,52,54,56,61,64,66
,13:00,3,?,5,6,9,15,16,18,19,21,24,31,34,35,39,41,42,45,48,50,52,53
,13:00,2,?,2,12,14,19,26,27,29,31,32,37,38,41,46,51,56,58,60,63,69,70
,13:00,2,3 129 126,11,12,13,14,18,19,22,23,24,26,33,42,44,50,52,57,61,64,66,69
,13:00,2,4 260 925,5,7,8,9,14,19,22,24,25,27,30,36,38,39,45,46,47,48,55,58
,13:00,2,9 087 420,6,7,9,11,19,20,21,26,27,29,31,36,45,47,49,50,51,58,61,68
,13:00,2,7 597 029,4,7,13,17,20,22,24,25,27,31,34,35,36,37,40,49,52,55,62,66
,13:00,2,3 408 623,1,2,9,10,11,12,15,18,29,30,33,39,42,50,51,54,58,61,64,66
,13:00,3,5 311 964,1,3,4,6,8,9,12,18,22,28,30,33,37,40,44,48,53,60,62,63
,13:00,2,3 216 799,11,12,16,21,23,24,28,33,35,37,40,42,46,48,53,54,56,61,64,67
,13:00,3,6 851 923,4,8,10,12,18,20,27,40,41,44,48,50,51,56,62,63,65,67,68,69
,13:00,2,6 637 571,2,7,13,17,20,24,27,31,33,37,41,46,49,51,54,58,59,60,62,68
,13:00,2,1 094 501,6,11,18,22,23,24,29,32,38,42,43,44,45,52,54,58,59,60,68,70
,13:00,2,?,1,2,5,6,21,29,30,32,33,35,38,40,46,47,52,53,57,58,67,68
,13:00,2,8 967 901,2,4,5,8,9,13,14,21,25,26,28,31,46,52,53,59,61,62,66,67
,13:00,3,5 752 195,1,3,4,5,16,24,27,31,34,38,42,43,44,49,50,51,58,64,66,69
,13:00,2,1 999 507,2,3,8,9,12,18,25,27,31,32,33,35,38,40,41,45,51,52,58,59
,13:00,2,2 207 429,3,6,14,16,17,19,22,26,27,37,40,45,46,47,50,53,54,56,65,67
,13:00,2,4 930 528,1,8,10,11,14,16,21,28,29,30,33,35,37,46,49,57,61,65,69,70
,13:00,2,3 214 506,1,6,7,9,11,12,13,15,21,24,25,29,34,36,40,45,48,49,59,64
,13:00,2,7 104 836,2,3,5,8,10,11,13,16,20,25,26,28,33,40,46,51,54,61,68,69
,13:00,2,3 428 088,2,4,10,11,15,16,17,19,24,30,32,36,39,44,47,48,60,61,62,70
,13:00,2,1 235 204,7,8,11,14,16,17,26,30,36,39,42,44,47,51,55,56,58,59,64,65
,13:00,3,5 480 023,4,7,12,13,14,28,31,36,37,39,40,43,47,50,51,56,58,64,65,70
,13:00,3,1 214 975,1,4,8,17,19,22,23,26,28,29,30,40,44,45,48,49,56,60,61,65
,13:00,2,2 242 016,5,11,16,19,22,27,29,30,31,34,39,44,49,52,58,62,66,68,69,70
,13:00,2,?,4,5,6,13,16,25,26,29,30,36,39,42,47,50,52,54,61,66,67,69
,13:00,2,4 356 493,4,6,7,8,10,12,25,26,30,35,41,43,48,51,55,62,63,64,65,67
,13:00,2,8 170 154,2,13,15,19,33,38,39,41,42,43,44,50,53,54,57,60,61,64,65,67
,13:00,2,1 652 986,3,4,5,6,10,11,23,24,35,36,37,47,52,55,56,57,59,60,65,69
,13:00,2,6 493 370,4,6,11,12,14,20,24,26,30,35,38,45,46,47,48,49,50,51,61,68
,13:00,2,8 247 727,5,7,10,12,14,19,21,27,32,33,48,52,53,54,60,63,65,67,68,69
,13:00,2,9 947 345,8,12,14,15,17,23,31,34,35,36,42,49,50,53,56,59,63,67,69,70
,13:00,2,2 613 711,1,8,10,11,26,29,30,31,34,35,37,38,47,48,49,58,59,64,66,68
,13:00,2,1 532 601,4,8,9,11,14,15,19,25,26,28,31,33,39,51,54,56,58,60,63,70
,13:00,3,5 546 453,3,4,12,13,17,21,23,25,26,29,30,31,36,42,45,52,59,61,63,70
,13:00,2,?,2,3,5,6,9,11,12,18,20,30,34,35,36,40,43,44,50,55,56,59
,13:00,2,2 161 466,1,4,7,11,15,16,19,33,34,35,37,41,42,49,52,55,59,60,64,70
,13:00,2,4 475 321,4,6,7,9,10,15,20,21,30,32,40,44,46,48,50,51,55,56,57,68
,13:00,3,1 771 060,1,2,5,7,8,10,21,23,27,32,34,40,42,47,49,51,52,57,66,70
,13:00,2,4 094 583,2,6,7,14,17,21,24,27,30,36,47,49,50,53,57,59,64,65,68,70
,13:00,2,3 332 738,4,8,9,10,13,15,17,20,29,37,39,41,42,45,54,55,58,60,61,65
,13:00,3,3 114 606,1,5,10,13,21,23,25,26,29,31,37,39,42,44,47,50,57,65,66,68
,13:00,2,3 812 004,2,5,9,12,14,15,20,21,24,28,29,38,39,40,44,49,51,64,67,69
,13:00,2,7 653 177,10,15,17,19,21,24,25,27,29,34,35,41,51,55,58,64,65,67,68,69
,13:00,3,4 319 828,2,7,8,14,15,19,24,32,33,35,44,45,54,58,59,62,63,64,65,68
,13:00,5,?,1,2,6,7,14,18,30,35,42,43,49,50,53,57,58,61,63,64,69,70
,13:00,2,3 261 379,5,10,11,14,15,16,18,20,21,27,32,33,35,38,43,50,53,55,66,68
,13:00,2,5 606 789,1,18,19,23,25,26,33,35,48,49,50,51,54,57,58,64,65,67,68,69
,13:00,3,3 619 997,2,13,16,19,27,28,30,32,40,41,42,43,49,50,51,54,57,59,65,70
,13:00,2,3 102 728,2,5,6,8,13,15,21,23,24,26,29,37,41,45,47,51,55,60,64,69
,13:00,2,7 701 951,7,8,9,10,12,13,17,20,24,28,30,35,40,41,45,50,51,58,62,67
,13:00,2,3 385 007,1,5,7,8,10,13,15,18,23,26,47,48,52,54,55,56,58,63,66,67
,13:00,3,1 072 171,3,4,12,15,16,19,20,23,40,42,44,46,49,50,52,58,66,67,69,70
,13:00,3,3 902 775,1,2,3,6,10,11,18,19,24,26,35,38,41,42,46,48,50,54,58,65
,13:00,2,1 006 631,1,7,8,10,11,18,22,31,32,35,36,41,42,43,47,49,55,61,65,69
,13:00,2,9 873 616,3,9,10,17,22,32,33,39,43,44,46,50,60,61,62,63,65,67,69,70
,13:00,2,1 369 918,1,2,9,16,18,26,27,30,32,35,37,42,44,50,53,55,60,61,63,66
,13:00,2,9 733 380,1,3,4,7,10,13,17,21,26,29,32,33,34,42,44,49,50,56,60,69
,13:00,2,9 365 827,1,3,7,10,12,16,18,21,28,29,36,37,39,47,50,51,52,56,58,61
,13:00,2,?,2,3,5,13,14,17,19,21,27,31,33,38,43,44,48,49,55,61,65,70
,13:00,3,4 596 900,4,7,11,13,17,23,25,26,28,32,34,35,37,51,53,55,60,61,64,69
,13:00,2,9 499 620,6,9,16,18,19,26,28,29,30,34,36,41,47,50,55,57,59,61,63,68
,13:00,2,6 318 803,5,9,10,13,22,25,27,28,38,39,40,45,46,52,55,57,60,62,66,68
,13:00,2,2 486 425,3,7,14,19,21,27,28,30,31,34,45,46,47,52,53,58,60,62,65,66
,13:00,2,?,4,7,10,11,15,19,22,29,30,31,36,38,43,50,56,60,63,64,66,67
,13:00,2,8 627 697,3,15,19,23,26,33,38,44,45,46,49,52,53,55,60,62,63,64,65,69
,13:00,2,7 612 901,7,9,12,15,17,18,24,31,32,39,42,43,44,52,54,55,58,62,66,70
,13:00,3,2 432 453,1,7,9,14,15,16,20,25,36,40,42,43,47,48,50,52,54,55,56,61
,13:00,3,?,4,6,7,9,14,15,21,24,30,40,43,44,48,51,54,56,58,61,63,67
,13:00,2,1 021 395,4,5,7,9,15,18,24,25,27,28,37,39,40,44,47,49,52,54,57,61
,13:00,2,3 207 421,5,6,12,13,16,20,22,24,28,32,34,36,42,46,47,50,58,64,67,70
,13:00,3,9 632 494,1,2,6,8,9,17,20,24,27,33,34,37,38,41,42,43,50,53,56,68
,13:00,2,?,4,7,8,19,21,23,26,28,29,31,32,34,38,42,46,61,62,63,68,70
,13:00,2,1 140 947,2,3,4,15,21,23,24,32,33,35,36,42,43,47,53,54,55,62,65,69
,13:00,3,9 865 067,5,7,8,9,14,17,18,21,26,33,40,42,45,50,61,62,65,67,68,69
,13:00,2,1 369 823,3,4,9,12,13,18,22,24,26,27,29,32,33,41,44,52,53,57,62,68
,13:00,2,6 642 106,1,3,4,8,9,12,14,16,26,32,33,35,38,44,46,50,55,57,61,68
,13:00,2,2 386 782,1,2,6,14,19,20,22,25,27,30,34,35,40,46,47,49,51,53,55,59
,13:00,2,2 413 146,1,3,9,11,14,16,17,20,21,30,31,35,37,38,43,45,46,47,53,59
,13:00,2,2 415 214,3,5,9,10,14,17,20,23,25,27,30,32,34,41,52,53,55,57,66,70
,13:00,5,?,6,9,15,16,18,20,21,23,25,27,29,34,35,39,40,42,44,64,65,69
,13:00,3,5 016 000,5,13,14,15,17,19,23,25,36,37,39,40,41,42,45,49,51,52,59,62
,13:00,3,4 140 642,7,9,10,11,12,13,14,17,18,21,26,30,31,39,47,48,51,53,56,68
,13:00,2,8 932 349,1,12,14,15,19,21,22,25,37,38,39,42,47,49,50,55,57,68,69,70
,13:00,2,6 680 511,2,8,9,15,16,17,31,40,42,44,45,47,50,51,52,60,62,64,65,66
,13:00,3,1 793 737,6,7,9,17,18,19,20,23,24,28,29,30,33,34,40,41,49,53,57,59
,13:00,2,5 365 489,3,9,13,14,21,24,26,28,31,33,34,35,37,39,41,47,51,53,57,65
,13:00,2,4 866 622,2,5,6,13,15,22,23,31,33,37,39,40,41,42,43,47,48,62,69,70
,13:00,3,3 215 612,1,4,7,10,11,12,16,18,19,24,26,31,35,38,46,51,56,57,64,69
,13:00,2,1 652 374,1,5,7,8,9,15,17,20,25,30,36,38,41,42,50,55,56,57,58,68
,13:00,2,5 446 212,1,3,7,15,20,32,33,35,36,37,42,47,48,49,54,59,60,64,67,68
,13:00,2,1 676 149,1,10,12,25,32,33,34,37,43,47,49,52,53,54,60,62,63,64,66,68
,13:00,3,5 362 998,1,3,8,12,13,15,18,22,23,25,29,30,37,41,45,47,49,53,54,57
,13:00,2,?,2,3,4,11,15,21,23,24,32,33,37,39,40,42,45,46,49,56,61,67
,13:00,2,5 002 807,1,3,4,14,19,28,29,32,33,43,44,45,46,47,49,55,63,64,65,67
,13:00,2,3 865 006,2,3,4,8,9,10,11,15,19,38,40,42,44,46,50,54,58,60,66,67
,13:00,2,7 992 113,4,7,10,23,28,30,33,35,37,40,44,45,54,57,59,62,63,64,66,67
,13:00,2,5 058 122,2,4,8,12,16,23,25,30,31,32,37,38,40,43,48,50,54,58,62,67
,13:00,2,1 688 649,8,10,13,21,22,24,26,27,29,33,40,43,46,48,51,54,55,64,68,70
,13:00,3,5 333 560,1,2,3,9,13,17,20,21,22,25,28,33,47,48,54,57,59,64,65,68
,13:00,3,3 133 778,2,6,9,11,15,19,21,25,26,34,38,40,43,46,50,53,56,63,67,68
,13:00,2,?,1,5,6,7,9,10,33,35,36,39,40,41,47,51,52,55,59,63,69,70
,13:00,3,9 077 238,3,5,8,10,13,18,20,21,22,38,42,47,55,58,60,61,62,63,67,69
,13:00,3,9 690 971,3,6,7,12,13,16,17,22,23,24,27,29,34,37,54,55,58,59,66,69
,13:00,2,3 560 790,3,9,10,12,13,14,15,17,19,20,23,24,27,32,43,47,48,54,65,67
,13:00,3,?,1,4,8,13,19,21,22,24,25,26,30,32,41,42,47,50,56,61,65,70
,13:00,2,?,2,5,7,10,15,19,23,24,27,33,35,42,46,48,54,57,61,62,63,67
,13:00,5,5 385 433,2,4,9,10,18,21,22,24,25,36,43,48,51,52,55,58,63,64,69,70
,13:00,5,4 448 544,1,2,7,12,13,14,15,16,25,26,27,31,35,38,42,43,51,58,59,63
,13:00,3,2 885 810,3,9,12,23,24,31,37,42,45,46,48,54,55,57,59,60,62,64,65,67
,13:00,2,?,1,4,7,12,13,16,17,24,26,28,31,36,43,50,52,54,60,66,68,69
,13:00,2,5 424 905,1,3,7,16,19,25,28,29,32,39,40,41,47,54,57,59,62,67,68,69
,13:00,5,?,2,7,8,10,11,12,13,14,26,28,31,32,40,43,44,47,55,57,64,69
,13:00,3,2 146 625,3,4,8,15,18,20,30,33,34,36,38,39,40,41,45,47,51,52,53,65
,13:00,2,1 335 302,7,10,12,20,23,24,31,34,41,42,46,49,50,52,56,57,58,59,65,69
,13:00,3,?,2,4,6,11,14,19,22,25,27,35,37,38,42,50,52,53,54,65,68,70
,13:00,2,3 183 700,1,3,5,14,18,20,27,29,31,32,34,35,41,44,46,47,56,57,64,65
,13:00,5,7 326 333,3,5,6,8,11,16,20,21,30,31,35,37,39,43,45,53,60,62,64,70
,13:00,3,6 799 615,4,9,14,24,29,30,32,36,40,41,44,46,57,58,59,60,62,64,66,68
,13:00,2,?,1,4,7,9,10,13,17,18,20,23,24,25,31,32,34,48,50,57,60,64
,13:00,3,2 970 636,10,12,14,19,26,29,33,34,35,41,42,43,45,51,57,63,65,66,68,70
,13:00,2,9 742 964,1,10,12,19,25,26,28,30,32,33,38,44,46,49,53,54,58,60,67,68
,13:00,2,7 398 565,1,7,8,10,13,16,18,20,22,30,31,35,38,39,41,46,48,57,64,70
,13:00,2,3 713 867,8,9,10,12,14,17,21,23,27,29,31,33,34,35,51,54,58,62,65,69
,13:00,2,7 140 340,10,11,13,27,28,30,32,34,35,37,42,44,48,49,50,51,55,57,58,62
,13:00,2,2 887 339,1,4,6,8,11,12,19,22,28,33,38,39,40,46,49,55,56,59,61,65
,13:00,3,2 846 736,1,5,8,15,18,25,26,28,32,35,36,37,39,45,52,56,60,62,68,69
,13:00,2,4 827 135,1,4,9,12,13,16,21,25,29,32,40,45,46,50,52,57,65,66,68,70
,13:00,2,6 410 429,4,5,7,10,14,16,17,18,20,28,32,34,36,41,43,45,57,58,62,64
,13:00,3,5 898 588,1,2,6,16,18,19,21,24,26,27,31,38,50,52,55,57,60,65,68,69
,13:00,3,9 463 814,13,16,18,19,20,21,23,27,29,41,44,45,54,56,61,62,63,67,68,70
,13:00,2,3 693 736,5,6,11,21,25,30,31,34,36,37,47,50,51,52,53,56,57,63,69,70
,13:00,2,9 430 089,2,5,14,22,23,27,29,31,32,36,44,48,49,52,55,57,58,60,61,67
,13:00,2,6 487 364,4,6,14,15,16,17,21,22,24,25,27,33,42,49,51,53,54,55,63,69
,13:00,2,3 726 051,1,2,8,12,16,17,19,22,26,27,29,33,39,40,42,47,48,51,53,54
,13:00,2,3 021 572,2,7,21,22,23,25,27,34,37,40,46,47,49,51,57,61,62,64,69,70
,13:00,5,4 898 929,6,7,11,14,16,20,23,24,25,26,28,35,39,46,51,55,60,62,67,69
,13:00,2,3 867 613,4,7,10,11,12,15,21,23,27,34,35,37,38,46,50,51,52,59,60,61
,13:00,3,9 548 443,7,10,13,17,18,22,24,26,30,35,37,44,46,51,52,59,60,61,63,68
,13:00,2,8 524 921,1,2,8,12,13,14,20,23,29,33,34,36,39,50,52,56,59,61,67,70
,13:00,3,?,7,8,16,18,19,23,25,27,31,39,40,43,50,54,58,59,60,63,64,70
,13:00,3,1 215 006,2,3,5,6,12,16,17,22,25,26,31,32,40,43,48,50,53,54,55,66
,13:00,5,6 468 989,3,7,9,11,14,18,20,24,26,27,30,35,37,39,40,43,46,59,65,69
,13:00,2,1 363 383,8,10,17,19,22,23,24,25,26,29,30,36,37,45,48,55,56,58,60,63
,13:00,2,1 604 810,4,6,11,15,20,25,27,31,32,41,45,46,47,49,51,53,54,55,56,64
,13:00,2,2 172 738,1,4,7,12,14,16,17,18,24,27,28,35,36,44,45,46,51,52,69,70
,13:00,2,7 437 289,1,6,8,11,13,20,23,30,40,42,45,46,50,53,54,55,59,61,67,69
,13:00,3,2 355 017,5,7,9,13,21,22,27,28,38,41,44,49,53,54,56,57,58,59,67,69
,13:00,3,?,3,4,17,24,28,29,31,32,38,43,44,46,47,51,53,55,64,67,68,70
,13:00,3,5 751 881,2,7,8,9,11,16,17,21,27,28,29,37,40,45,49,58,63,65,66,70
,13:00,3,4 062 522,2,7,10,16,19,21,26,28,32,40,41,45,46,51,53,54,55,59,64,68
,13:00,2,2 726 381,2,4,10,11,15,27,32,36,41,46,47,49,51,56,57,58,60,61,62,66
,13:00,3,2 731 769,2,3,7,9,13,14,16,17,24,25,27,35,36,41,45,47,48,64,65,68
,13:00,2,7 389 164,4,7,10,17,23,25,26,27,29,30,32,39,41,49,51,52,54,55,56,68
,13:00,2,5 568 878,1,2,3,4,9,10,12,15,17,18,19,23,27,28,31,32,37,41,59,68
,13:00,3,3 950 572,1,2,5,6,8,9,10,14,18,20,23,46,50,53,59,61,62,63,64,68
,13:00,2,6 750 077,1,4,8,13,16,18,23,25,27,33,36,38,39,45,46,49,53,58,64,67
,13:00,2,?,2,3,4,5,11,12,14,17,19,23,24,25,35,45,50,52,58,59,60,70
,13:00,2,8 590 743,5,6,7,14,18,20,26,28,29,32,34,48,49,55,58,62,66,67,68,69
,13:00,2,1 358 694,7,8,11,12,13,16,26,27,33,34,38,42,47,49,50,53,55,60,68,69
,13:00,3,5 014 361,3,8,10,22,27,28,29,31,32,33,34,35,43,46,51,53,62,63,64,67
,13:00,2,7 011 567,2,7,10,24,26,28,29,30,37,42,45,46,47,52,53,60,62,65,67,68
,13:00,2,2 722 081,8,14,15,18,21,23,25,33,34,35,43,44,45,48,53,54,65,67,68,69
,13:00,3,?,1,8,9,16,20,27,28,30,32,36,39,41,43,46,47,50,52,58,60,69
,13:00,2,5 009 365,2,4,8,12,16,18,19,34,37,41,44,46,47,49,51,53,54,55,58,69
,13:00,2,9 274 069,1,3,4,10,13,15,17,18,22,33,36,38,39,41,46,47,50,57,58,60
,13:00,2,2 358 142,1,2,4,6,8,20,21,22,29,30,35,38,40,41,42,45,52,57,60,66
,13:00,2,4 329 079,3,11,17,18,20,24,29,34,35,36,39,42,45,47,53,55,61,62,66,68
,13:00,2,5 600 107,10,11,13,16,18,21,23,25,31,42,45,47,53,54,57,58,59,62,63,68
,13:00,2,8 087 028,4,7,10,12,19,22,24,26,28,30,34,35,40,41,42,43,46,60,62,65
,13:00,2,2 854 989,1,3,15,16,22,28,31,34,41,45,46,48,53,56,58,60,63,64,66,67
,13:00,2,4 256 502,3,4,8,12,14,21,22,25,28,30,31,36,37,38,41,47,50,53,55,63
,13:00,3,?,2,5,8,20,21,25,28,29,30,32,39,41,42,48,55,58,63,64,66,67
,13:00,2,2 472 185,2,13,14,20,22,24,26,29,32,34,38,51,53,55,56,60,61,65,66,69
,13:00,2,7 406 366,2,3,5,11,13,14,15,18,24,26,27,33,35,43,46,61,62,67,68,70
,13:00,3,2 989 638,2,11,14,20,30,39,40,44,46,47,48,52,53,54,55,58,59,61,62,70
,13:00,2,9 530 299,2,3,7,12,25,27,30,36,37,40,41,49,50,51,53,54,57,60,63,70
,13:00,2,?,1,2,3,4,5,7,8,16,17,19,25,31,34,38,49,50,55,61,63,66
,13:00,3,9 516 884,2,4,5,9,13,14,16,17,21,26,30,31,43,44,56,59,60,64,66,70
,13:00,2,6 728 133,2,5,8,11,13,16,19,21,22,25,26,31,34,35,39,49,51,54,55,70
,13:00,2,1 907 284,2,6,8,21,22,23,28,31,34,38,44,45,46,48,50,52,53,56,59,70
,13:00,2,2 716 539,7,14,16,17,19,22,24,28,29,30,35,39,40,41,48,51,62,65,66,67
,13:00,3,5 572 186,4,5,6,11,14,15,18,20,25,27,31,43,48,53,56,57,58,62,65,68
,13:00,3,4 951 588,1,2,6,12,16,22,33,34,38,40,42,43,44,45,47,49,51,52,55,57
,13:00,3,2 690 086,1,2,3,14,20,21,24,30,34,37,42,43,48,49,51,56,59,61,66,68
,13:00,3,2 595 079,1,3,9,14,16,19,24,28,29,31,35,48,51,53,56,58,63,65,68,69
,13:00,3,8 789 065,7,9,12,19,20,21,23,26,27,29,32,37,39,41,44,52,56,60,61,67
,13:00,2,3 719 577,1,2,5,8,15,16,20,23,26,28,31,33,36,46,50,52,57,67,69,70
,13:00,2,9 444 941,2,4,9,13,14,15,16,18,20,25,29,32,33,41,43,48,49,53,57,61
,13:00,2,1 337 734,1,6,8,10,13,16,17,24,30,32,34,41,43,47,54,56,57,61,66,67
,13:00,2,1 844 235,3,6,7,10,11,12,14,15,16,17,22,25,28,30,40,41,44,52,59,69
,13:00,3,?,2,7,8,10,13,15,18,20,27,30,34,35,39,40,46,48,49,50,57,67
,13:00,2,?,1,2,3,8,10,15,19,23,33,39,43,46,48,50,52,53,54,56,62,63
,13:00,3,3 502 250,1,4,5,6,10,11,19,25,26,29,31,33,41,54,58,59,62,67,68,70
,13:00,2,1 867 274,1,2,6,7,13,15,19,26,29,40,42,43,45,46,49,51,57,58,59,68
,13:00,2,9 647 704,4,14,22,24,27,32,34,36,37,38,45,48,50,53,54,58,65,66,68,69
,13:00,2,3 571 333,1,5,8,9,10,11,16,17,22,23,32,35,39,40,45,47,55,59,66,69
,13:00,3,5 221 075,8,14,19,20,21,29,34,36,39,42,44,45,50,53,55,56,59,63,65,69
,13:00,2,2 010 687,3,12,14,16,17,19,25,30,33,36,37,38,42,46,49,52,58,60,62,67
,13:00,2,6 111 780,1,2,10,11,12,14,19,29,32,33,35,40,41,51,58,59,63,65,67,68
,13:00,2,4 035 464,3,4,5,7,9,16,18,22,27,29,36,38,41,46,49,57,58,59,66,69
,13:00,3,2 266 156,2,16,18,22,25,27,29,31,33,36,40,45,46,47,53,58,63,65,66,67
,13:00,2,8 841 183,1,9,12,13,19,20,21,27,34,35,42,44,48,51,52,53,60,64,69,70
,13:00,5,?,3,11,18,22,23,30,32,33,36,38,40,44,46,49,50,51,54,59,61,62
,13:00,2,7 102 726,1,7,8,11,22,32,35,40,48,49,53,54,55,56,57,58,60,61,64,69
,13:00,2,?,1,4,5,7,19,26,28,31,32,46,49,53,54,56,57,60,61,63,64,69
,13:00,2,8 067 139,7,8,10,14,17,24,27,29,36,38,44,46,48,50,52,53,54,55,57,69
,13:00,3,4 998 056,1,3,4,7,10,11,12,20,25,26,31,33,34,37,40,47,50,51,66,68
,13:00,3,?,3,4,10,12,13,31,36,37,38,40,42,44,46,47,50,51,52,57,64,65
,13:00,2,2 872 827,2,7,9,10,13,16,17,18,23,25,30,37,44,51,54,55,56,59,63,67
,13:00,3,3 147 092,4,6,10,21,24,27,34,35,41,42,50,56,57,60,61,62,63,64,67,70
,13:00,2,3 390 900,1,2,4,5,6,9,12,16,20,22,26,30,32,35,37,41,42,61,63,65
,13:00,2,9 409 602,1,11,14,15,18,19,23,26,30,32,33,34,36,40,43,46,57,60,63,66
,13:00,2,1 606 667,1,3,4,7,9,17,18,25,26,28,29,31,37,40,51,53,59,63,64,67
,13:00,3,7 601 194,2,5,8,9,10,14,15,21,22,25,27,33,42,50,55,58,59,60,67,69
,13:00,3,5 356 087,1,8,11,17,18,25,26,27,36,44,45,46,47,48,54,56,63,66,69,70
,13:00,2,1 967 849,6,17,19,21,22,24,25,27,28,30,32,35,37,38,43,51,61,65,67,68
,13:00,2,8 931 110,1,5,7,8,14,19,20,24,26,32,37,38,40,55,58,60,63,64,65,69
,13:00,2,1 260 504,2,5,10,13,16,18,19,21,24,25,35,41,43,44,50,55,56,58,59,60
,13:00,2,8 943 880,1,13,17,18,28,31,36,38,41,47,48,55,56,58,60,63,64,66,68,69
,13:00,2,5 982 107,2,3,4,5,12,14,18,23,24,26,27,28,29,30,33,34,40,52,56,59
,13:00,2,?,5,9,17,20,24,26,28,33,36,41,47,53,54,55,58,59,63,65,68,69
,13:00,3,3 852 613,3,4,5,7,8,15,20,21,23,39,44,46,47,53,61,64,66,68,69,70
,13:00,2,?,6,7,8,9,11,19,21,22,32,38,43,44,45,46,53,57,59,63,64,70
,13:00,2,1 056 951,6,7,9,11,16,18,19,20,39,42,46,47,49,52,53,54,55,58,64,65
,13:00,2,2 148 904,1,6,11,13,17,29,30,32,34,35,41,43,46,47,50,51,56,57,62,68
,13:00,3,9 780 105,4,6,10,19,20,22,23,24,25,26,27,32,36,46,54,56,59,61,63,64
,13:00,3,?,3,5,7,14,15,17,23,27,29,33,35,36,40,47,48,49,55,58,64,69
,13:00,2,9 708 157,1,2,3,10,12,13,14,17,35,42,43,47,49,50,55,60,61,62,65,67
,13:00,2,5 813 164,1,10,11,12,14,17,21,25,28,29,33,36,38,40,44,46,51,59,65,68
,13:00,3,6 988 064,1,12,15,17,20,24,30,31,38,40,42,48,51,54,56,58,65,68,69,70
,13:00,2,?,3,5,6,11,17,23,25,26,28,29,36,37,40,47,49,50,57,60,65,70
,13:00,2,?,2,10,13,17,19,20,23,24,28,31,32,33,34,41,42,48,49,55,57,68
,13:00,2,?,2,5,9,12,20,21,24,38,39,40,44,47,48,50,51,53,57,58,61,64
,13:00,2,6 620 194,1,3,4,7,11,13,17,32,33,34,38,39,44,48,52,55,64,66,68,69
,13:00,2,?,1,4,10,11,14,16,20,21,23,24,31,32,33,34,44,57,58,60,61,67
,13:00,3,4 731 899,4,10,17,26,28,31,34,36,37,45,46,47,49,52,53,58,59,61,64,70
,13:00,2,8 380 895,5,12,15,17,25,29,32,33,34,39,40,47,49,50,52,56,58,63,64,70
,13:00,3,1 280 321,2,4,10,12,13,21,23,25,28,29,42,48,50,51,54,55,57,58,61,64
,13:00,2,1 122 383,8,9,14,17,27,29,30,35,39,40,41,42,45,46,47,50,54,55,63,69
,13:00,3,1 671 973,3,7,9,12,16,17,21,35,36,37,39,42,48,54,55,56,57,59,60,65
,13:00,3,6 462 182,1,3,4,6,11,12,16,20,23,35,38,42,50,51,55,57,58,65,69,70
,13:00,2,5 536 736,3,8,10,12,17,21,25,26,27,28,30,39,40,42,44,50,52,53,58,59
,13:00,5,2 038 070,1,6,13,18,24,26,27,28,47,48,49,55,58,61,62,63,65,67,68,70
,13:00,3,?,2,4,6,10,12,18,22,29,30,31,32,41,43,45,47,50,54,59,61,65
,13:00,2,5 319 956,9,10,12,17,19,20,22,28,33,41,42,45,46,48,49,50,55,59,62,68
,13:00,2,2 737 799,2,7,11,12,18,19,35,36,37,38,41,44,47,48,50,54,56,64,65,68
,13:00,2,?,4,5,6,9,11,19,26,30,35,43,44,45,50,52,54,55,56,61,65,69
,13:00,2,9 013 642,1,17,21,23,34,35,40,41,42,47,48,52,53,54,55,57,58,60,64,67
,13:00,2,?,1,3,13,21,23,26,29,30,32,34,37,49,54,55,56,57,58,61,63,68
,13:00,2,7 611 476,4,11,14,24,29,38,41,43,48,49,50,51,52,53,56,58,59,64,69,70
,13:00,3,1 703 447,1,6,7,9,14,17,19,30,31,38,41,43,46,50,51,54,57,59,63,70
,13:00,3,7 891 578,3,5,7,13,14,15,17,18,21,22,23,28,42,43,44,54,56,64,66,68
,13:00,2,4 070 346,1,11,12,14,16,23,30,32,33,34,38,42,43,44,47,49,52,53,59,66
,13:00,3,1 932 357,1,9,10,12,14,15,17,19,20,25,27,30,43,47,53,57,61,65,68,70
,13:00,2,5 442 302,3,9,15,17,22,25,26,27,34,41,42,46,52,53,55,56,57,64,65,69
,13:00,3,2 957 082,1,5,8,15,19,25,28,31,34,37,41,42,43,44,53,56,57,63,66,69
,13:00,2,8 191 524,2,3,8,9,32,34,37,39,40,42,48,53,57,58,59,60,63,65,66,68
,13:00,2,5 617 918,1,3,5,12,15,17,27,29,40,43,44,45,47,51,58,61,62,64,65,69
,13:00,2,4 243 281,5,6,7,11,12,15,16,28,29,30,36,42,51,52,53,59,61,65,66,67
,13:00,2,6 684 760,1,4,6,11,13,15,17,19,27,36,37,48,49,51,56,58,61,64,65,68
,13:00,2,3 080 596,7,9,14,16,18,20,25,30,31,33,36,41,42,44,46,47,52,53,59,62
,13:00,2,1 946 393,6,7,15,20,22,26,30,34,42,43,45,46,47,49,51,52,55,56,62,63
,13:00,2,3 862 009,2,5,6,7,8,10,27,29,30,31,33,41,42,47,48,49,53,54,55,62
,13:00,2,6 326 823,1,7,9,10,14,16,20,21,25,26,31,32,35,41,48,53,54,55,56,64
,13:00,2,?,4,7,8,13,15,21,23,37,40,41,42,52,54,57,58,59,60,63,66,69
,13:00,3,7 516 131,2,10,18,21,32,34,35,37,39,41,43,44,46,48,49,51,55,57,60,65
,13:00,2,2 662 336,2,7,9,12,13,14,21,25,26,30,33,35,36,37,42,45,50,52,60,68
,13:00,2,2 964 170,2,6,8,16,19,24,28,30,31,35,37,38,40,45,46,48,52,55,65,67
,13:00,3,9 211 458,11,20,21,23,24,28,30,32,35,38,41,44,45,55,60,61,62,63,67,68
,13:00,2,7 624 909,1,3,5,21,22,31,32,33,41,43,46,47,48,50,52,57,63,67,69,70
,13:00,2,?,3,5,6,7,9,15,17,18,26,33,36,39,47,48,51,55,56,60,63,64
,13:00,2,3 735 479,1,5,10,18,21,22,24,25,31,36,43,44,45,48,49,53,60,64,68,69
,13:00,2,6 111 877,4,8,12,16,19,22,25,31,36,42,43,45,46,48,51,54,55,61,69,70
,13:00,5,3 374 080,1,2,5,6,13,18,20,21,27,29,37,40,41,42,43,44,54,55,60,61
,13:00,2,9 652 847,2,5,8,9,11,16,17,20,27,29,32,35,41,48,51,55,56,59,69,70
,13:00,5,?,1,2,6,16,18,21,33,34,38,39,43,45,50,51,54,58,59,64,65,66
,13:00,2,4 783 743,2,3,5,12,15,19,22,28,29,30,38,41,44,49,50,52,55,59,60,64
,13:00,3,8 709 061,5,8,11,14,22,25,26,31,32,33,38,42,44,50,53,56,57,61,67,68
,13:00,2,1 777 662,3,4,9,10,14,19,22,24,37,38,40,41,42,48,51,53,55,59,65,66
,13:00,2,5 523 485,3,4,5,6,15,21,24,28,29,31,32,33,40,42,44,48,49,65,68,69
,13:00,2,?,6,10,12,21,24,32,34,35,36,38,39,40,41,47,51,52,54,59,68,70
,13:00,2,8 416 804,1,3,7,15,16,24,26,27,28,31,38,48,49,50,51,56,58,60,64,69
,13:00,3,1 728 637,5,7,8,9,12,13,16,19,24,25,30,35,39,43,50,52,53,54,62,63
,13:00,2,2 772 615,4,8,11,18,19,20,21,28,30,32,33,34,38,39,40,43,44,53,55,57
,13:00,2,8 628 379,3,5,8,15,16,17,18,27,35,37,38,43,46,49,59,60,66,67,68,70
,13:00,2,2 655 940,2,6,11,12,14,18,24,25,29,36,38,40,43,45,52,63,65,67,68,70
,13:00,3,6 654 925,3,5,16,19,20,22,23,36,38,39,42,43,45,46,48,52,55,59,60,64
,13:00,3,6 873 114,3,6,8,10,17,18,19,21,23,26,32,40,42,44,47,63,64,66,67,70
,13:00,3,8 173 225,1,7,13,20,21,29,30,31,33,35,37,47,51,52,56,61,63,66,67,70
,13:00,5,6 600 522,5,7,10,13,15,18,19,21,24,26,27,30,32,33,38,45,51,64,69,70
,13:00,2,8 839 531,5,6,11,20,21,36,37,38,45,46,48,50,51,54,56,59,61,64,69,70
,13:00,2,8 638 403,2,6,10,27,29,30,33,34,35,39,44,48,51,54,55,58,63,64,65,69
,13:00,2,5 274 436,1,3,4,5,8,11,12,18,21,23,28,33,34,37,39,42,45,49,62,70
,13:00,2,9 990 348,2,4,5,7,11,14,17,18,22,28,36,39,41,45,48,51,52,57,60,67
,13:00,2,2 007 433,2,8,11,12,15,16,17,21,22,23,24,28,30,37,38,49,54,56,57,67
,13:00,2,2 357 916,3,9,11,12,15,19,20,28,29,33,34,35,37,40,45,48,55,60,64,70
,13:00,3,?,5,6,9,18,19,26,27,29,33,38,41,44,45,46,47,49,51,52,62,65
,13:00,2,6 066 293,6,7,9,11,12,15,16,21,27,29,30,31,33,43,44,53,61,64,67,70
,13:00,2,3 835 624,6,10,11,14,15,19,21,22,24,28,30,31,33,35,39,40,45,46,50,52
,13:00,2,5 998 238,11,12,15,18,21,22,23,28,31,36,40,41,50,51,55,61,64,67,69,70
,13:00,2,?,1,2,4,8,10,15,21,26,30,38,41,43,48,53,54,55,57,58,65,66
,13:00,3,1 176 949,3,6,7,9,10,12,21,22,26,33,36,37,42,50,51,58,61,65,68,70
,13:00,2,6 865 430,4,8,9,12,15,19,23,26,27,28,30,32,34,36,38,45,48,51,55,70
,13:00,3,3 357 344,3,14,15,24,27,35,36,39,40,41,42,44,45,51,57,58,64,66,69,70
,13:00,2,3 108 803,1,2,3,5,7,11,16,31,32,34,37,39,46,52,57,63,65,67,68,69
,13:00,2,1 039 633,2,6,10,11,13,16,19,20,24,27,31,37,41,49,50,53,57,58,59,69
,13:00,3,?,1,3,5,6,14,15,18,28,31,42,43,47,57,58,61,63,64,67,68,69
,13:00,2,2 234 657,10,11,12,16,17,22,23,24,25,26,27,30,34,46,49,52,57,64,69,70
,13:00,3,9 300 913,6,10,11,13,14,15,16,26,27,33,34,40,44,51,55,56,57,60,63,69
,13:00,2,2 325 244,3,5,7,9,10,14,23,24,27,30,34,35,36,39,41,44,47,51,56,70
,13:00,2,?,2,5,10,13,16,17,18,22,23,24,28,36,37,38,42,44,50,65,66,68
,13:00,3,5 966 661,4,6,11,20,25,26,27,33,37,41,42,44,45,50,54,55,59,61,64,70
,13:00,3,7 113 103,1,2,5,7,8,9,11,14,16,17,24,26,30,37,40,44,56,64,65,67
,13:00,5,?,4,7,8,12,15,31,32,34,35,36,42,49,54,55,56,57,59,60,61,69
,13:00,2,6 080 861,1,3,4,9,20,22,33,35,38,40,41,42,43,44,45,46,54,65,69,70
,13:00,2,6 110 157,3,9,10,14,15,18,19,22,23,24,28,30,32,37,42,45,50,62,66,68
,13:00,3,2 017 291,3,8,9,14,15,18,26,29,37,40,41,43,45,48,57,62,63,64,65,68
,13:00,3,8 103 419,1,3,4,6,8,12,17,19,27,29,31,34,35,37,38,56,57,64,66,68
,13:00,3,4 460 974,6,10,11,15,18,20,24,25,27,30,31,36,40,43,51,53,55,61,65,67
,13:00,2,9 428 227,2,6,11,12,16,20,21,24,25,26,28,30,34,49,51,54,56,59,61,64
,13:00,2,?,2,3,8,11,12,14,18,19,25,26,31,32,37,38,39,43,44,47,51,61
,13:00,2,?,2,12,14,15,16,18,21,23,24,33,34,35,45,49,61,65,66,68,69,70
,13:00,2,1 203 004,3,9,10,11,12,14,18,23,25,26,28,36,43,47,50,53,54,63,69,70
,13:00,3,9 485 262,4,7,11,17,19,23,32,39,42,43,44,46,47,48,50,53,60,61,68,69
,13:00,5,7 241 124,13,15,22,25,28,29,30,32,33,44,45,48,49,50,52,53,54,61,67,69
,13:00,2,4 263 988,12,13,14,20,22,23,34,37,38,41,48,49,50,52,53,58,60,62,63,66
,13:00,3,5 128 225,5,8,10,11,13,18,24,25,31,35,37,40,44,45,46,47,59,66,67,68
,13:00,2,?,3,5,7,8,17,31,32,37,42,43,45,47,49,50,52,53,54,57,58,62
,13:00,2,3 824 932,1,4,7,13,14,18,19,22,25,29,34,37,42,47,52,61,65,66,67,69
,13:00,2,?,11,13,14,16,18,19,22,23,26,27,30,43,45,46,50,54,61,62,64,68
,13:00,2,5 722 019,3,7,9,12,13,16,20,24,26,40,42,43,45,46,53,58,59,64,69,70
,13:00,5,6 613 050,5,6,9,11,14,19,23,24,26,27,30,33,38,42,46,49,51,60,61,63
,13:00,2,7 512 945,1,3,6,8,9,14,15,19,23,27,29,36,39,44,49,53,59,61,62,66
,13:00,2,6 145 965,1,2,10,13,14,16,19,20,24,30,32,33,35,38,49,52,53,54,58,66
,13:00,3,7 683 058,1,3,23,24,28,30,31,32,33,34,36,38,44,45,46,52,53,63,66,68
,13:00,2,3 720 129,6,8,18,22,24,26,28,29,34,35,46,50,51,53,55,61,62,63,64,66
,13:00,2,1 078 098,2,3,10,11,14,17,21,26,37,42,45,48,50,51,52,54,58,61,66,70
,13:00,2,4 142 414,1,5,6,9,10,12,14,15,16,17,18,26,27,32,40,52,53,55,57,62
,13:00,3,3 782 953,5,11,15,16,18,21,23,27,28,29,35,41,44,45,50,54,58,60,61,64
,13:00,2,5 313 826,10,12,15,16,19,26,28,32,34,37,39,43,44,45,49,50,53,59,62,69
,13:00,2,9 471 280,12,13,15,16,18,24,26,27,30,32,33,34,37,51,53,55,57,58,60,64
,13:00,2,4 826 407,1,2,7,8,9,14,17,20,24,25,26,30,32,34,40,48,55,57,61,64
,13:00,3,?,2,7,9,21,24,28,29,30,34,36,37,40,42,43,47,50,51,56,61,67
,13:00,3,?,5,8,9,10,14,17,29,30,36,38,39,40,45,46,52,59,62,64,65,69
,13:00,2,6 688 079,2,3,4,6,9,10,19,20,22,27,30,43,47,49,50,59,61,63,64,65
,13:00,2,3 441 016,3,4,9,11,16,22,30,31,32,34,39,42,43,47,48,53,54,55,66,70
,13:00,2,2 928 207,1,3,5,11,16,26,28,39,44,49,52,53,58,59,61,62,63,64,65,68
,13:00,3,1 573 447,6,7,9,11,15,19,20,23,25,26,29,31,32,47,50,61,62,63,68,69
,13:00,2,4 158 358,7,9,13,15,23,25,27,28,31,33,36,40,41,46,48,59,61,63,65,67
,13:00,3,4 597 290,2,3,7,8,10,12,14,17,21,24,26,29,45,49,52,54,63,64,67,69
,13:00,2,5 306 171,1,7,9,11,12,15,19,22,26,28,32,34,43,49,54,56,62,65,68,69
,13:00,5,3 783 468,1,4,7,15,17,19,23,27,28,30,34,35,41,42,43,47,49,54,57,66
,13:00,2,7 914 308,7,11,12,19,24,27,28,30,40,46,49,50,52,54,55,57,60,63,64,68
,13:00,2,4 417 770,1,2,5,7,8,10,11,12,18,27,31,35,39,41,44,46,47,50,51,70
,13:00,3,1 068 286,5,8,13,16,19,25,27,28,30,31,33,41,44,45,47,50,57,67,68,70
,13:00,2,2 045 575,1,2,3,6,12,13,29,33,36,40,43,45,47,48,49,52,61,62,65,70
,13:00,2,3 373 305,1,3,5,13,15,17,25,26,27,28,32,33,34,35,40,52,61,66,68,69
,13:00,2,4 864 354,1,5,10,14,17,18,21,22,24,30,31,36,37,40,43,44,52,53,58,63
,13:00,2,?,3,4,11,12,14,16,19,23,27,29,30,31,33,40,42,44,49,51,52,58
,13:00,2,?,1,4,5,11,14,15,20,21,28,38,51,53,59,60,61,65,66,68,69,70
,13:00,2,6 749 297,1,5,6,10,11,17,22,26,32,38,42,43,46,47,49,53,57,65,68,69
,13:00,2,6 471 242,1,2,6,11,16,17,19,27,31,32,34,40,48,49,50,51,52,64,65,70
,13:00,5,?,6,8,10,14,17,18,24,26,28,30,31,35,42,43,44,50,55,60,61,67
,13:00,2,8 210 458,1,7,9,11,13,17,18,19,22,23,25,27,38,39,44,50,52,56,62,64
,13:00,2,6 894 337,1,10,16,17,18,27,28,29,34,39,43,44,48,51,54,55,61,64,65,70
,13:00,2,6 030 246,2,5,6,8,15,21,22,24,28,36,40,43,46,47,48,51,61,64,65,69
,13:00,3,2 226 891,5,6,7,9,10,11,15,18,19,21,23,25,41,42,44,56,57,58,66,70
,13:00,2,2 005 428,6,13,14,16,19,22,28,33,37,39,49,52,54,56,59,60,63,64,67,69
,13:00,2,6 006 434,4,5,10,15,16,20,30,31,36,41,47,49,52,53,55,56,61,62,64,70
,13:00,2,4 901 590,5,9,10,22,23,24,25,28,39,43,48,52,53,56,57,61,62,68,69,70
,13:00,2,?,3,10,11,13,15,19,21,23,27,37,48,49,53,54,55,56,58,62,63,65
,13:00,5,7 221 248,2,9,10,12,14,20,21,30,35,39,42,43,48,54,57,58,59,65,67,68
,13:00,2,6 306 321,3,5,7,12,18,19,22,23,33,41,42,44,47,48,50,58,59,64,65,66
,13:00,2,5 489 031,1,3,8,9,10,13,19,22,32,33,34,38,39,44,45,57,60,63,66,67
,13:00,2,4 272 240,4,6,19,20,21,23,33,36,39,41,42,45,47,49,52,53,57,66,69,70
,13:00,2,9 704 211,8,15,21,26,29,31,40,43,47,49,50,51,54,58,60,64,65,66,67,69
,13:00,2,3 174 703,1,5,8,10,15,19,30,31,34,35,39,42,44,45,49,55,56,60,62,66
,13:00,2,2 397 088,2,3,6,7,9,18,19,30,31,33,39,43,45,49,50,57,58,61,67,69
,13:00,3,1 190 987,5,8,9,11,15,18,21,27,28,30,31,33,37,53,57,58,61,65,67,68
,13:00,2,9 858 167,3,6,13,14,18,20,24,27,29,30,32,35,40,45,52,61,62,67,68,69
,13:00,2,3 658 288,1,4,10,12,19,25,26,32,33,34,37,38,39,41,42,46,56,60,65,67
,13:00,2,8 295 133,2,4,5,6,7,8,11,16,18,20,25,27,46,53,55,57,59,62,66,67
,13:00,3,2 183 542,1,2,4,6,10,12,17,18,19,27,28,30,36,41,42,44,48,50,51,55
,13:00,2,2 758 423,1,3,8,9,13,15,16,23,27,28,31,32,36,41,42,44,45,62,63,69
,13:00,2,7 543 273,2,3,4,11,15,19,21,24,25,31,32,36,37,39,43,44,48,54,65,70
,13:00,2,8 390 044,5,7,13,18,19,20,25,27,31,33,34,35,38,41,46,54,58,61,64,69
,13:00,3,1 950 458,2,4,5,9,11,13,20,23,27,35,36,41,46,58,59,60,63,64,66,68
,13:00,2,2 996 639,1,3,10,11,13,14,15,18,22,23,25,27,32,35,45,48,49,51,52,65
,13:00,2,3 695 515,8,10,21,22,26,27,30,31,32,34,39,40,42,47,49,50,52,56,63,69
,13:00,3,9 782 606,5,8,10,21,23,30,31,34,35,38,39,45,47,50,51,52,58,61,64,68
,13:00,2,8 718 235,4,5,7,10,11,15,19,21,27,36,40,43,45,48,50,52,58,59,65,70
,13:00,3,8 342 363,1,4,6,9,10,13,14,15,21,22,25,48,51,53,57,58,59,65,67,70
,13:00,2,5 406 478,2,3,8,15,18,21,24,25,27,28,30,34,35,38,42,45,49,52,57,65
,13:00,3,7 600 495,3,4,10,17,22,23,24,28,33,35,39,46,53,54,61,64,65,66,68,70
,13:00,3,3 763 943,1,3,6,8,9,18,22,23,32,34,36,37,40,42,48,51,54,59,62,67
,13:00,3,5 514 118,1,5,9,14,15,16,19,21,32,35,39,40,44,50,53,57,62,64,66,69
,13:00,2,?,7,11,12,16,19,22,23,26,30,31,38,41,47,48,54,59,60,61,64,66
,13:00,2,4 816 460,3,7,11,17,19,21,27,29,30,31,33,45,49,51,55,56,57,58,61,65
,13:00,2,?,2,9,12,13,15,17,24,25,32,33,37,38,43,44,46,48,51,55,57,59
,13:00,2,2 937 858,1,5,8,12,14,21,22,23,26,27,30,36,39,45,49,51,52,53,58,64
,13:00,5,3 548 512,2,5,6,9,12,13,25,26,27,31,33,34,40,41,42,44,47,51,53,62
,13:00,3,1 992 609,6,9,15,19,21,23,30,32,33,38,45,47,50,53,56,59,63,65,68,69
,13:00,2,1 505 096,3,4,5,8,12,15,17,18,24,29,34,40,43,45,49,50,54,59,67,68
,13:00,3,?,1,11,13,19,26,27,29,31,32,38,39,42,49,53,54,55,56,59,63,67
,13:00,2,1 329 328,1,5,7,8,10,14,17,25,26,35,41,45,47,48,50,54,55,57,64,68
,13:00,5,4 641 636,7,11,12,17,21,27,30,32,35,37,38,41,42,46,56,57,59,63,66,69
,13:00,2,5 892 990,3,4,11,14,16,18,19,28,30,39,41,42,44,45,47,50,53,56,58,61
,13:00,2,3 877 101,3,6,9,12,19,21,27,28,32,34,35,38,44,47,49,60,67,68,69,70
,13:00,3,2 006 132,1,4,8,16,18,22,25,26,27,30,39,40,48,51,52,53,54,55,57,66
,13:00,2,?,2,7,9,10,13,15,16,18,20,24,32,40,41,44,50,56,63,64,69,70
,13:00,2,8 352 183,2,4,7,9,10,12,18,21,29,31,33,35,40,42,47,48,61,64,66,69
,13:00,3,7 463 528,11,19,21,23,24,25,27,28,41,43,48,51,52,57,60,63,64,65,66,67
,13:00,2,?,1,9,10,11,17,21,23,31,33,37,43,48,50,53,56,58,64,65,69,70
,13:00,3,5 840 280,6,7,8,9,16,17,25,26,27,31,34,37,38,39,48,52,59,61,62,70
,13:00,2,2 967 902,2,7,8,9,14,16,17,20,21,22,28,29,30,33,36,38,40,59,65,68
,13:00,2,9 985 465,8,10,11,17,19,20,24,26,36,39,40,42,44,45,48,52,59,64,65,68
,13:00,2,?,2,4,9,19,23,24,28,34,36,37,39,47,48,53,58,65,66,67,68,70
,13:00,2,?,5,13,17,19,29,32,33,34,36,42,47,50,52,58,60,64,66,67,68,70
,13:00,2,4 868 096,1,2,7,15,21,23,27,31,32,34,37,38,44,47,51,52,58,64,67,68
,13:00,2,?,3,4,9,11,14,22,23,27,29,35,36,41,43,46,54,55,57,59,63,67
,13:00,3,7 345 552,6,11,15,18,22,23,25,28,36,40,45,48,50,51,55,56,58,60,61,69
,13:00,2,1 622 560,1,2,5,6,8,11,14,22,26,27,29,39,42,43,45,47,48,50,62,64
,13:00,2,1 414 191,4,10,19,30,35,36,39,40,42,45,48,51,54,55,56,59,61,62,64,65
,13:00,3,1 163 031,8,11,12,17,22,23,26,28,31,36,39,40,43,47,55,58,62,64,66,70
,13:00,2,4 893 810,4,10,18,19,24,29,30,32,36,42,49,50,53,55,56,57,58,59,64,69
,13:00,2,6 386 536,1,3,19,20,23,29,30,36,38,39,40,44,45,47,54,59,63,65,67,69
,13:00,3,?,3,4,9,11,15,16,18,20,23,29,32,36,40,41,43,47,66,68,69,70
,13:00,3,5 774 786,2,3,8,11,13,14,18,31,36,37,39,41,46,49,50,51,65,68,69,70
,13:00,3,8 677 565,1,9,12,16,18,19,24,26,27,36,42,43,44,48,55,57,58,61,64,69
,13:00,2,2 507 193,4,8,12,21,22,23,24,31,36,38,41,44,46,48,50,58,63,66,68,70
,13:00,2,?,1,4,11,12,18,19,20,24,41,43,44,53,54,59,60,62,63,65,67,69
,13:00,3,1 742 192,3,5,9,10,13,14,16,27,28,30,37,49,53,55,56,57,60,65,68,70
,13:00,3,3 487 961,1,7,8,10,11,19,20,31,34,36,38,39,41,42,47,56,62,68,69,70
,13:00,2,6 918 629,1,4,6,8,17,20,30,33,34,40,41,45,49,50,55,57,58,60,64,66
,13:00,2,5 421 921,3,5,9,10,11,14,15,17,18,23,30,32,35,44,51,53,54,55,65,67
,13:00,2,8 869 601,1,2,6,7,14,18,24,26,31,41,42,45,48,49,51,52,53,55,63,66
,13:00,3,?,1,4,6,12,15,18,21,24,27,30,33,38,39,41,43,51,57,59,62,64
,13:00,2,?,3,5,8,9,13,15,17,22,23,24,27,29,39,43,48,53,59,60,61,66
,13:00,3,4 254 982,1,3,8,11,12,14,17,21,22,32,36,39,41,45,48,51,55,59,66,70
,13:00,2,2 414 143,2,3,7,8,11,15,18,19,24,30,41,45,53,55,58,60,62,63,65,68
,13:00,2,6 352 675,2,5,8,14,17,20,24,27,31,32,37,39,42,49,53,54,57,62,68,70
,13:00,2,3 534 351,5,8,10,11,12,14,16,19,22,26,29,33,38,47,50,51,54,56,58,63
,13:00,2,4 165 281,5,6,10,18,20,22,26,33,40,45,48,51,54,59,61,64,66,67,68,70
,13:00,2,9 851 748,1,5,7,9,14,15,19,23,26,29,30,32,33,42,51,53,54,55,65,69
,13:00,3,3 521 258,3,4,7,9,14,18,21,22,26,31,36,37,40,46,50,59,65,66,69,70
,13:00,2,5 963 577,2,5,6,7,8,11,14,20,28,31,37,38,44,50,55,57,58,62,65,69
,13:00,3,2 595 854,6,13,15,23,25,28,30,33,39,43,48,51,52,53,59,61,63,65,69,70
,13:00,2,2 046 176,1,2,11,14,18,19,21,24,35,36,39,41,43,44,48,54,59,64,65,67
,13:00,2,?,2,3,11,12,14,16,19,21,26,29,33,37,38,40,41,43,48,58,63,65
,13:00,3,2 898 616,1,2,3,4,5,9,13,30,34,36,37,38,39,41,42,44,45,57,62,70
,13:00,2,4 062 707,1,3,6,7,8,12,14,18,21,28,30,34,35,38,40,41,46,49,53,57
,13:00,3,?,3,4,5,11,12,14,19,20,21,24,26,28,36,38,41,45,46,52,53,57
,13:00,2,?,1,8,16,22,25,26,27,30,38,39,44,46,50,51,55,62,64,66,67,69
,13:00,3,8 145 755,1,7,11,13,16,18,22,25,26,28,30,34,37,40,42,43,45,53,65,70
,13:00,2,8 642 922,5,9,16,17,22,32,34,35,38,40,41,50,51,52,53,59,60,61,63,66
,13:00,2,2 991 768,2,3,6,7,9,24,30,32,36,39,41,47,51,57,58,60,63,66,67,69
,13:00,3,?,6,8,17,20,21,22,27,29,33,34,43,46,47,49,50,52,56,57,64,68
,13:00,2,1 695 780,1,4,8,9,11,18,21,22,30,32,37,43,44,55,59,61,65,66,67,70
,13:00,3,9 743 811,6,9,11,12,15,18,19,20,23,25,33,35,40,42,48,49,53,57,59,60
,13:00,2,9 172 434,1,4,5,18,25,27,29,32,34,35,37,38,42,43,55,56,57,61,64,67
,13:00,2,8 261 023,5,6,8,13,14,18,20,22,27,32,45,46,47,50,52,54,56,57,63,64
,13:00,2,5 593 622,7,8,10,13,15,19,20,21,26,34,43,44,45,49,51,52,55,59,67,69
,13:00,2,?,3,4,5,8,9,13,15,25,26,41,46,47,53,56,61,63,64,65,68,70
,13:00,2,?,7,8,16,19,25,28,29,32,36,38,43,46,48,49,53,55,56,66,67,69
,13:00,2,?,1,9,12,15,21,22,23,26,33,35,44,48,49,51,52,59,63,64,67,69
,13:00,2,1 933 704,3,7,8,9,10,13,16,24,25,26,34,36,37,55,56,59,61,62,63,64
,13:00,3,5 087 622,1,5,7,8,11,12,17,19,22,26,32,33,38,44,46,53,54,55,61,62
,13:00,2,9 565 736,2,4,9,11,13,14,24,28,32,34,38,41,43,46,48,50,51,53,59,66
,13:00,3,8 782 947,1,3,7,8,9,10,11,30,32,36,39,40,44,48,50,51,56,64,65,66
,13:00,2,2 391 933,3,5,10,17,27,29,30,33,38,39,40,41,43,53,57,59,63,65,66,70
,13:00,2,8 194 969,5,9,10,11,14,18,20,22,29,35,40,43,46,49,56,60,62,64,68,70
,13:00,3,?,1,2,3,4,11,12,13,20,28,29,38,41,45,50,51,57,60,62,64,67
,13:00,3,6 388 345,6,11,12,13,14,17,32,34,40,44,45,48,51,52,55,56,62,65,67,69
,13:00,3,8 070 221,2,4,5,9,10,15,19,24,26,28,33,35,40,44,49,50,55,60,61,63
,13:00,3,4 763 619,1,5,8,12,13,19,26,27,31,35,36,41,42,48,50,58,61,65,67,69
,13:00,2,?,3,27,31,34,35,37,39,41,48,52,53,54,55,59,60,62,63,64,65,68
,13:00,2,6 378 140,1,2,3,5,6,9,11,12,15,16,24,25,30,31,33,34,37,45,63,68
,13:00,2,6 487 383,2,5,17,20,21,25,29,33,34,36,38,42,43,44,45,53,58,62,64,70
,13:00,2,1 044 020,1,4,6,8,16,17,18,20,24,27,31,33,34,39,45,52,54,59,60,62
,13:00,2,4 879 920,1,2,6,7,9,15,24,25,28,37,39,40,42,43,45,48,52,57,60,68
,13:00,2,?,7,8,11,14,16,18,27,30,31,36,43,45,51,52,53,58,59,62,63,65
,13:00,2,6 652 332,5,7,9,10,13,16,26,31,34,35,37,41,43,44,48,50,55,57,66,69
,13:00,2,7 261 016,5,8,9,11,19,23,28,32,35,40,45,49,54,55,57,58,61,64,69,70
,13:00,2,6 100 425,1,2,4,13,15,17,27,28,37,38,43,48,49,50,52,59,62,63,68,69
,13:00,2,7 997 245,1,2,3,10,11,13,15,17,18,22,27,29,36,43,47,50,53,57,59,63
,13:00,2,1 602 574,1,2,3,16,21,25,29,30,32,33,35,39,42,50,51,55,57,60,64,65
,13:00,3,3 318 078,1,3,4,5,6,9,14,24,27,31,32,38,41,44,45,50,51,61,64,66
,13:00,3,7 852 318,1,2,4,8,9,10,18,21,36,37,39,43,45,48,52,58,65,67,69,70
,13:00,2,3 110 797,4,5,8,11,16,17,19,22,27,35,38,40,41,47,51,57,62,64,67,68
,13:00,3,9 992 219,2,7,15,16,19,23,25,31,34,36,43,48,51,53,55,60,62,65,66,68
,13:00,3,5 842 526,2,10,14,15,17,22,23,27,40,48,53,54,55,56,58,59,60,66,69,70
,13:00,2,6 820 523,5,9,16,18,20,21,22,24,26,41,42,47,49,50,55,57,58,60,68,70
,13:00,3,?,5,8,9,10,17,20,22,23,34,38,39,46,49,51,59,60,64,65,67,70
,13:00,2,4 200 438,2,3,4,6,17,28,29,33,36,43,47,54,58,59,60,61,65,66,68,69
,13:00,2,3 111 573,4,9,20,24,28,29,31,40,43,44,45,46,51,52,53,59,63,67,68,69
,13:00,2,?,1,17,18,25,26,32,38,41,42,43,48,52,53,54,57,58,60,64,67,68
,13:00,2,1 145 750,3,7,12,21,22,23,24,26,28,29,34,35,41,42,50,53,55,58,61,68
,13:00,2,7 031 140,1,3,8,10,14,15,17,23,25,26,27,32,40,47,48,52,54,58,60,61
,13:00,2,6 746 206,2,4,5,7,13,15,16,27,30,33,34,37,42,46,47,50,51,58,64,67
,13:00,2,6 307 932,1,7,10,15,17,18,19,23,27,33,34,37,38,44,49,50,57,59,63,66
,13:00,3,3 626 094,2,4,9,10,19,20,21,31,35,41,42,45,47,48,52,56,57,61,68,69
,13:00,5,?,2,3,7,12,15,16,25,26,28,29,32,35,39,41,42,49,61,65,67,70
,13:00,3,3 448 477,2,7,14,18,21,25,27,30,34,38,39,43,45,46,49,53,56,58,65,68
,13:00,2,?,2,4,7,8,16,20,21,23,28,29,35,38,41,42,45,50,53,56,59,70
,13:00,2,6 341 987,1,7,10,12,15,18,23,27,33,34,38,42,48,51,54,55,56,57,60,68
,13:00,2,3 683 526,3,6,9,10,11,13,15,19,20,21,24,35,39,41,45,48,52,56,60,61
,13:00,3,6 169 168,8,10,11,12,14,15,21,22,25,29,31,32,42,45,48,51,64,65,67,70
,13:00,2,2 813 783,1,4,12,14,17,19,20,26,29,30,32,41,43,47,49,52,54,63,66,68
,13:00,2,6 056 434,1,2,7,8,10,11,16,22,24,26,29,34,35,41,42,44,46,47,55,66
,13:00,3,2 176 492,1,3,7,13,18,21,25,27,29,31,32,40,48,51,52,55,59,63,65,69
,13:00,2,2 166 069,2,10,11,13,14,32,35,38,40,41,47,49,51,54,55,61,63,66,68,70
,13:00,2,5 414 852,4,7,9,10,13,14,18,19,20,30,34,48,52,54,55,58,62,66,69,70
,13:00,2,1 245 678,7,9,14,15,18,20,26,30,31,32,38,46,50,53,55,57,59,61,66,67
,13:00,2,?,3,5,9,10,11,12,14,17,18,20,22,23,43,51,55,57,58,65,67,69
,13:00,2,?,3,4,9,11,15,21,24,26,28,37,38,40,41,44,47,52,55,56,58,59
,13:00,2,2 034 317,9,10,16,18,20,25,32,37,40,43,48,52,54,55,57,58,61,62,63,69
,13:00,2,1 057 304,1,4,8,9,10,16,17,19,23,34,35,49,51,55,58,61,62,63,64,69
,13:00,2,7 085 993,1,4,5,13,14,18,20,23,24,27,32,34,39,46,47,50,54,61,62,70
,13:00,2,3 222 985,1,3,6,9,13,16,17,18,21,23,29,38,40,47,48,49,51,55,61,64
,13:00,2,8 500 694,2,5,10,13,18,19,22,27,35,40,43,49,52,53,58,59,60,61,63,69
,13:00,2,3 492 887,2,7,11,21,22,25,26,32,34,35,37,39,44,45,46,52,54,57,58,65
,13:00,3,4 561 364,14,15,16,19,22,23,26,28,30,38,41,42,46,49,53,62,64,65,67,69
,13:00,2,6 194 508,7,9,12,13,18,19,21,26,27,29,30,31,37,45,46,47,52,58,65,69
,13:00,5,3 411 448,8,12,17,18,19,20,28,30,37,41,42,43,47,51,54,55,59,61,65,69
,13:00,2,?,4,8,9,10,13,22,25,28,29,31,37,40,41,42,47,53,63,64,67,69
,13:00,2,?,7,11,12,16,18,19,20,27,30,33,34,36,37,52,53,56,59,65,69,70
,13:00,2,4 870 521,1,3,5,6,7,10,14,15,19,30,33,35,41,47,54,55,59,62,66,70
,13:00,3,?,3,8,13,17,18,22,23,24,49,50,52,54,55,56,59,62,66,68,69,70
,13:00,2,2 861 085,1,7,8,11,12,14,15,17,22,23,24,38,39,40,41,46,48,52,62,65
,13:00,2,?,5,9,10,13,18,20,24,28,29,32,33,37,39,40,41,43,57,59,60,67
,13:00,2,3 559 519,3,5,6,10,16,18,20,36,41,42,48,49,50,51,53,60,63,65,66,67
,13:00,2,2 783 827,4,6,12,14,15,16,17,24,25,27,31,32,33,35,39,40,50,55,66,70
,13:00,2,6 010 487,5,8,9,11,17,18,19,22,26,36,38,42,44,45,47,55,59,60,65,67
,13:00,3,7 324 686,2,3,6,13,20,24,32,34,36,39,41,43,46,50,58,59,63,64,69,70
,13:00,2,?,3,12,13,16,21,23,29,32,35,41,43,45,46,48,52,54,62,65,67,68
,13:00,2,2 341 596,5,6,8,9,11,16,18,19,20,34,39,40,44,45,55,56,61,67,68,70
,13:00,2,3 645 202,1,3,9,15,18,20,25,28,33,35,36,37,39,41,45,51,56,60,66,68
,13:00,2,1 092 040,4,10,13,16,19,21,25,28,31,32,33,34,40,42,43,44,48,57,64,69
,13:00,2,8 694 809,3,5,8,11,18,19,24,25,27,32,36,39,40,41,44,50,57,61,62,66
,13:00,2,6 990 235,3,8,10,11,15,18,19,24,30,35,37,39,42,44,48,51,56,63,64,67
,13:00,5,?,4,8,11,15,16,18,20,25,29,33,36,37,39,41,44,48,51,53,61,64
,13:00,3,7 706 145,4,11,12,13,19,20,28,31,32,36,38,40,56,57,59,61,62,64,67,69
,13:00,2,?,2,8,11,12,22,24,31,34,35,37,45,46,48,51,57,58,64,65,68,69
,13:00,3,2 881 266,1,2,3,4,9,10,12,13,23,28,29,36,40,53,54,57,58,59,67,68
,13:00,3,4 299 685,5,8,10,11,14,16,26,27,29,31,34,37,39,43,47,57,59,61,65,66
,13:00,3,9 600 002,3,8,9,12,17,18,21,22,26,32,33,39,42,43,44,46,52,63,65,70
,13:00,3,8 162 307,9,14,16,17,29,36,37,40,42,43,46,52,53,59,61,62,63,67,68,69
,13:00,2,?,7,8,9,11,19,37,39,40,48,51,53,54,56,59,61,62,64,65,66,67
,13:00,2,6 052 965,8,9,12,16,17,20,22,28,37,42,44,47,51,52,54,55,62,64,66,68
,13:00,2,8 798 202,1,5,11,13,14,15,16,17,18,26,28,38,39,43,44,45,52,58,63,69
,13:00,2,3 390 737,1,2,4,14,22,24,25,26,29,33,35,36,37,40,41,42,46,52,63,65
,13:00,2,?,3,5,6,7,12,23,24,25,26,28,29,30,40,41,44,57,62,63,66,70
,13:00,2,5 850 140,1,3,7,11,12,15,16,28,31,33,39,44,45,46,48,52,58,59,63,68
,13:00,2,6 963 517,5,6,14,15,17,20,23,29,30,32,33,38,40,42,46,49,55,57,62,70
,13:00,2,1 509 553,3,9,12,13,18,22,27,29,30,38,42,47,51,52,53,55,58,62,66,69
,13:00,2,5 692 488,1,10,14,18,22,23,26,29,31,33,34,37,38,39,46,51,59,60,63,65
,13:00,2,?,2,7,11,15,19,21,28,30,35,37,40,43,44,45,48,51,55,63,64,66
,13:00,2,?,1,5,10,12,21,23,24,25,26,27,32,38,44,45,48,53,56,61,67,68
,13:00,3,5 712 978,1,2,4,10,11,12,13,17,37,44,45,46,50,55,58,60,61,62,69,70
,13:00,2,3 689 447,11,16,17,28,29,30,31,33,38,40,42,44,51,52,56,58,61,63,65,69
,13:00,2,6 960 890,1,9,10,14,16,21,23,28,29,30,38,41,42,45,47,58,59,63,64,66
,13:00,2,5 426 063,3,11,16,17,20,23,28,29,32,36,38,44,47,51,53,55,63,65,68,69
,13:00,3,6 975 160,5,7,10,13,14,21,22,26,34,35,36,38,39,42,43,46,58,59,60,64
,13:00,2,?,1,2,12,17,20,21,22,23,24,29,30,34,36,42,44,46,49,58,60,69
,13:00,2,6 872 057,1,3,6,7,9,13,17,18,21,23,31,34,40,44,45,47,48,54,61,67
,13:00,2,8 956 690,1,18,19,23,27,28,29,31,32,33,36,42,44,46,49,53,61,63,66,67
,13:00,2,?,7,8,14,17,19,20,21,34,35,36,38,45,46,48,49,50,60,64,65,67
,13:00,2,2 319 671,11,12,14,16,20,21,29,30,36,41,44,47,50,52,57,58,60,61,63,69
,13:00,3,?,1,9,11,12,13,16,20,23,25,31,39,41,46,48,49,50,55,60,66,69
,13:00,2,8 765 466,1,11,13,17,18,19,24,30,36,38,40,43,46,48,49,52,57,59,60,68
,13:00,2,8 498 257,5,6,11,16,21,23,30,36,37,39,50,51,55,57,59,60,63,65,66,68
,13:00,2,?,6,8,9,13,19,20,23,29,35,36,37,40,46,48,53,54,56,57,60,63
,13:00,3,7 587 562,1,4,16,17,21,22,23,24,31,39,40,43,45,53,58,59,61,63,68,69
,13:00,2,7 601 553,1,2,8,12,13,19,20,24,26,27,28,29,30,34,35,44,45,46,49,59
,13:00,2,8 861 769,2,10,11,13,23,27,28,29,37,42,44,46,47,52,54,55,56,64,65,68
,13:00,3,6 995 603,1,8,11,13,14,21,23,25,35,38,41,42,43,44,48,49,52,53,63,69
,13:00,2,7 068 701,1,2,3,5,6,7,11,12,14,20,26,31,32,33,42,48,50,53,54,58
,13:00,2,6 132 064,5,18,19,20,25,29,33,34,37,38,41,43,44,48,49,51,56,65,68,69
,13:00,2,1 874 340,2,3,5,7,12,17,31,34,37,38,42,44,46,48,50,51,53,59,64,65
,13:00,2,5 449 638,3,5,6,8,13,21,27,29,33,34,35,42,46,50,53,56,60,61,66,70
,13:00,2,1 766 486,1,5,6,8,11,12,15,16,17,29,44,45,46,47,54,55,58,60,64,67
,13:00,3,6 045 498,1,2,6,11,29,31,32,34,36,37,40,42,47,52,53,54,61,64,66,70
,13:00,3,2 699 328,3,9,10,11,12,14,15,16,20,26,29,38,41,42,43,55,58,59,62,68
,13:00,2,4 598 405,3,4,9,10,14,15,16,19,30,37,45,47,52,60,61,63,64,66,68,70
,13:00,3,6 204 433,3,7,11,20,23,24,27,29,33,35,37,44,46,47,49,57,58,61,66,68
,13:00,3,3 577 961,2,5,6,8,9,11,14,15,16,22,24,29,30,36,37,44,49,55,62,66
,13:00,2,7 572 542,1,5,7,8,11,17,18,21,25,32,35,39,40,48,53,60,62,65,69,70
,13:00,2,2 659 997,1,3,7,16,19,20,22,24,27,30,31,33,42,43,46,50,64,66,67,68
,13:00,2,8 212 671,2,4,9,13,14,15,18,20,21,25,31,33,35,36,42,43,46,50,52,60
,13:00,2,7 727 244,10,15,16,17,19,20,21,22,24,30,32,33,42,44,49,51,57,58,61,66
,13:00,3,5 075 657,4,8,9,10,17,19,21,22,23,26,42,43,49,52,54,56,58,63,66,70
,13:00,2,8 591 634,4,7,10,15,17,24,26,33,35,39,41,42,44,48,49,52,57,61,68,70
,13:00,2,9 964 193,2,5,7,9,11,13,17,25,26,29,33,35,36,41,48,49,54,58,59,64
,13:00,2,6 802 565,5,9,12,14,18,24,33,35,37,40,41,43,45,55,56,60,61,62,67,69
,13:00,2,9 183 440,1,3,9,11,12,15,22,23,26,31,32,47,50,54,58,59,62,65,68,70
,13:00,2,7 192 940,7,10,12,15,19,20,23,25,26,27,29,39,44,54,55,57,60,61,66,70
,13:00,2,5 019 287,3,7,17,18,21,23,24,28,31,33,36,46,50,51,52,56,57,62,67,69
,13:00,5,?,5,6,15,16,20,23,24,25,28,29,32,34,39,41,43,45,49,60,62,65
,13:00,2,1 025 029,1,5,9,10,11,19,21,27,29,30,32,39,41,45,48,58,62,63,69,70
,13:00,2,6 995 792,1,6,13,19,20,23,27,38,44,47,48,49,52,54,55,58,62,64,66,69
,13:00,3,?,7,13,21,26,33,35,36,38,40,41,46,50,52,53,54,56,58,62,64,67
,13:00,2,6 005 232,10,11,14,16,18,21,24,25,34,47,48,52,53,57,58,59,64,68,69,70
,13:00,3,?,2,3,6,8,9,16,17,23,25,27,31,36,40,43,51,55,57,63,68,70
,13:00,3,8 601 052,2,8,9,11,14,17,18,26,27,30,36,37,40,41,48,54,60,62,65,68
,13:00,2,?,6,13,18,19,22,24,27,30,31,34,41,44,45,47,54,55,58,61,66,69
,13:00,2,5 855 458,1,6,8,9,12,17,20,21,25,26,30,32,33,38,42,43,44,56,61,69
,13:00,3,?,4,6,8,12,24,25,30,34,39,41,43,44,48,55,57,60,61,64,69,70
,13:00,2,?,2,3,4,6,10,12,15,20,24,26,29,38,39,42,44,57,58,59,61,62
,13:00,3,?,2,7,10,12,15,18,19,25,29,30,33,35,37,45,51,55,59,60,65,68
,13:00,3,7 574 307,1,4,6,11,14,15,17,24,27,32,34,35,40,43,50,51,52,61,63,64
,13:00,3,?,4,14,18,20,21,37,39,44,46,48,49,51,52,53,57,58,59,63,68,69
,13:00,3,6 075 649,7,8,9,15,16,17,18,27,29,30,34,36,37,43,47,56,58,59,61,64
,13:00,2,?,2,4,8,11,19,20,21,22,24,27,29,39,44,46,50,55,58,61,69,70
,13:00,2,3 899 291,2,3,9,12,17,21,22,24,26,27,28,34,35,48,56,57,59,60,61,67
,13:00,2,7 819 050,4,5,7,12,13,14,15,16,18,27,29,31,39,43,45,53,56,62,64,68
,13:00,2,?,9,11,12,17,19,25,27,29,32,34,37,38,42,45,52,53,55,56,65,68
,13:00,2,3 703 137,3,8,13,16,25,27,29,31,33,43,46,51,55,56,61,62,64,65,67,70
,13:00,2,7 749 501,1,2,7,10,15,18,23,24,25,26,27,29,31,33,40,43,48,51,55,65
,13:00,2,9 314 761,2,4,5,9,10,11,12,21,28,31,33,36,39,48,49,56,62,66,69,70
,13:00,3,5 190 502,3,8,12,15,16,26,28,31,32,41,42,43,50,51,54,55,57,58,61,65
,13:00,2,2 175 623,1,4,7,11,16,18,19,24,26,27,35,42,45,47,48,50,52,54,59,65
,13:00,3,4 566 105,4,8,10,13,14,18,22,24,26,28,31,36,37,42,45,47,49,61,65,68
,13:00,2,9 750 703,2,13,19,22,24,25,28,32,33,35,38,43,45,48,61,62,64,66,68,70
,13:00,2,1 530 852,2,3,11,22,23,26,28,30,39,41,44,48,52,53,55,60,61,63,67,69
,13:00,3,1 103 103,1,3,4,5,6,12,15,21,22,24,32,37,39,42,48,57,59,61,64,69
,13:00,2,?,3,7,12,14,18,24,25,30,33,35,36,38,39,45,50,54,56,58,60,66
,13:00,2,6 357 452,1,2,6,17,29,33,35,39,43,45,49,51,52,56,58,63,65,68,69,70
,13:00,2,4 013 307,5,14,23,29,31,33,36,37,41,42,44,49,53,56,58,60,63,65,69,70
,13:00,2,2 103 615,8,11,12,13,15,18,23,31,35,40,41,44,45,51,58,60,62,64,68,70
,13:00,3,?,1,3,8,12,15,17,21,28,34,39,44,47,57,60,61,62,63,65,66,67
,13:00,2,1 453 036,6,7,10,11,12,18,20,24,25,39,47,49,50,51,53,57,58,61,65,70
,13:00,2,6 074 451,4,5,8,14,21,31,33,42,45,49,50,52,53,58,60,61,62,63,65,68
,13:00,2,?,5,7,13,15,16,17,18,19,21,23,24,26,28,37,39,50,51,52,56,60
,13:00,2,9 060 925,3,10,11,12,17,18,22,23,24,25,27,28,29,31,40,44,52,63,67,69
,13:00,2,9 774 363,5,7,8,10,11,15,19,26,32,37,38,43,46,47,48,51,56,57,58,60
,13:00,2,?,5,8,15,19,21,22,25,26,31,32,33,34,35,40,45,49,55,59,60,67
,13:00,3,2 406 021,1,2,4,5,13,17,21,22,36,39,43,46,47,49,53,55,56,61,63,64
,13:00,2,3 653 634,1,3,8,16,17,18,19,23,26,30,31,32,38,47,49,62,65,66,67,69
,13:00,5,7 850 083,6,7,11,17,18,22,23,34,37,38,39,40,44,45,46,47,52,56,61,66
,13:00,2,2 977 513,3,12,19,21,26,28,30,39,40,45,46,47,51,53,54,57,61,63,65,67
,13:00,2,5 671 196,5,11,16,22,25,27,31,34,36,37,38,41,45,46,48,56,60,65,66,70
,13:00,2,5 767 225,5,6,14,19,25,35,37,41,42,43,44,46,48,51,60,61,64,65,66,67
,13:00,3,8 058 685,3,4,7,9,11,14,16,19,25,29,30,31,35,37,40,41,51,54,55,68
,13:00,3,4 485 143,3,5,9,10,11,22,27,32,33,36,41,42,48,55,57,58,59,63,66,70
,13:00,2,4 263 736,2,9,11,23,26,27,31,34,36,37,38,40,45,51,53,54,57,58,61,66
,13:00,2,1 278 311,2,3,5,6,10,11,16,21,22,24,26,27,33,36,42,49,51,62,63,66
,13:00,2,4 164 285,15,27,29,31,34,35,41,42,43,44,48,52,54,56,58,59,60,62,67,69
,13:00,2,5 425 123,3,7,9,10,13,15,18,22,24,25,26,27,29,33,34,44,51,54,55,57
,13:00,2,?,2,5,7,8,12,17,18,22,24,25,26,29,31,33,37,39,49,53,54,67
,13:00,3,1 763 242,4,10,16,26,29,30,37,39,42,43,44,46,49,50,51,52,56,63,66,70
,13:00,2,2 532 057,3,11,17,18,21,22,27,28,32,36,39,49,50,54,58,60,61,67,68,70
,13:00,3,8 872 466,5,6,9,10,12,13,14,15,19,31,36,40,42,43,48,49,55,56,64,70
,13:00,2,?,2,8,13,23,26,27,28,35,36,37,38,43,47,49,55,60,62,68,69,70
,13:00,3,8 801 057,1,2,4,10,15,16,27,31,33,34,36,37,41,46,47,55,59,63,66,67
,13:00,3,3 375 564,1,4,9,12,16,19,26,27,29,31,33,35,41,43,49,60,62,63,64,66
,13:00,2,9 558 118,1,14,16,18,27,32,33,40,41,42,43,44,45,46,47,52,54,58,67,68
,13:00,2,8 186 908,7,8,10,15,21,23,24,26,32,36,40,47,51,52,53,54,60,63,68,70
,13:00,3,3 187 915,2,3,4,9,13,15,17,23,24,26,34,35,36,38,48,59,60,64,68,70
,13:00,2,4 200 996,1,3,9,13,18,25,30,33,37,41,43,46,50,53,56,57,61,63,69,70
,13:00,3,8 874 048,5,8,12,15,16,21,22,23,26,29,32,33,34,43,48,50,52,59,60,69
,13:00,2,4 395 503,4,5,7,9,10,12,13,14,23,24,36,44,45,51,55,57,64,68,69,70
,13:00,2,5 512 731,3,8,9,10,14,16,21,26,28,30,35,40,42,48,49,63,64,65,69,70
,13:00,2,4 781 775,3,4,5,6,9,11,12,28,33,36,41,43,46,53,59,60,61,67,68,70
,13:00,3,9 709 736,1,8,9,10,11,12,20,29,31,34,36,43,44,46,48,57,63,64,65,69
,13:00,2,3 190 835,3,6,10,15,18,25,26,28,29,31,32,35,36,37,46,48,52,61,63,70
,13:00,3,5 506 092,1,4,5,9,10,14,17,26,30,31,34,36,42,43,44,51,52,64,65,70
,13:00,2,?,1,4,18,19,21,22,23,24,27,28,31,36,42,45,50,59,62,63,66,68
,13:00,2,5 057 872,1,3,4,7,9,14,15,17,20,24,32,36,38,41,44,45,48,59,61,64
,13:00,3,2 968 911,4,13,24,26,35,36,38,42,43,44,47,50,52,53,54,56,57,61,62,70
,13:00,2,9 454 759,1,4,11,12,15,20,23,24,28,31,32,33,44,48,55,60,62,63,66,68
,13:00,2,2 957 496,3,8,9,11,12,13,23,25,34,46,47,48,50,51,52,59,61,64,65,69
,13:00,2,5 310 680,1,5,10,12,16,17,24,25,27,28,37,44,47,58,59,60,63,65,66,67
,13:00,2,?,3,7,9,13,14,21,23,24,26,29,31,45,46,49,50,51,52,55,57,59
,13:00,3,2 857 289,3,7,8,9,10,23,27,35,38,39,40,43,45,46,48,50,55,58,61,63
,13:00,2,7 965 547,1,3,4,5,14,16,20,21,24,30,35,37,38,40,43,46,50,57,67,68
,13:00,2,4 517 905,1,6,7,8,17,22,23,24,25,29,33,38,41,48,51,54,60,61,65,66
,13:00,2,6 932 373,2,10,13,15,17,18,19,20,23,24,29,30,39,43,46,47,55,64,66,69
,13:00,5,2 015 776,5,7,10,11,14,26,27,31,32,34,43,47,51,54,58,59,64,65,66,69
,13:00,3,6 117 790,5,8,10,12,16,17,20,29,34,35,36,39,42,43,52,53,54,56,57,64
,13:00,2,?,3,10,12,13,16,18,23,24,25,26,27,29,37,38,46,49,54,55,56,58
,13:00,2,3 479 521,3,7,9,13,19,24,28,29,30,34,36,41,45,52,53,58,60,64,67,70
,13:00,2,5 996 718,1,2,4,7,11,20,21,23,26,27,29,40,51,52,58,59,60,62,63,68
,13:00,2,8 673 301,4,8,9,10,14,15,17,22,28,32,33,42,45,48,49,50,52,53,58,68
,13:00,2,1 594 427,1,2,6,15,17,22,25,27,28,31,33,43,44,45,53,54,55,59,62,69
,13:00,3,4 178 429,5,6,7,15,16,17,18,22,28,29,33,37,38,43,44,48,50,51,59,70
,13:00,3,7 319 905,3,6,11,15,22,25,33,35,39,40,45,51,54,56,57,59,62,64,65,68
,13:00,2,3 744 196,1,7,16,22,23,25,29,32,34,40,46,47,51,52,55,58,62,65,68,70
,13:00,3,2 530 535,3,9,18,21,23,28,29,35,38,40,44,49,51,54,55,62,63,64,68,70
,13:00,2,3 924 934,5,8,9,10,12,13,17,27,32,33,36,41,47,50,51,55,56,62,65,67
,13:00,2,2 952 780,1,3,6,17,19,21,25,27,28,29,31,32,34,41,49,53,61,62,66,67
,13:00,5,5 577 464,2,4,6,10,12,17,18,23,33,34,35,37,38,42,45,50,51,56,57,60
,13:00,2,6 105 843,5,10,11,13,26,32,33,34,36,37,40,42,45,49,55,59,60,61,62,70
,13:00,5,5 194 804,3,5,10,15,21,24,29,30,31,36,39,41,44,47,50,51,53,54,57,62
,13:00,2,1 804 641,1,4,6,16,20,23,24,26,28,30,35,37,39,43,47,50,57,58,61,68
,13:00,2,5 909 161,3,7,12,20,21,24,28,29,34,36,39,45,47,57,58,59,64,68,69,70
,13:00,2,7 092 141,3,6,9,10,12,13,16,17,25,28,33,35,37,38,39,46,52,57,63,68
,13:00,3,8 588 147,9,13,15,17,18,19,22,27,30,34,39,47,50,52,57,59,60,62,63,70
,13:00,2,1 977 717,1,8,9,22,24,28,36,41,43,46,47,49,50,52,54,56,60,65,68,70
,13:00,2,7 281 304,3,5,10,16,17,23,24,26,31,34,38,40,41,48,51,53,54,55,57,60
,13:00,2,1 685 118,2,3,11,13,14,15,16,23,24,27,39,40,44,45,50,56,57,60,61,69
,13:00,2,2 490 071,2,4,6,15,18,22,26,27,34,36,39,43,44,47,48,51,54,56,61,66
,13:00,2,3 918 679,5,6,9,11,17,21,26,27,29,30,32,33,34,37,44,49,57,66,67,68
,13:00,3,5 598 203,2,5,8,14,15,18,19,21,22,23,34,37,38,43,46,47,59,61,63,65
,13:00,2,7 643 165,3,4,9,10,13,18,19,24,25,33,37,41,44,46,52,53,60,63,65,69
,13:00,2,1 817 092,1,2,5,8,15,21,22,23,32,33,34,43,48,54,56,60,61,66,67,69
,13:00,2,?,3,6,8,13,16,22,29,30,31,32,37,44,47,54,56,58,59,60,64,68
,13:00,2,?,2,3,5,19,20,30,31,34,37,43,44,48,49,53,54,55,56,58,61,67
,13:00,2,5 500 266,5,6,7,9,16,20,27,29,33,35,36,37,38,43,47,50,56,63,64,68
,13:00,3,6 188 277,2,4,6,7,9,14,16,20,21,24,26,34,43,44,48,51,53,61,64,66
,13:00,2,3 968 635,3,4,6,7,8,9,12,18,23,26,27,31,37,41,47,49,51,59,66,67
,13:00,2,6 931 965,1,5,10,13,15,19,24,35,37,40,41,46,48,52,54,55,57,61,65,68
,13:00,2,9 829 570,4,11,14,15,16,17,19,22,24,29,33,37,40,41,44,47,51,52,64,70
,13:00,2,2 313 780,4,6,13,19,20,22,24,25,28,29,32,33,35,43,50,52,55,61,68,70
,13:00,3,9 714 664,4,6,7,8,12,14,20,25,28,29,39,42,44,45,47,54,58,60,67,69
,13:00,2,5 007 796,2,4,6,7,15,17,19,28,34,37,38,41,42,43,47,50,54,60,62,63
,13:00,2,?,1,2,9,13,16,19,23,25,28,30,32,34,40,51,52,62,63,65,66,68
,13:00,5,2 354 164,8,10,13,15,17,20,24,30,31,34,38,40,43,44,48,50,54,56,59,68
,13:00,2,8 693 844,1,3,8,13,18,19,23,26,29,38,46,47,50,57,58,60,63,64,66,67
,13:00,2,?,2,4,9,15,19,20,24,25,33,36,38,40,43,49,51,55,56,65,69,70
,13:00,2,3 995 377,5,8,10,11,15,16,17,18,24,26,27,29,30,32,33,34,38,60,63,70
,13:00,3,?,1,3,4,8,10,12,15,29,32,34,36,37,41,43,46,57,59,62,66,67
,13:00,2,5 078 332,4,6,14,15,17,19,27,28,36,37,38,40,42,43,50,51,59,60,61,62
,13:00,2,1 510 255,3,8,11,12,20,26,30,31,33,36,41,42,49,56,57,61,62,65,67,69
,13:00,2,8 301 678,2,3,10,18,20,24,25,27,43,45,46,47,48,50,52,64,65,67,68,70
,13:00,3,3 820 245,1,9,14,15,20,22,27,28,31,35,36,37,40,43,44,47,51,60,61,62
,13:00,3,3 070 175,1,2,12,18,23,24,26,28,31,32,33,34,41,47,48,50,54,55,56,70
,13:00,3,?,1,5,7,9,12,15,20,22,24,28,29,37,39,41,56,58,59,62,67,68
,13:00,3,8 297 626,3,7,11,14,16,24,31,33,38,48,51,52,53,56,60,61,63,64,66,67
,13:00,3,4 044 008,5,6,10,11,17,20,21,22,24,32,36,37,38,45,46,49,53,62,64,67
,13:00,2,9 258 681,2,4,11,13,18,22,26,30,33,38,43,44,49,51,56,61,64,66,68,70
,13:00,2,?,2,3,5,7,9,14,22,27,41,42,47,48,49,50,53,54,56,59,62,65
,13:00,3,7 604 865,4,6,10,12,15,24,28,34,35,37,40,43,46,47,52,56,59,60,66,69
,13:00,3,4 178 862,4,5,7,9,14,25,26,27,29,30,31,33,36,42,51,52,62,63,68,69
,13:00,5,5 217 118,14,16,19,23,27,30,31,33,36,38,39,44,49,50,52,56,58,59,67,70
,13:00,2,7 510 848,4,9,14,16,20,24,31,32,38,42,45,46,49,50,57,58,63,64,65,70
,13:00,2,2 054 745,1,7,9,13,14,15,19,27,31,33,35,39,41,44,48,56,59,63,67,68
,13:00,2,3 780 064,1,2,6,9,10,12,15,17,19,28,30,33,35,43,45,48,58,61,63,68
,13:00,5,1 021 518,4,5,8,13,16,17,18,21,26,28,30,35,44,46,55,59,61,62,63,64
,13:00,3,7 344 179,5,13,14,15,16,20,23,27,30,31,32,43,47,48,52,55,61,62,69,70
,13:00,2,?,1,5,6,13,18,23,26,27,30,38,42,43,44,46,47,48,54,60,61,62
,13:00,2,6 208 133,3,15,18,20,21,27,29,35,36,38,40,42,45,49,51,53,57,59,61,68
,13:00,2,2 968 640,6,7,9,10,15,22,23,28,33,38,39,41,42,46,49,53,56,59,60,70
,13:00,2,2 049 359,6,7,9,11,12,16,17,19,20,21,27,29,32,36,38,40,51,54,57,64
,13:00,2,4 527 093,2,3,4,6,9,11,14,22,26,31,33,38,40,46,50,51,54,55,59,65
,13:00,5,7 846 454,2,3,4,7,8,17,21,24,26,30,31,40,41,46,49,52,60,64,66,67
,13:00,3,?,6,8,11,17,28,32,33,41,45,47,53,56,57,58,62,64,65,66,67,68
,13:00,2,5 866 309,5,6,7,10,11,13,17,21,28,31,33,34,46,48,49,57,58,66,69,70
,13:00,2,6 306 898,3,4,5,6,11,12,15,17,18,28,33,39,49,50,52,54,56,58,59,69
,13:00,2,5 734 517,3,19,20,22,23,25,35,36,38,45,46,47,55,57,58,59,62,63,67,69
,13:00,3,4 273 985,6,7,9,10,11,19,20,24,28,34,35,36,39,42,44,45,50,53,54,69
,13:00,2,5 810 365,3,5,6,7,16,17,22,30,32,33,34,38,42,45,46,47,48,58,59,66
,13:00,2,5 333 983,1,2,7,13,15,16,20,21,22,23,29,35,37,40,41,42,47,53,60,67
,13:00,3,7 035 096,1,3,6,7,12,13,15,17,19,36,38,42,44,46,50,51,56,60,68,70
,13:00,2,0 664 815,16,18,21,23,24,26,33,38,39,40,43,46,49,53,54,55,59,60,63,68
,13:00,2,8 724 758,1,6,8,10,15,16,29,33,34,36,46,48,50,51,52,55,57,61,65,70
,13:00,2,7 186 067,7,11,12,14,18,22,25,28,39,41,43,44,48,49,54,55,58,60,61,67
,13:00,2,2 845 481,5,8,11,12,22,28,32,37,42,43,45,51,53,55,56,58,59,60,63,68
,13:00,2,3 766 801,12,16,17,19,23,25,27,29,30,31,32,38,39,46,52,53,56,57,60,69
,13:00,3,4 465 659,1,2,10,13,14,15,18,27,31,36,39,48,50,52,55,59,63,65,68,70
,13:00,2,4 221 903,7,9,10,11,14,23,24,27,30,37,39,47,48,50,55,58,61,66,67,70
,13:00,2,4 514 543,10,11,14,16,22,23,30,33,39,41,43,46,48,49,54,59,60,61,62,69
,13:00,3,3 874 295,6,7,10,11,12,21,22,33,36,37,39,48,49,51,57,60,62,63,67,70
,13:00,2,8 408 473,2,5,14,18,24,26,29,30,33,35,38,41,43,45,46,49,51,52,60,67
,13:00,2,?,1,5,6,8,10,11,14,26,30,31,37,40,45,50,53,57,59,62,64,69
,13:00,3,8 489 555,1,4,5,8,15,18,25,29,32,34,36,39,40,45,47,52,53,62,65,69
,13:00,2,?,1,2,5,6,8,19,22,27,29,31,32,39,43,46,48,54,56,64,66,70
,13:00,2,3 893 993,3,6,7,13,20,25,27,32,33,34,37,38,40,51,53,56,59,61,63,69
,13:00,3,1 419 970,1,7,13,15,18,23,24,25,35,40,42,43,47,48,56,57,61,63,65,68
,13:00,3,9 748 633,5,12,13,17,18,25,26,28,36,37,39,40,43,45,46,47,54,59,64,70
,13:00,2,1 371 673,1,2,9,11,13,17,23,25,27,30,31,34,38,39,43,48,56,59,62,68
,13:00,2,6 197 125,1,2,5,9,13,14,18,22,29,33,36,37,38,42,47,50,57,61,64,70
,13:00,2,6 790 704,1,3,6,7,8,9,11,17,20,23,25,31,34,35,38,42,43,58,65,68
,13:00,3,8 728 624,1,5,6,11,14,16,26,30,40,41,42,45,46,47,48,51,55,57,61,62
,13:00,3,8 660 601,2,5,7,12,13,21,25,30,31,35,40,45,57,63,64,65,66,67,69,70
,13:00,2,?,8,10,17,18,20,21,22,23,28,29,30,37,39,40,46,49,51,61,64,67
,13:00,3,?,4,6,7,11,13,16,21,27,35,37,39,41,47,54,55,56,61,62,64,70
,13:00,2,1 697 904,1,8,10,12,15,18,24,25,33,35,36,37,38,39,41,53,56,59,64,70
,13:00,2,?,1,3,8,14,17,21,24,27,31,33,38,41,42,43,44,53,55,57,62,69
,13:00,2,4 187 373,2,3,6,11,17,19,20,26,27,30,32,34,43,48,56,57,58,63,64,67
,13:00,2,5 206 638,1,11,14,22,26,32,34,37,38,42,43,44,46,47,51,57,64,66,68,70
,13:00,3,?,3,5,7,10,17,23,25,27,28,33,35,43,46,48,49,51,57,62,66,68
,13:00,3,6 372 002,1,4,6,7,9,18,20,43,46,49,50,51,52,53,55,57,58,60,64,66
,13:00,3,6 587 762,2,5,15,19,21,23,25,28,29,35,40,41,46,50,52,53,54,56,66,70
,13:00,2,6 756 256,2,5,18,23,25,27,29,30,34,37,39,41,44,47,51,58,61,65,67,68
,13:00,2,2 328 878,1,2,4,13,14,16,23,28,36,39,49,52,55,64,65,66,67,68,69,70
,13:00,2,?,2,10,16,21,24,27,31,33,34,37,41,47,50,51,57,59,60,61,66,70
,13:00,2,2 119 067,1,3,9,14,15,22,24,25,26,29,31,33,34,43,48,49,58,59,63,67
,13:00,3,3 203 932,1,3,16,17,20,21,22,23,27,28,29,37,43,45,49,53,56,57,58,69
,13:00,3,?,5,11,13,14,17,20,22,24,28,29,33,34,38,39,44,45,54,57,59,68
,13:00,2,6 668 767,5,6,7,10,12,16,18,19,24,25,27,36,42,45,48,50,58,62,66,67
,13:00,2,5 746 810,5,11,13,15,16,20,22,23,30,33,34,35,36,37,40,45,50,52,55,63
,13:00,2,5 406 488,5,8,12,16,18,20,22,23,25,39,42,43,46,54,55,56,60,64,66,68
,13:00,2,4 526 542,1,5,6,11,13,15,20,27,28,29,33,39,46,50,53,58,60,61,64,65
,13:00,3,?,8,14,15,19,20,22,24,27,38,41,45,46,51,53,55,62,63,65,66,70
,13:00,2,7 810 639,9,17,28,33,34,35,38,40,41,43,46,48,52,56,58,62,64,65,66,67
,13:00,2,?,1,2,3,6,14,20,21,29,32,33,36,37,41,46,48,50,51,54,58,60
,13:00,2,6 403 652,11,14,15,16,17,19,23,26,32,34,35,37,40,41,43,46,52,54,62,68
,13:00,3,?,2,4,6,8,12,14,17,22,30,35,38,42,45,50,59,60,61,62,63,66
,13:00,2,6 417 479,1,5,8,16,17,21,22,26,29,36,40,41,42,45,47,50,51,55,58,60
,13:00,3,?,6,7,9,12,14,16,19,23,33,34,35,37,39,40,42,48,50,60,63,69
,13:00,3,5 954 630,1,7,12,19,20,21,24,25,28,37,41,43,45,48,50,54,56,60,61,70
,13:00,3,9 547 498,2,3,8,11,13,15,29,30,31,34,36,37,38,42,44,50,61,62,68,69
,13:00,2,2 887 272,2,4,6,17,19,23,26,29,30,33,34,37,40,50,53,55,57,60,63,68
,13:00,3,5 200 120,4,6,10,12,16,18,26,30,32,36,46,48,50,54,57,59,60,63,65,69
,13:00,3,3 199 954,1,3,8,10,12,15,17,18,20,21,38,40,44,51,53,54,55,62,65,68
,13:00,3,2 381 581,4,5,6,7,18,22,26,33,39,41,45,49,51,52,53,55,60,61,62,63
,13:00,2,3 409 047,2,3,6,7,11,13,14,15,19,20,27,28,29,32,37,38,43,48,54,60
,13:00,2,1 765 197,2,6,15,20,24,31,32,34,35,36,37,39,41,42,44,45,52,61,62,65
,13:00,2,3 737 971,2,9,19,20,21,23,25,26,29,33,34,36,37,40,43,45,47,51,53,68
,13:00,2,4 535 715,3,4,6,13,14,16,19,21,22,26,33,34,35,36,38,52,55,64,65,69
,13:00,3,1 162 999,4,6,14,16,17,19,20,29,31,34,38,39,44,50,53,56,57,62,64,67
,13:00,2,9 668 412,2,4,5,8,13,27,29,35,37,41,44,46,48,51,52,54,64,65,67,70
,13:00,5,4 240 759,1,2,11,14,16,24,27,30,31,34,35,49,50,54,58,61,62,64,65,67
,13:00,3,6 291 617,3,11,12,14,20,22,30,38,45,49,50,51,54,55,56,59,63,64,67,69
,13:00,3,2 974 116,1,2,5,18,20,28,31,34,35,37,38,39,41,46,50,51,57,60,61,69
,13:00,2,1 757 521,1,5,8,11,12,14,17,24,25,30,32,43,44,51,58,59,62,66,69,70
,13:00,2,?,1,5,11,12,15,22,23,24,30,31,34,36,41,50,52,56,59,60,61,70
,13:00,3,?,4,6,7,8,10,25,32,39,40,47,48,50,53,55,57,58,63,65,66,68
,13:00,3,2 964 854,5,11,13,15,16,18,20,21,27,33,37,38,48,49,50,55,57,62,64,70
,13:00,2,4 781 105,3,5,10,14,16,23,27,34,36,37,49,51,52,55,56,58,61,63,67,68
,13:00,2,?,2,3,5,8,12,16,19,21,22,26,31,33,35,38,40,45,53,56,65,68
,13:00,2,1 984 018,2,12,13,14,19,20,22,24,43,47,49,51,55,59,60,62,63,66,67,68
,13:00,3,9 178 680,5,6,13,14,15,24,25,26,32,33,35,37,42,43,44,47,50,53,61,66
,13:00,3,2 994 052,3,7,8,13,20,25,26,27,31,36,41,44,45,47,52,54,56,59,67,69
,13:00,3,?,2,7,10,15,16,18,28,29,34,36,42,45,50,51,52,53,54,56,66,69
,13:00,2,4 944 373,4,6,9,12,13,21,22,28,39,40,41,44,45,49,50,58,61,65,66,69
,13:00,2,?,1,2,3,4,7,8,12,17,22,26,29,30,31,33,36,48,50,61,66,68
,13:00,5,9 275 231,10,12,14,16,17,24,26,31,34,37,42,43,45,48,52,56,57,61,67,69
,13:00,2,3 953 988,1,9,10,18,19,21,28,31,33,34,36,39,45,49,52,57,61,62,67,68
,13:00,2,5 074 227,1,2,3,5,17,22,25,27,29,30,31,36,37,46,47,54,62,67,68,69
,13:00,2,9 633 272,2,11,16,21,22,24,27,31,33,34,41,43,48,49,54,55,56,59,64,66
,13:00,2,?,5,17,23,25,29,31,33,34,37,41,43,44,48,49,50,51,55,64,65,69
,13:00,2,6 986 758,6,8,10,11,12,16,17,23,25,29,32,34,37,42,50,52,53,56,65,66
,13:00,2,1 761 526,1,7,9,13,14,15,17,20,23,24,39,42,48,52,55,60,61,65,66,70
,13:00,3,7 341 912,5,9,10,13,14,15,16,18,19,27,29,37,39,51,53,55,56,65,66,68
,13:00,2,6 874 838,6,9,17,24,25,26,28,33,35,38,40,47,49,54,55,58,61,62,69,70
,13:00,2,4 471 797,6,13,15,16,17,20,26,35,41,42,44,46,47,49,51,52,61,64,66,67
,13:00,2,3 199 976,1,6,8,9,15,24,25,27,28,34,37,38,46,50,51,53,54,56,59,61
,13:00,2,2 284 813,1,15,16,17,18,21,26,27,28,29,30,34,38,44,49,52,59,64,65,66
,13:00,3,4 869 877,3,11,12,14,16,17,18,25,27,32,33,38,42,48,52,54,58,62,64,70
,13:00,2,9 787 105,1,4,6,9,18,23,34,35,36,38,39,49,50,51,53,55,57,58,60,62
,13:00,2,?,9,10,12,14,15,17,19,27,32,34,36,40,41,43,54,59,60,63,64,68
,13:00,2,1 477 474,1,12,15,16,17,20,21,23,30,32,35,36,45,49,50,51,53,54,56,61
,13:00,2,?,2,4,13,19,20,24,25,27,28,35,46,51,54,55,59,62,64,65,66,68
,13:00,3,?,2,7,8,11,14,16,17,33,37,42,43,48,49,50,52,53,54,55,58,65
,13:00,2,9 459 715,3,11,12,15,18,21,30,34,35,39,41,45,46,48,49,52,56,62,66,70
,13:00,3,8 963 064,3,5,8,9,10,18,20,23,31,36,42,43,48,49,51,55,57,62,63,68
,13:00,3,4 242 746,3,5,6,8,27,28,33,34,38,44,45,53,57,58,60,61,62,67,68,70
,13:00,2,1 304 214,5,8,10,14,18,19,20,22,24,47,50,52,54,55,57,58,61,63,65,68
,13:00,3,1 569 210,1,5,6,10,11,16,18,19,26,28,29,30,32,33,35,37,47,55,56,60
,13:00,2,3 833 969,3,5,10,11,18,19,21,23,25,26,28,34,38,39,42,45,48,58,69,70
,13:00,3,6 260 938,1,5,14,16,17,20,22,23,27,30,31,35,39,40,42,50,51,54,62,65
,13:00,5,5 547 886,7,14,19,20,22,23,24,26,32,39,41,42,44,46,51,60,61,66,68,69
,13:00,2,7 675 076,4,5,10,12,24,27,28,29,32,33,34,35,42,46,50,52,54,55,57,61
,13:00,2,?,2,4,5,7,8,10,14,17,28,30,39,41,46,51,60,63,64,66,68,69
,13:00,2,7 500 485,3,5,8,9,13,16,19,24,26,28,36,37,41,45,52,55,56,57,63,70
,13:00,2,2 020 334,5,10,13,14,17,18,24,27,38,42,46,48,50,51,59,62,63,64,69,70
,13:00,2,1 958 694,1,4,12,13,17,26,29,31,36,38,45,46,49,50,51,55,58,59,61,65
,13:00,2,1 210 177,7,9,14,19,20,22,26,28,31,34,41,44,49,52,54,60,61,62,64,65
,13:00,3,7 246 389,4,11,14,17,22,25,26,27,29,34,35,37,38,41,51,59,61,63,64,66
,13:00,3,?,3,5,6,8,14,15,17,19,22,30,33,36,38,43,44,50,51,60,63,64
,13:00,2,3 623 075,6,7,12,18,27,31,32,33,35,37,38,41,42,44,49,50,55,57,58,64
,13:00,2,6 629 662,4,9,10,16,17,20,22,23,29,34,35,40,51,52,53,55,56,61,64,65
,13:00,3,7 594 321,4,6,9,19,20,21,23,25,29,30,32,37,42,44,47,51,53,54,55,59
,13:00,2,7 271 451,4,7,8,9,10,11,16,17,27,31,34,38,43,52,55,56,59,60,63,70
,13:00,2,8 981 867,3,4,8,9,12,14,16,19,24,34,35,39,43,47,49,56,57,64,66,70
,13:00,3,2 966 487,7,8,10,11,12,16,17,24,29,31,33,34,39,42,47,56,58,62,64,70
,13:00,3,4 120 108,1,12,17,21,27,29,30,33,34,38,40,45,46,50,53,57,58,63,64,69
,13:00,2,?,2,3,6,7,10,15,18,23,25,29,35,38,42,49,52,55,58,59,62,68
,13:00,3,?,4,8,9,14,19,20,22,23,24,38,42,49,50,53,57,61,62,63,68,70
,13:00,2,9 580 537,3,4,5,6,9,10,12,16,18,26,38,39,46,48,49,50,51,53,59,65
,13:00,2,?,2,8,10,12,13,19,22,27,29,31,34,36,38,41,49,50,54,62,68,69
,13:00,2,7 186 031,2,6,8,11,17,18,20,23,26,27,30,32,33,45,48,54,57,59,65,68
,13:00,3,1 089 137,8,9,10,12,18,23,29,30,31,34,35,40,41,43,44,48,55,56,66,69
,13:00,2,?,2,6,8,13,17,18,22,25,28,29,33,37,40,48,50,54,56,63,67,69
,13:00,2,4 029 309,3,4,5,6,9,16,17,20,26,29,30,32,33,40,43,45,59,60,64,70
,13:00,2,2 845 681,11,14,17,19,20,21,23,29,30,32,33,38,39,42,44,57,58,59,63,69
,13:00,2,5 435 139,1,2,4,5,6,9,13,14,15,16,27,31,37,42,46,48,49,56,63,69
,13:00,5,2 732 998,8,13,17,20,21,22,24,25,33,39,42,44,48,50,52,54,55,64,65,70
,13:00,2,?,2,8,17,25,29,30,34,35,36,38,39,42,43,50,53,54,58,59,62,69
,13:00,3,2 730 015,5,10,13,20,21,26,29,33,37,40,41,43,46,47,50,53,54,55,60,61
,13:00,2,6 209 433,4,9,15,16,18,20,21,30,34,35,41,42,47,53,55,56,58,60,64,65
,13:00,2,5 015 672,5,7,20,23,26,28,30,31,34,35,38,43,47,51,57,60,61,62,63,65
,13:00,2,6 233 906,1,2,5,7,10,11,12,13,17,21,23,29,35,41,46,52,57,58,59,62
,13:00,3,7 524 955,7,8,15,17,18,25,26,29,39,40,44,49,51,52,56,58,60,62,63,69
,13:00,2,2 522 493,2,6,8,14,16,19,23,26,27,31,47,48,49,51,54,55,56,57,59,61
,13:00,2,?,4,5,6,9,11,13,14,16,27,29,30,34,38,41,61,63,65,67,68,69
,13:00,2,5 366 344,3,5,6,15,20,30,31,35,37,38,40,42,45,48,49,56,61,65,68,69
,13:00,3,2 122 726,2,3,7,9,12,14,17,19,24,27,36,39,41,42,43,44,45,48,60,61
,13:00,3,1 860 075,9,10,13,17,21,24,28,36,37,39,41,43,44,47,51,53,56,62,63,65
,13:00,3,3 990 856,2,4,10,13,15,21,25,28,29,32,35,36,37,38,40,41,45,55,59,64
,13:00,3,1 496 178,1,2,3,6,8,12,14,16,23,24,27,28,30,43,51,55,59,60,65,66
,13:00,2,2 690 722,1,9,10,13,16,20,25,28,30,31,42,44,47,51,57,58,62,63,68,70
,13:00,2,4 633 665,1,10,22,23,27,28,33,38,39,41,42,43,46,53,58,61,62,63,65,67
,13:00,2,?,2,3,13,16,20,24,28,29,35,36,39,40,42,44,47,48,56,60,62,64
,13:00,2,3 287 350,3,4,8,10,12,13,15,18,20,22,23,26,34,40,42,50,53,55,65,66
,13:00,2,1 380 989,4,9,12,13,19,21,22,25,32,34,39,42,46,48,50,51,56,57,62,65
,13:00,2,8 844 962,3,4,7,8,9,17,20,22,23,26,30,33,42,45,57,58,63,66,69,70
,13:00,2,5 661 583,8,10,12,13,19,21,28,30,33,36,43,46,48,53,54,55,58,66,69,70
,13:00,3,3 493 397,3,6,11,13,17,20,23,28,30,33,35,38,39,42,50,51,56,58,59,70
,13:00,2,?,7,8,10,20,26,29,30,31,32,39,41,44,48,49,58,60,61,64,66,69
,13:00,2,3 611 325,3,4,6,17,18,28,31,32,37,46,47,48,49,51,52,53,54,57,65,70
,13:00,2,3 035 332,1,4,6,8,11,12,15,28,31,37,42,45,46,54,57,59,61,62,63,68
,13:00,2,9 833 111,1,4,6,13,15,27,29,34,38,39,41,42,44,45,49,52,53,59,62,66
,13:00,3,2 241 580,2,8,10,17,22,23,32,34,36,37,39,41,48,49,50,55,56,59,67,68
,13:00,3,?,3,5,7,11,12,15,25,29,35,44,45,46,51,57,58,59,61,62,64,68
,13:00,2,9 147 177,9,12,22,23,27,30,36,40,42,44,46,47,49,51,52,57,59,63,64,70
,13:00,2,7 158 275,1,3,4,6,9,10,12,23,28,30,34,39,43,45,50,56,59,61,63,67
,13:00,3,4 151 930,3,16,17,24,25,26,28,31,35,38,41,50,51,52,54,57,58,60,62,63
,13:00,3,3 804 020,1,9,12,18,20,23,26,28,29,30,33,34,40,41,46,50,54,59,60,68
,13:00,2,3 976 146,1,5,10,13,22,23,24,27,28,34,45,46,47,49,54,55,60,62,68,70
,13:00,3,7 885 020,9,11,12,14,15,16,27,30,32,36,37,41,42,43,46,47,52,53,62,66
,13:00,3,5 945 075,6,7,8,12,16,22,26,27,29,39,44,45,49,50,53,57,59,63,67,70
,13:00,3,3 672 662,1,16,18,22,24,26,28,31,32,38,42,45,47,49,55,57,58,59,63,65
,13:00,2,?,2,3,4,5,7,12,13,22,32,40,44,47,50,52,55,57,60,64,66,68
,13:00,3,2 211 428,1,4,6,17,19,23,24,26,29,31,42,45,46,47,49,56,60,62,67,69
,13:00,3,8 786 759,5,10,12,15,17,24,25,27,30,41,42,43,44,46,49,55,56,62,65,69
,13:00,2,6 640 294,1,2,5,11,13,18,23,25,27,34,40,47,48,50,53,55,57,58,61,63
,13:00,2,3 788 566,3,4,8,10,11,12,14,16,22,25,27,30,32,36,44,53,55,66,67,69
,13:00,2,4 949 810,2,11,13,14,23,24,29,32,39,40,45,49,51,52,54,57,62,63,68,69
,13:00,3,7 948 684,2,7,9,24,25,27,36,38,41,42,43,44,48,54,55,56,61,62,63,70
,13:00,2,1 249 475,2,4,6,11,16,22,33,35,40,41,42,46,55,56,58,59,61,62,65,66
,13:00,2,?,5,9,11,12,16,20,29,31,32,36,37,38,41,45,50,54,56,57,60,63
,13:00,2,2 673 516,1,7,9,10,11,22,23,27,29,31,35,36,44,47,49,53,55,65,67,69
,13:00,2,6 366 481,2,6,14,17,18,22,28,30,32,39,41,43,44,50,53,57,61,62,63,69
,13:00,3,9 676 526,2,13,14,21,23,24,26,27,29,39,43,45,51,54,59,64,66,67,68,70
,13:00,2,2 859 471,1,7,8,11,14,18,27,29,33,34,43,46,47,52,56,57,59,60,61,70
,13:00,2,8 280 793,1,2,6,11,12,13,18,23,25,26,32,35,37,40,45,46,60,64,65,68
,13:00,5,7 669 188,6,8,11,13,24,25,28,29,36,38,40,46,47,52,53,57,61,62,63,64
,13:00,2,2 709 809,1,7,8,12,18,21,24,26,33,40,42,45,47,48,51,52,54,67,68,70
,13:00,2,4 578 738,2,6,12,14,21,23,24,25,28,30,33,39,40,44,48,49,50,52,62,70
,13:00,3,?,6,16,18,23,27,28,33,34,36,37,40,41,42,46,52,54,57,64,66,68
,13:00,2,?,2,10,14,15,17,19,20,21,24,25,26,28,37,40,41,45,57,60,66,68
,13:00,2,1 775 513,1,6,7,8,11,13,14,20,23,29,34,35,38,42,43,53,54,61,62,63
,13:00,3,4 859 191,3,8,10,13,14,16,24,30,32,35,43,44,47,53,55,58,62,63,64,68
,13:00,3,5 910 265,5,6,8,9,11,25,26,28,31,32,40,42,48,56,58,61,62,65,68,70
,13:00,2,4 633 114,7,10,13,14,24,27,28,29,30,35,38,43,45,46,48,52,55,59,60,67
,13:00,2,1 871 502,9,16,20,22,28,29,35,39,40,41,44,46,48,52,58,60,62,63,65,70
,13:00,5,6 976 753,2,3,5,6,20,22,25,28,31,32,33,35,36,37,44,47,51,60,62,65
,13:00,2,8 103 796,1,2,7,10,11,12,15,18,23,26,28,39,45,48,49,51,53,56,58,70
,13:00,2,?,1,3,16,18,19,20,21,23,29,31,32,35,38,41,42,55,58,62,63,66
,13:00,2,2 330 382,1,2,6,7,8,11,13,16,17,22,25,35,41,42,46,48,52,65,66,68
,13:00,3,?,2,3,5,9,16,19,24,25,32,35,37,38,39,42,44,45,46,51,67,70
,13:00,2,8 274 807,7,8,10,14,16,17,23,24,26,29,30,37,38,44,47,58,60,63,64,67
,13:00,2,1 245 010,1,2,6,10,21,23,25,28,32,33,35,38,41,49,53,55,60,61,63,67
,13:00,2,8 952 316,3,9,11,14,15,16,21,23,29,31,34,44,51,53,54,55,58,62,66,69
,13:00,2,5 936 306,4,10,16,20,23,26,30,36,38,39,42,45,50,52,54,62,66,67,68,70
,13:00,2,7 748 021,2,3,7,10,21,27,31,37,41,42,44,47,48,52,54,57,59,62,63,69
,13:00,2,9 741 248,1,6,11,14,17,18,23,26,28,31,34,35,43,44,46,53,58,59,62,70
,13:00,2,9 591 018,4,5,6,16,17,25,27,34,36,39,41,42,44,46,49,50,56,61,63,67
,13:00,2,1 108 109,4,8,14,15,16,17,18,22,25,26,27,28,29,39,47,48,50,54,68,70
,13:00,2,7 557 749,6,9,10,13,17,19,28,36,37,43,45,48,49,50,54,59,60,63,64,69
,13:00,2,?,1,6,11,13,15,18,19,21,22,26,30,32,37,42,44,45,46,48,62,66
,13:00,2,7 428 780,1,8,9,11,12,13,23,32,35,38,39,43,46,54,56,57,60,63,64,69
,13:00,2,2 094 944,5,8,10,11,13,15,19,21,25,27,29,30,34,41,45,54,57,63,67,69
,13:00,2,7 277 939,4,6,17,18,19,22,26,28,34,37,39,40,42,49,54,55,62,65,67,70
,13:00,2,2 926 033,1,4,5,6,12,14,15,26,30,33,42,44,49,55,57,58,59,60,66,68
,13:00,2,7 822 659,3,5,7,9,11,14,23,24,34,35,37,41,44,47,50,53,62,65,68,70
,13:00,2,1 399 788,3,4,6,9,11,16,23,29,32,35,39,40,42,43,46,50,57,61,66,68
,13:00,3,8 610 085,9,17,18,24,27,28,39,40,41,42,47,54,56,59,60,61,63,64,65,66
,13:00,3,2 194 013,2,3,9,21,24,25,28,42,44,45,46,47,49,52,54,57,59,60,61,62
,13:00,2,1 977 620,4,11,15,16,21,22,23,28,30,32,36,45,50,53,56,58,62,63,64,70
,13:00,2,5 989 055,3,6,12,16,17,18,23,24,26,27,30,38,46,51,53,54,57,60,65,68
,13:00,2,9 055 031,3,4,18,19,20,27,29,31,33,34,38,39,47,50,55,56,60,62,63,68
,13:00,3,?,6,11,12,16,17,18,19,21,26,34,39,42,49,55,59,64,66,67,69,70
,13:00,2,4 467 006,2,3,4,5,6,14,16,18,21,25,27,29,35,36,44,46,57,62,68,69
,13:00,2,6 209 882,3,5,7,8,12,13,15,16,25,28,33,35,41,43,45,53,56,58,63,65
,13:00,5,6 452 696,2,7,8,13,20,21,25,32,38,42,43,44,47,50,51,54,55,58,66,69
,13:00,2,9 055 977,1,3,4,10,11,12,16,20,27,28,31,32,34,42,46,54,57,58,65,68
,13:00,2,?,1,3,7,16,18,21,25,26,30,31,33,35,39,40,55,56,60,62,63,66
,13:00,2,5 394 328,1,4,6,9,12,15,19,24,27,29,35,41,42,43,47,49,51,52,60,67
,13:00,2,?,3,4,8,9,10,17,18,23,29,32,33,38,42,48,49,56,59,62,66,70
,13:00,3,9 573 792,3,7,8,10,16,20,25,28,35,38,42,46,55,56,61,62,63,64,65,70
,13:00,2,1 189 704,2,4,5,11,15,16,17,18,24,30,33,36,39,43,54,55,59,60,66,68
,13:00,5,5 756 678,1,2,7,11,14,15,22,35,37,39,42,47,48,52,54,55,60,62,66,69
,13:00,2,8 563 383,4,6,9,12,14,23,25,33,39,42,43,45,53,54,57,61,62,65,67,68
,13:00,2,?,5,9,10,13,15,25,28,30,31,32,33,43,46,48,56,60,66,67,68,69
,13:00,2,3 938 568,9,10,11,12,13,14,17,20,25,32,33,36,40,43,48,49,50,52,54,66
,13:00,2,2 304 690,4,7,8,18,20,22,25,30,33,39,43,46,49,50,52,60,61,66,67,68
,13:00,3,2 553 544,3,4,5,8,15,21,26,29,31,44,46,48,53,56,59,63,64,65,66,70
,13:00,2,2 459 737,3,4,10,20,30,33,38,39,40,43,48,52,56,58,59,61,64,65,67,70
,13:00,2,9 683 268,6,8,9,10,15,18,19,24,29,35,41,43,48,50,54,60,62,63,65,67
,13:00,2,7 402 236,1,2,5,6,11,14,18,20,25,26,30,33,43,44,47,49,52,55,61,68
,13:00,3,8 597 752,3,6,7,14,16,23,30,43,45,46,47,48,50,55,56,57,59,62,64,70
,13:00,2,8 285 970,6,8,13,21,22,23,24,25,30,34,37,44,45,46,47,48,54,64,65,70
,13:00,2,?,3,8,10,12,14,17,29,30,33,35,40,43,51,52,53,55,58,59,60,69
,13:00,3,5 043 458,1,2,3,11,19,22,28,32,33,37,39,41,43,45,52,54,60,61,64,67
,13:00,2,9 206 191,2,3,5,13,17,21,28,29,30,32,37,38,42,49,50,53,56,60,61,66
,13:00,2,3 667 113,3,4,7,9,12,13,14,18,22,24,30,33,36,38,42,45,46,52,61,67
,13:00,2,3 541 306,4,10,12,17,19,26,29,31,34,35,38,41,42,51,58,62,64,67,69,70
,13:00,3,8 361 077,1,6,10,12,14,15,18,27,29,30,34,41,45,48,52,56,57,60,64,69
,13:00,3,5 441 879,10,16,17,23,24,25,28,29,32,37,38,46,48,53,55,59,60,65,69,70
,13:00,2,8 644 608,2,12,13,14,23,26,33,37,38,40,43,45,55,57,62,65,66,67,68,70
,13:00,3,?,1,5,7,8,10,15,22,24,30,31,33,34,35,36,37,49,51,60,61,62
,13:00,3,?,2,7,8,13,17,19,20,22,24,26,30,32,37,44,46,47,54,60,61,69
,13:00,2,7 216 790,7,11,15,16,18,19,28,29,39,40,42,50,51,53,55,60,63,64,65,68
,13:00,3,?,1,2,3,7,8,11,18,26,27,32,33,38,47,50,51,53,60,63,65,69
,13:00,2,?,5,8,11,12,17,19,20,21,24,25,27,28,35,36,39,41,47,51,60,61
,13:00,2,1 839 609,1,2,7,14,23,27,28,29,32,33,34,42,45,46,50,53,56,59,69,70
,13:00,2,8 402 152,2,5,9,10,11,13,15,17,19,24,30,33,35,44,45,52,54,63,64,67
,13:00,3,4 924 610,3,6,7,11,12,18,21,26,32,34,35,36,39,45,52,55,57,60,63,67
,13:00,3,?,1,2,3,4,8,12,22,26,27,28,29,30,32,36,40,46,55,58,61,70
,13:00,3,3 430 199,8,10,11,20,21,24,28,32,33,34,38,40,42,49,53,54,60,61,62,66
,13:00,2,4 485 122,2,4,13,15,17,21,28,29,32,33,38,39,51,57,60,64,65,68,69,70
,13:00,2,8 517 164,6,9,13,14,16,18,21,27,34,43,44,45,48,57,59,64,66,67,68,70
,13:00,3,8 691 268,4,5,7,11,16,17,19,21,25,26,27,31,33,36,37,43,53,59,67,69
,13:00,2,5 844 464,7,9,15,18,20,24,25,29,42,43,47,48,49,52,54,55,62,64,66,70
,13:00,2,6 983 004,2,7,11,13,16,24,36,38,41,43,44,47,49,51,61,64,65,68,69,70
,13:00,2,4 677 799,5,8,11,14,18,22,28,29,37,39,42,44,45,46,49,51,57,64,66,68
,13:00,2,1 505 761,1,8,10,11,16,23,29,33,34,35,37,40,45,49,51,55,65,66,69,70
,13:00,2,9 442 110,8,11,15,16,20,26,28,29,34,35,40,47,48,52,54,56,58,59,64,65
,13:00,2,5 763 238,1,6,8,17,18,23,25,31,33,34,41,47,50,57,58,60,61,63,67,69
,13:00,2,3 877 476,6,11,12,13,14,24,28,29,33,36,37,39,43,45,50,51,56,59,62,67
,13:00,2,5 433 844,1,3,4,5,8,21,24,26,28,32,37,42,43,44,51,52,57,61,63,68
,13:00,2,8 464 636,8,9,10,11,12,13,22,29,31,32,34,35,39,42,44,56,61,65,66,69
,13:00,5,1 298 752,2,9,10,11,12,13,15,19,20,24,27,29,42,46,47,48,49,50,59,60
,13:00,2,9 224 620,4,7,16,17,18,19,23,27,28,34,39,41,42,46,49,50,57,59,63,69
,13:00,2,1 755 556,3,4,5,7,8,14,22,24,25,29,32,33,34,40,52,56,62,63,64,67
,13:00,3,8 986 570,1,7,10,17,22,26,29,30,48,50,52,53,54,57,59,60,61,63,64,66
,13:00,2,9 626 634,1,4,7,10,14,18,21,23,32,35,36,39,45,46,47,53,56,59,65,68
,13:00,2,?,3,6,12,13,16,24,26,30,31,34,35,48,49,50,53,57,58,60,64,69
,13:00,2,?,1,3,7,8,10,13,19,21,25,30,32,38,46,51,55,57,61,62,64,67
,13:00,3,1 491 776,2,3,9,11,14,15,16,23,31,38,40,46,51,53,58,61,63,64,68,69
,13:00,2,?,2,7,10,11,13,18,20,21,25,27,30,37,39,40,45,50,53,62,63,69
,13:00,3,6 880 798,1,2,6,7,20,22,23,31,32,34,35,36,38,48,50,51,55,58,63,65
,13:00,2,5 203 757,3,4,8,12,13,14,16,25,26,31,32,34,43,50,52,59,61,65,66,70
,13:00,2,8 220 908,6,8,16,17,18,21,22,24,34,37,39,42,52,53,54,55,56,65,68,69
,13:00,2,3 955 810,3,5,6,10,13,14,15,19,26,35,43,44,49,56,57,59,60,64,67,69
,13:00,2,5 107 522,8,9,10,11,14,16,17,20,21,23,27,31,36,39,41,42,52,53,54,63
,13:00,2,9 922 105,3,11,14,16,19,22,27,38,42,44,45,48,49,52,53,58,59,61,62,70
,13:00,2,3 582 643,6,8,14,19,23,25,28,29,30,41,43,44,49,50,52,54,59,63,66,67
,13:00,3,4 112 835,2,9,13,17,22,27,31,33,41,44,52,53,56,57,59,60,63,65,66,70
,13:00,3,5 688 790,1,17,19,20,22,23,25,27,29,38,39,40,41,42,45,50,53,57,61,64
,13:00,3,4 220 323,1,6,10,12,14,16,22,25,27,29,31,33,36,42,45,46,52,55,59,68
,13:00,2,2 469 264,6,7,8,12,14,18,21,22,27,28,35,42,44,45,47,49,52,63,66,67
,13:00,5,8 807 455,9,13,14,16,18,20,21,28,31,36,40,41,45,49,50,56,58,62,66,67
,13:00,3,9 026 449,2,3,4,9,11,16,20,26,32,39,40,44,48,49,50,54,55,58,62,70
,13:00,2,7 761 204,1,3,5,8,13,14,15,26,28,32,35,41,42,44,46,48,49,53,54,69
,13:00,3,6 478 543,2,13,15,17,19,25,29,36,41,42,45,49,51,53,54,57,59,63,64,69
,13:00,2,1 008 008,1,2,9,12,25,28,29,31,36,40,42,45,49,51,52,55,56,57,58,69
,13:00,2,4 831 665,2,3,11,15,22,23,32,36,37,40,43,46,49,52,55,56,61,62,68,69
,13:00,2,7 941 760,4,5,10,16,21,24,25,29,32,33,37,42,48,50,51,54,57,60,63,69
,13:00,2,8 054 396,4,6,7,11,14,15,18,21,23,30,38,40,41,42,43,53,58,63,67,68
,13:00,3,?,1,3,6,15,28,30,32,37,48,50,51,52,53,57,58,60,63,66,67,68
,13:00,3,9 173 441,2,6,12,20,23,24,25,29,38,40,42,46,50,53,57,58,59,62,63,65
,13:00,2,4 881 003,11,15,16,21,24,29,35,37,47,48,51,53,54,57,59,61,62,67,68,69
,13:00,2,5 067 679,4,12,14,17,20,25,26,28,30,33,35,45,47,49,51,54,55,57,64,65
,13:00,3,1 850 532,6,7,12,18,19,21,22,23,28,29,30,34,38,48,55,57,59,61,62,68
,13:00,2,3 519 909,5,6,7,10,15,22,25,30,33,37,42,46,49,51,53,55,56,57,58,65
,13:00,2,?,5,6,8,11,13,20,21,26,30,33,35,41,46,52,53,54,55,57,60,64
,13:00,3,8 065 368,1,3,7,8,10,11,13,14,18,22,31,35,37,40,41,52,57,59,62,69
,13:00,3,?,1,7,8,10,11,23,25,37,46,50,51,52,54,55,56,59,61,63,65,66
,13:00,3,5 966 924,7,9,10,12,13,19,20,31,44,45,47,48,50,53,55,57,59,61,63,70
,13:00,5,5 002 526,1,2,5,12,14,20,24,31,32,34,42,45,49,53,57,58,59,60,63,66
,13:00,2,?,2,3,6,8,9,11,12,13,14,36,37,40,46,47,48,50,59,63,67,69
,13:00,2,2 265 456,10,11,13,15,18,19,30,32,37,42,43,44,45,50,51,52,58,60,63,70
,13:00,3,8 988 598,6,7,9,12,13,15,18,23,24,28,35,41,42,44,46,50,54,59,61,67
,13:00,3,4 631 936,1,2,3,5,8,10,13,21,22,25,27,33,36,47,49,53,57,65,66,67
,13:00,2,4 728 936,7,11,20,24,28,29,30,32,35,36,37,44,47,51,56,58,63,64,65,67
,13:00,2,9 529 804,1,3,9,10,13,15,16,21,25,36,39,43,44,45,46,49,55,56,68,69
,13:00,2,3 735 449,1,6,7,10,14,20,22,24,26,32,33,37,48,53,57,60,61,63,65,66
,13:00,3,5 104 221,3,11,14,16,19,21,22,33,34,36,38,44,51,53,58,59,62,63,68,69
,13:00,2,7 024 739,2,9,10,19,22,26,29,30,32,41,42,46,48,49,54,57,58,60,64,66
,13:00,3,2 473 951,2,4,7,10,12,27,31,32,34,47,48,50,51,52,53,60,65,66,69,70
,13:00,2,?,1,5,6,8,9,13,15,16,19,24,27,34,37,39,41,43,49,58,61,69
,13:00,2,8 038 953,6,7,12,16,19,28,30,32,40,43,48,52,54,55,58,59,63,64,65,68
,13:00,2,2 484 567,1,5,7,8,12,17,19,22,25,28,29,30,31,35,40,44,45,57,61,65
,13:00,2,?,2,7,9,12,21,22,25,31,36,40,41,43,49,51,53,54,63,66,67,69
,13:00,2,9 280 372,4,5,6,10,12,14,20,29,34,36,38,46,50,52,59,61,62,67,68,69
,13:00,2,1 935 865,1,5,6,7,11,15,18,23,26,28,29,30,31,33,37,39,44,46,61,65
,13:00,2,?,1,11,14,21,24,27,29,32,34,37,40,56,58,60,64,65,67,68,69,70
,13:00,2,3 454 433,3,4,6,7,10,11,12,19,21,26,32,36,37,39,41,46,48,54,65,70
,13:00,2,5 420 599,1,2,5,9,10,12,16,19,21,22,23,26,27,31,32,36,38,40,43,65
,13:00,3,8 394 002,5,7,9,10,11,13,14,16,18,20,21,22,29,37,41,44,55,64,66,68
,13:00,2,2 994 950,8,9,10,11,15,17,31,33,39,41,42,45,47,48,54,60,64,67,68,70
,13:00,2,1 177 848,3,5,9,17,21,25,26,29,32,34,38,40,43,46,49,56,62,63,65,70
,13:00,2,2 767 490,1,2,3,6,9,11,15,25,32,33,37,42,46,49,52,58,61,62,66,68
,13:00,2,7 741 536,2,3,4,10,12,15,19,21,28,30,33,35,39,42,46,50,51,54,56,66
,13:00,2,5 809 587,1,5,9,13,16,19,21,23,26,29,31,36,41,45,49,57,60,66,68,70
,13:00,2,5 678 802,2,7,8,16,21,25,27,29,35,36,40,46,52,53,55,59,60,62,63,70
,13:00,2,8 891 938,1,2,10,11,16,18,20,22,23,25,36,38,40,44,49,53,55,63,64,70
,13:00,2,4 205 667,6,8,9,10,19,22,24,27,28,29,35,37,38,41,47,57,61,62,67,68
,13:00,3,2 795 321,1,7,15,16,17,18,27,30,34,42,43,45,47,50,52,61,62,63,64,69
,13:00,5,?,2,8,12,18,21,22,23,24,26,27,28,29,31,32,33,37,43,51,61,67
,13:00,2,3 660 875,3,4,10,13,15,17,19,22,25,29,30,32,37,42,48,51,57,59,60,67
,13:00,3,3 299 666,4,9,11,13,17,18,24,25,32,44,45,46,48,51,54,56,60,61,63,67
,13:00,2,7 716 497,3,12,16,18,26,27,28,29,35,36,40,44,49,56,58,59,64,67,68,69
,13:00,2,3 449 170,4,5,13,29,31,32,35,37,44,46,47,48,50,51,52,53,55,58,61,62
,13:00,3,4 216 753,2,3,4,15,16,31,32,33,34,35,39,40,41,52,56,58,60,67,68,69
,13:00,3,?,2,5,6,16,18,19,20,22,38,39,45,49,52,53,54,57,58,60,63,68
,13:00,3,6 392 826,5,8,9,10,11,16,19,20,24,28,29,30,36,39,42,46,49,50,58,62
,13:00,2,?,5,7,19,21,24,27,32,35,41,44,46,54,55,56,64,66,67,68,69,70
,13:00,2,4 845 307,5,9,10,11,13,16,22,24,28,35,41,44,51,53,55,56,58,60,61,62
,13:00,3,?,5,7,8,9,12,14,25,28,29,36,46,47,52,54,55,59,60,62,68,69
,13:00,2,3 614 628,1,6,10,13,14,15,18,19,21,23,31,39,43,44,46,58,63,64,65,69
,13:00,2,?,12,15,16,17,21,23,34,35,39,41,42,44,48,49,52,54,56,59,61,67
,13:00,3,2 812 869,1,2,3,4,7,9,10,13,14,21,25,30,39,44,46,52,57,61,62,70
,13:00,2,2 092 207,1,3,6,9,10,16,18,27,28,30,32,34,37,42,44,45,50,53,60,68
,13:00,2,9 211 429,1,3,13,19,23,24,25,27,29,37,38,39,41,47,50,53,56,63,64,69
,13:00,2,7 781 577,1,8,12,17,21,26,29,32,37,39,42,47,48,52,56,59,62,64,67,70
,13:00,2,?,2,7,8,10,13,15,18,19,22,23,25,27,28,29,31,47,51,61,63,68
,13:00,2,1 245 929,2,5,14,18,22,26,27,28,29,31,38,39,43,44,47,48,62,63,66,68
,13:00,3,6 539 172,5,10,16,19,21,22,23,26,32,36,41,48,49,50,52,56,57,65,68,69
,13:00,2,9 887 479,2,4,6,10,15,19,21,30,32,33,34,35,40,48,51,53,58,61,64,70
,13:00,2,4 823 506,2,3,4,5,7,13,17,19,20,26,32,33,36,39,51,57,58,65,67,70
,13:00,2,3 211 559,2,4,8,13,25,32,37,40,42,43,45,47,50,53,54,55,57,58,69,70
,13:00,3,3 655 786,1,3,4,6,7,20,21,24,25,27,35,37,39,43,47,48,54,58,60,68
,13:00,3,7 022 945,1,12,13,14,15,16,19,26,30,33,37,38,40,43,53,57,62,65,66,70
,13:00,2,6 567 379,2,4,12,13,18,21,23,30,38,43,46,47,48,49,50,51,52,60,66,67
,13:00,2,?,2,4,11,18,21,28,29,32,34,38,40,46,48,52,53,56,58,60,61,67
,13:00,2,2 921 832,12,14,15,17,18,24,27,30,32,35,38,44,45,49,50,51,52,55,56,66
,13:00,2,3 539 128,1,3,8,9,11,14,16,25,30,43,45,49,51,52,61,62,63,66,68,70
,13:00,2,8 746 167,5,7,12,14,21,22,23,29,30,31,32,39,49,51,57,60,61,63,65,68
,13:00,2,3 973 664,1,5,6,7,13,14,20,23,24,37,41,45,47,51,52,54,57,58,61,65
,13:00,3,7 279 797,3,9,12,14,15,20,23,26,28,29,31,32,36,51,54,55,56,61,62,68
,13:00,2,3 234 488,3,4,6,19,20,23,24,25,32,34,36,37,40,45,47,49,50,57,58,69
,13:00,2,5 385 253,3,10,14,17,20,21,27,32,34,42,45,47,50,51,52,53,59,61,63,68
,13:00,3,8 399 202,2,4,7,9,11,16,23,25,31,33,39,41,45,46,47,54,56,60,67,68
,13:00,2,1 550 768,3,9,15,17,18,26,29,30,34,35,37,40,41,42,47,53,55,56,61,62
,13:00,2,7 831 554,4,5,7,9,14,15,19,21,24,30,38,39,42,44,45,46,47,55,60,69
,13:00,2,5 162 397,2,5,7,8,13,15,22,28,30,37,39,42,44,47,55,56,60,61,62,68
,13:00,2,1 828 354,1,9,11,13,21,23,30,35,36,40,41,44,47,56,57,58,59,62,65,69
,13:00,2,6 077 699,4,9,11,12,13,15,23,29,33,38,40,41,45,46,47,55,59,62,68,69
,13:00,2,?,1,6,12,13,16,19,23,27,28,30,32,38,40,41,43,45,50,62,64,65
,13:00,2,8 422 369,1,5,6,9,13,21,22,27,30,33,34,35,48,50,54,59,62,65,68,69
,13:00,2,8 483 385,7,9,14,20,21,22,23,24,29,30,33,38,42,44,46,50,60,63,69,70
,13:00,3,4 861 074,3,5,9,12,17,20,21,30,31,34,35,36,39,41,45,46,55,57,64,68
,13:00,2,4 799 922,6,11,12,15,16,17,21,27,31,34,35,37,45,46,52,57,61,63,65,70
,13:00,2,9 417 330,1,6,14,15,21,24,33,35,36,38,44,45,46,47,51,54,55,58,61,66
,13:00,2,3 831 515,3,4,7,10,15,16,18,22,24,28,29,32,33,37,39,41,46,47,48,63
,13:00,2,6 197 819,6,10,19,20,25,26,28,29,30,32,35,37,41,44,48,51,56,61,67,70
,13:00,2,5 630 506,2,4,7,10,12,14,18,29,30,33,35,41,46,48,57,59,62,68,69,70
,13:00,3,3 639 537,8,10,17,20,21,24,30,32,37,40,41,48,50,55,60,62,64,67,68,69
,13:00,2,2 249 389,2,3,6,9,11,25,28,32,35,38,44,48,50,55,58,61,62,63,65,67
,13:00,2,5 270 692,6,7,10,16,17,18,21,22,24,32,33,36,42,44,45,55,60,62,63,68
,13:00,3,1 042 298,1,8,10,11,15,18,24,25,27,29,32,35,36,40,53,59,60,66,67,69
,13:00,3,4 507 518,1,12,13,14,17,18,30,32,36,37,39,44,46,48,50,59,61,64,66,67
,13:00,2,?,8,10,11,16,21,25,27,29,34,36,38,40,43,46,47,50,52,53,55,59
,13:00,2,2 095 259,1,6,8,14,28,32,35,37,42,44,46,49,56,60,61,62,63,64,65,70
,13:00,2,7 432 730,3,8,10,13,17,20,21,22,23,28,34,35,45,48,52,57,58,59,66,67
,13:00,3,5 505 542,1,10,17,19,22,24,25,26,28,29,30,37,38,44,45,46,48,56,58,60
,13:00,3,1 523 846,3,4,7,11,17,18,21,24,31,37,43,49,53,57,58,62,63,65,68,69
,13:00,2,5 301 604,1,2,4,8,9,13,14,15,17,19,20,22,32,41,48,53,58,62,64,66
,13:00,2,2 695 461,3,6,11,16,19,20,23,26,31,39,43,50,51,57,58,59,60,63,68,70
,13:00,3,5 000 580,1,6,10,13,18,21,27,29,38,39,41,43,46,48,51,54,57,63,68,70
,13:00,3,4 148 253,2,15,16,18,19,21,22,23,24,25,27,30,37,43,45,54,55,57,61,69
,13:00,2,9 908 227,1,5,6,11,14,15,22,25,26,29,33,34,35,42,44,48,49,52,56,65
,13:00,2,6 756 886,2,9,14,19,23,31,32,33,35,36,37,42,43,45,47,52,54,62,63,64
,13:00,2,6 993 018,2,4,5,12,17,19,25,26,28,37,40,43,48,52,53,54,63,64,67,70
,13:00,3,3 381 067,6,11,14,20,28,34,39,40,45,47,48,49,51,53,55,56,60,61,62,69
,13:00,3,4 736 441,7,9,10,12,16,26,31,32,34,38,40,42,46,51,53,60,62,65,67,68
,13:00,3,8 309 735,9,11,13,16,22,26,27,28,32,34,36,39,42,46,47,55,57,58,62,63
,13:00,3,1 832 206,3,11,13,14,15,17,21,23,25,27,30,33,34,38,40,41,56,61,62,67
,13:00,2,5 026 876,6,8,10,13,15,17,19,20,23,24,30,32,37,38,45,47,53,60,65,67
,13:00,2,7 311 436,6,11,13,14,15,16,17,23,27,30,31,35,41,46,58,59,60,63,67,70
,13:00,2,3 730 640,1,4,6,8,12,13,17,20,31,32,35,47,53,55,60,62,63,64,68,70
,13:00,5,8 417 354,3,9,13,19,22,24,26,27,28,33,34,35,48,51,52,56,61,63,67,68
,13:00,2,9 407 342,4,7,13,14,15,18,20,21,24,30,31,35,39,41,46,57,59,63,64,69
,13:00,2,9 209 760,2,6,7,13,15,16,17,23,24,35,38,39,40,41,49,58,62,65,69,70
,13:00,5,?,1,10,11,13,16,19,20,23,24,37,40,43,48,53,56,57,60,64,65,70
,13:00,2,?,2,5,12,17,20,21,23,24,30,33,34,37,39,42,44,48,58,66,67,70
,13:00,3,7 853 423,2,6,7,16,17,19,22,23,25,26,37,39,40,50,54,57,58,59,65,70
,13:00,2,5 143 553,4,5,8,10,15,17,19,22,24,25,31,34,39,41,43,45,57,59,62,63
,13:00,2,5 353 674,4,12,15,16,18,19,30,31,34,35,39,41,44,45,51,59,60,63,67,68
,13:00,3,2 088 520,2,3,7,8,11,13,17,21,25,30,32,37,38,40,47,56,66,67,69,70
,13:00,2,5 782 514,1,9,10,13,14,21,23,24,28,29,30,33,48,50,51,55,58,59,61,62
,13:00,5,5 610 605,5,11,13,14,28,33,37,41,43,46,51,56,57,61,63,64,66,67,68,69
,13:00,2,2 137 782,1,5,10,11,14,17,18,21,22,23,25,28,29,31,33,43,46,56,64,68
,13:00,2,5 038 010,5,7,8,9,14,15,25,26,32,33,43,45,48,49,50,51,64,65,68,69
,13:00,2,3 643 382,2,4,5,6,9,12,15,16,17,18,25,38,43,46,58,60,64,65,66,67
,13:00,2,?,3,4,9,12,20,25,27,28,32,35,39,46,52,54,55,57,61,65,67,69
,13:00,2,3 575 239,1,2,4,6,8,24,28,32,33,38,40,41,51,52,54,55,60,61,62,63
,13:00,3,1 019 954,11,12,18,20,21,23,24,25,29,30,31,32,34,45,54,59,61,63,65,70
,13:00,2,4 262 862,1,3,18,21,22,24,25,28,33,45,47,50,52,54,56,57,58,60,62,65
,13:00,2,7 981 674,1,3,4,9,10,11,16,20,25,26,27,28,35,43,48,49,54,56,57,67
,13:00,3,3 250 477,8,12,16,17,20,21,22,23,26,33,35,37,39,40,43,44,46,61,64,67
,13:00,2,7 723 738,1,2,4,5,7,18,29,34,37,39,41,42,44,47,53,54,57,61,67,70
,13:00,2,4 986 583,1,5,6,7,8,11,12,22,38,41,42,43,46,49,50,51,53,57,65,66
,13:00,2,1 181 475,6,7,10,14,19,21,22,24,26,27,35,36,40,50,55,57,59,63,68,69
,13:00,2,2 776 161,4,10,13,16,26,27,29,35,36,37,38,43,44,47,52,53,60,61,65,70
,13:00,2,9 925 757,6,10,12,15,19,24,25,26,28,29,32,37,38,39,42,46,51,59,63,68
,13:00,2,9 178 841,7,9,13,14,15,19,20,22,24,25,29,30,35,37,40,45,56,61,62,64
,13:00,3,inconnu,5,9,10,11,24,26,28,29,31,44,47,50,53,54,56,58,59,61,67,68
,13:00,3,8 714 029,4,6,7,13,14,17,25,27,28,35,36,39,40,44,46,53,55,61,62,63
,13:00,2,3 390 893,1,2,15,18,19,20,21,25,29,31,35,37,39,48,50,52,56,63,66,70
,13:00,2,8 982 747,1,2,7,15,16,17,19,28,30,35,36,38,42,45,50,57,60,64,65,67
,13:00,2,8 489 303,1,8,11,12,15,21,28,30,35,36,37,50,59,60,62,64,66,67,69,70
,13:00,2,1 622 799,5,6,7,15,17,21,23,24,29,31,36,44,46,49,51,53,55,61,66,67
,13:00,2,8 652 688,2,8,11,12,16,22,25,27,33,36,37,44,48,49,50,54,56,57,60,69
,13:00,2,8 996 920,9,10,11,13,15,17,19,22,24,28,34,36,37,39,41,46,47,52,68,69
,13:00,3,3 468 555,4,12,13,18,20,35,47,48,49,51,54,55,56,59,61,63,64,67,68,70
,13:00,2,inconnu,5,6,7,8,10,17,18,19,21,27,35,37,43,45,52,56,57,59,62,68
,13:00,2,2 274 894,3,6,7,9,11,16,19,20,21,22,31,33,36,39,45,47,56,65,67,68
,13:00,3,9 021 916,13,14,18,25,28,36,37,40,43,44,46,47,48,49,50,52,54,62,64,65
,13:00,3,2 502 519,1,2,3,6,10,18,20,27,29,36,39,42,43,45,48,51,57,63,65,66
,13:00,2,2 243 215,6,7,8,12,13,18,20,23,25,27,31,36,38,44,47,52,61,62,64,68
,13:00,2,4 942 308,1,2,3,4,6,7,9,11,13,19,28,38,41,47,53,54,62,66,67,70
,13:00,2,1 609 743,1,2,4,8,14,24,25,35,36,38,41,42,51,52,55,57,59,63,65,66
,13:00,2,0 464 403,2,3,11,13,14,15,20,21,24,28,31,37,39,52,54,56,57,59,62,67
,13:00,2,6 051 423,10,12,15,17,21,23,26,27,35,37,40,45,47,53,57,58,59,61,69,70
,13:00,3,9 355 922,5,7,11,12,13,14,15,20,25,26,29,32,36,39,40,46,47,50,56,61
,13:00,3,7 448 826,1,4,7,10,18,27,35,39,40,43,45,49,52,54,56,59,61,62,67,70
,13:00,2,1 210 652,3,6,11,17,21,23,24,25,35,36,39,41,43,46,47,62,63,68,69,70
,13:00,3,inconnu,2,3,5,10,12,13,23,24,27,30,35,39,40,41,45,54,59,62,63,66
,13:00,5,8 098 553,5,8,12,15,17,18,22,24,27,30,46,48,51,52,55,56,66,67,68,70
,13:00,2,5 442 646,4,6,7,12,16,19,20,26,28,33,36,42,45,48,52,54,56,60,66,68
,13:00,2,0 614 584,1,5,8,10,12,16,17,19,20,22,23,24,25,36,46,50,52,58,65,67
,13:00,2,0 536 511,1,4,6,8,10,12,14,19,21,22,26,31,34,39,45,46,47,57,60,66
,13:00,2,3 717 994,4,9,12,18,19,21,25,29,34,35,36,44,45,46,48,52,53,55,63,65
,13:00,2,6 816 029,1,2,5,11,18,20,21,29,31,35,36,46,48,51,52,54,59,60,65,69
,13:00,2,3 753 369,2,3,6,7,15,16,17,18,19,26,34,37,39,40,41,44,48,53,62,69
,13:00,3,0 138 934,1,3,5,7,10,13,16,21,28,38,41,43,49,53,55,63,64,67,69,70
,13:00,2,3 225 949,2,3,5,12,19,21,22,25,27,29,33,34,35,40,43,51,57,62,63,64
,13:00,2,2 796 045,1,4,6,13,19,20,30,33,34,35,37,39,44,46,47,50,58,61,67,69
,13:00,2,5 746 707,4,5,8,9,13,20,21,43,44,47,51,52,53,55,60,63,64,66,68,70
,13:00,2,7 252 279,2,5,10,13,18,21,23,28,34,40,42,45,46,47,49,56,60,63,66,69
,13:00,2,1 327 733,8,9,15,25,26,28,32,33,35,37,38,39,57,58,59,63,64,66,67,70
,13:00,3,4 692 224,2,9,10,12,14,16,17,18,24,27,30,42,43,44,49,55,56,58,63,67
,13:00,3,3 280 578,2,4,5,6,8,14,21,26,27,30,35,41,46,49,50,53,55,65,66,67
,13:00,2,4 337 925,6,11,17,18,20,21,26,32,34,36,38,47,49,50,51,53,54,55,62,67
,13:00,2,5 643 189,2,3,8,12,15,19,24,26,30,33,34,37,43,46,48,50,58,61,68,69
,13:00,3,9 605 235,3,6,16,20,23,25,26,27,29,33,37,39,41,46,53,55,60,61,62,64
,13:00,2,8 053 213,3,4,5,14,15,16,18,23,25,29,40,41,42,43,48,51,52,59,64,67
,13:00,2,4 299 924,5,6,9,15,16,17,19,20,21,25,33,40,48,50,54,55,58,60,61,65
,13:00,2,7 193 249,2,6,10,11,16,24,26,31,33,34,39,41,44,47,48,51,63,64,65,70
,13:00,2,0 527 755,1,8,10,13,14,18,20,21,26,27,28,31,34,38,42,44,45,51,60,61
,13:00,2,9 070 868,2,4,13,15,16,27,30,33,34,36,37,41,44,45,47,50,56,58,62,66
,13:00,2,2 143 895,1,5,6,7,8,10,12,16,19,20,24,35,47,50,52,59,62,65,66,69
,13:00,2,1 465 109,1,9,10,12,13,23,27,44,48,52,53,54,55,56,57,59,62,63,64,68
,13:00,2,7 361 188,2,3,5,8,13,15,20,27,33,35,38,39,40,41,47,53,56,59,68,69
,13:00,3,1 055 717,2,5,7,8,11,12,17,20,22,27,32,34,38,39,41,42,48,56,67,70
,13:00,2,6 130 697,10,12,16,18,20,22,23,24,33,36,40,41,43,53,54,55,59,60,63,64
,13:00,5,inconnu,1,4,7,13,14,21,23,27,28,31,34,40,46,47,50,54,55,57,58,65
,13:00,2,2 088 342,4,8,11,17,18,24,26,32,33,34,36,40,42,49,54,55,60,62,63,66
,13:00,2,9 455 137,5,8,9,12,14,18,19,27,36,38,41,42,44,49,50,52,54,56,65,69
,13:00,2,1 388 730,1,5,9,11,17,18,26,30,35,37,42,47,53,54,57,59,60,66,68,69
,13:00,2,3 588 385,4,5,6,8,11,20,27,28,29,31,33,36,37,43,44,45,56,60,64,68
,13:00,3,2 834 156,3,14,15,19,20,21,24,26,27,28,37,40,44,45,46,50,52,63,66,70
,13:00,2,7 165 610,2,5,6,8,11,14,18,22,24,31,33,34,35,37,40,46,50,52,62,64
,13:00,2,0 591 818,7,12,13,15,18,22,23,24,26,27,29,33,36,43,44,52,54,61,62,65
,13:00,2,8 387 175,2,3,6,8,9,18,21,23,24,25,28,37,44,45,51,54,56,58,63,69
,13:00,3,4 427 181,3,4,8,10,12,14,16,19,26,29,35,36,39,45,48,54,57,59,61,64
,13:00,2,6 411 590,3,6,7,9,12,18,19,26,28,29,37,39,40,41,47,49,54,55,62,70
,13:00,2,3 686 540,2,3,17,18,20,22,23,26,29,33,34,35,36,39,40,53,56,60,69,70
,13:00,2,4 321 076,3,7,11,14,15,18,20,21,23,25,26,34,39,42,50,54,56,59,64,69
,13:00,2,4 149 482,7,9,14,15,21,25,28,30,35,38,40,43,44,46,48,49,57,63,65,66
,13:00,3,6 606 255,1,2,5,17,27,29,35,38,39,40,41,42,47,49,52,53,54,57,67,69
,13:00,2,1 184 866,2,5,6,10,12,13,17,20,32,33,34,35,39,40,43,48,51,54,68,69
,13:00,2,inconnu,2,4,5,7,9,17,22,29,31,33,37,45,47,51,54,55,64,66,69,70
,13:00,2,6 303 164,1,5,8,10,13,16,22,30,36,39,41,46,47,48,50,51,58,61,67,68
,13:00,3,2 048 770,4,6,7,9,11,23,24,29,32,35,37,41,43,45,46,47,57,60,64,68
,13:00,2,6 965 078,1,2,5,11,13,16,24,25,30,32,35,37,47,50,51,52,54,58,59,68
,13:00,3,5 172 781,3,10,16,18,20,25,26,31,32,37,38,39,40,46,49,51,54,56,62,66
,13:00,2,5 959 520,2,9,14,15,22,30,35,39,42,43,46,48,50,55,61,62,63,64,66,69
,13:00,2,3 351 986,4,5,6,8,10,13,17,20,22,23,25,28,29,34,44,50,51,53,59,66
,13:00,3,9 942 266,1,4,7,8,12,16,20,21,24,30,36,37,38,42,55,58,60,61,69,70
,13:00,2,4 278 879,2,4,8,20,23,24,26,30,31,36,39,41,44,49,55,62,66,68,69,70
,13:00,3,4 279 128,2,3,4,22,26,28,29,32,33,39,40,42,44,47,49,52,62,67,69,70
,13:00,3,4 964 608,14,16,20,22,25,29,33,34,39,40,43,44,48,51,52,55,57,60,62,63
,13:00,3,5 711 047,1,3,6,7,9,10,16,17,22,23,24,34,48,52,56,59,60,65,68,69
,13:00,2,3 852 912,4,8,9,11,13,14,15,21,24,37,41,50,51,52,57,58,63,66,69,70
,13:00,2,2 742 055,1,2,3,5,8,14,17,20,21,23,31,35,39,41,45,46,47,51,61,68
,13:00,3,4 508 841,2,7,8,12,16,17,19,25,31,35,37,40,41,44,46,51,55,59,63,68
,13:00,2,2 680 389,1,7,10,19,21,25,29,38,40,43,46,49,50,56,57,59,60,63,64,65
,13:00,2,9 490 550,1,7,18,21,23,26,28,29,36,40,49,52,53,55,57,60,62,65,67,69
,13:00,2,4 361 480,3,5,7,9,15,16,19,25,26,34,45,48,49,52,55,58,59,63,66,69
,13:00,3,5 497 845,2,3,7,13,14,17,19,20,36,43,46,50,52,53,55,58,59,60,67,70
,13:00,3,2 854 439,2,3,5,6,8,9,21,24,28,36,45,46,48,53,56,59,62,66,68,70
,13:00,3,8 176 862,6,14,23,26,28,29,30,38,42,46,47,50,53,54,59,60,61,63,64,68
,13:00,2,4 209 301,2,5,6,9,10,14,16,18,20,21,24,29,31,38,42,49,57,59,62,70
,13:00,5,9 462 424,5,10,13,14,16,23,24,28,38,41,43,45,47,49,50,51,61,62,64,69
,13:00,2,0 643 794,4,7,14,15,17,19,22,28,35,38,42,43,45,47,50,52,56,58,62,66
,13:00,5,4 851 871,1,6,10,13,14,15,17,18,19,22,23,26,33,34,39,44,47,53,56,70
,13:00,2,2 633 280,6,8,9,16,18,29,30,31,32,35,36,39,40,43,44,45,46,47,49,51
,13:00,2,inconnu,3,4,5,10,15,19,22,23,27,30,33,34,39,45,54,57,58,65,66,69
,13:00,2,8 824 156,4,7,8,11,18,19,32,40,41,44,45,50,51,52,59,60,61,64,69,70
,13:00,2,8 444 329,1,5,9,10,13,27,29,33,34,38,39,43,45,47,48,51,60,61,62,69
,13:00,2,2 546 310,1,3,5,6,8,11,12,19,21,25,34,35,41,44,48,51,53,56,63,64
,13:00,5,1 905 427,1,6,8,12,15,17,18,24,29,32,37,40,41,44,47,51,58,59,62,69
,13:00,2,9 542 376,1,3,5,6,12,13,20,23,29,33,37,46,47,49,50,53,58,62,69,70
,13:00,3,0 779 360,1,3,6,9,13,16,17,20,21,22,26,39,42,47,56,57,61,63,64,70
,13:00,2,4 432 721,4,5,6,7,13,15,17,19,33,35,39,42,44,45,46,51,60,61,68,69
,13:00,2,inconnu,8,9,11,12,19,21,24,25,26,30,45,46,49,51,55,58,59,61,67,68
,13:00,3,2 304 920,2,7,9,11,12,24,25,26,27,29,33,36,41,47,48,50,53,54,60,70
,13:00,2,3 036 546,4,10,15,16,18,20,21,25,31,32,34,40,42,47,48,55,58,60,67,68
,13:00,2,5 629 646,5,15,17,23,24,25,31,35,37,42,43,47,50,51,53,54,58,62,65,70
,13:00,2,3 289 282,8,9,18,20,29,31,33,34,36,43,45,48,50,52,53,54,64,66,68,69
,13:00,2,4 185 840,3,19,20,22,27,31,32,34,35,40,41,45,47,48,54,57,59,60,63,68
,13:00,2,4 009 577,4,6,7,8,11,12,17,24,27,36,37,38,39,40,44,58,59,60,64,68
,13:00,3,3 665 885,1,2,6,9,15,19,21,22,25,28,34,40,44,46,50,55,63,65,69,70
,13:00,2,2 132 573,2,3,12,17,23,24,25,29,30,38,40,42,45,51,54,56,57,66,68,69
,13:00,3,0 312 976,4,6,9,13,17,21,23,28,31,33,34,35,42,51,54,56,62,64,69,70
,13:00,3,1 695 705,1,7,15,16,17,18,29,31,32,44,47,52,54,55,56,59,61,63,65,70
,13:00,2,5 178 999,8,10,11,12,19,23,25,26,30,31,41,49,51,52,56,61,63,66,69,70
,13:00,2,9 564 975,3,7,8,10,14,15,16,19,23,26,37,39,40,42,44,58,61,62,64,65
,13:00,2,0 432 856,3,4,6,11,15,18,22,23,32,33,37,43,45,46,50,54,55,58,63,67
,13:00,2,6 402 106,3,6,9,16,18,19,24,32,35,38,40,43,45,47,49,50,53,58,67,70
,13:00,3,6 851 090,4,5,8,15,16,17,27,31,33,34,36,39,40,45,46,50,53,60,64,65
,13:00,2,8 889 403,4,5,6,13,14,16,19,27,29,32,47,50,51,52,53,56,62,63,65,66
,13:00,2,2 802 853,8,16,17,18,19,20,24,27,28,29,33,34,37,46,47,62,63,65,67,69
,13:00,2,8 610 948,1,8,11,13,18,19,21,23,27,28,32,37,42,44,46,51,53,54,60,69
,13:00,2,5 555 463,1,7,14,19,24,35,36,39,42,43,50,52,53,57,58,59,63,65,66,67
,13:00,2,8 087 428,1,3,4,6,12,30,34,35,42,43,46,47,49,50,55,58,62,63,67,70
,13:00,3,5 557 765,2,3,7,8,9,20,23,24,37,39,40,41,45,56,58,60,62,64,67,70
,13:00,2,3 498 561,5,8,11,15,18,22,23,24,26,27,28,30,31,36,37,41,56,59,62,69
,13:00,2,5 963 563,2,6,7,14,16,21,22,27,32,35,39,48,51,52,53,57,60,63,64,65
,13:00,5,8 610 245,2,5,8,9,12,17,18,20,33,39,48,50,52,56,58,59,64,67,68,69
,13:00,2,6 368 325,2,4,10,14,16,17,19,20,28,29,31,36,38,47,49,55,58,61,63,64
,13:00,2,7 073 581,3,5,11,14,15,17,19,20,24,27,29,30,31,34,37,45,59,63,64,67
,13:00,2,8 366 753,1,3,14,15,18,22,23,24,26,35,37,39,46,48,55,57,59,61,62,63
,13:00,2,7 868 134,6,10,14,19,24,27,33,37,44,46,47,49,52,53,55,56,60,64,67,70
,13:00,3,3 184 299,1,6,9,10,12,19,32,37,39,42,44,46,47,48,49,52,56,59,66,67
,13:00,2,inconnu,1,3,4,10,12,13,24,25,37,41,42,44,46,47,57,59,61,62,67,70
,13:00,2,1 823 267,6,8,14,17,18,19,21,26,29,32,33,35,38,51,54,55,56,62,64,69
,13:00,3,3 933 577,4,7,8,13,16,19,21,27,41,43,44,45,47,49,50,55,56,66,67,69
,13:00,2,8 240 775,2,6,8,12,19,21,25,31,34,35,36,40,43,45,49,54,56,59,65,67
,13:00,2,8 066 974,5,9,19,23,25,34,39,40,43,50,51,53,55,57,58,63,65,67,68,70
,13:00,2,inconnu,4,5,16,20,21,24,29,31,37,43,48,49,53,56,58,59,66,68,69,70
,13:00,3,9 835 483,7,8,14,16,23,24,26,27,38,39,41,42,47,48,49,54,57,58,60,67
,13:00,2,7 456 384,2,8,13,15,17,27,29,32,33,37,41,43,46,50,56,58,60,61,65,67
,13:00,5,3 890 604,8,12,13,14,16,18,20,23,28,29,30,31,33,34,41,43,47,63,67,68
,13:00,5,7 391 218,1,4,6,8,10,16,17,18,20,25,27,35,40,44,47,49,51,54,56,65
,13:00,2,5 975 687,1,14,24,25,28,29,32,33,34,40,45,49,50,55,62,64,66,67,68,69
,13:00,2,9 370 028,2,3,6,9,10,12,14,15,17,19,32,33,37,38,40,43,55,59,61,66
,13:00,2,5 291 573,1,3,4,14,18,20,31,33,34,40,41,46,50,55,58,62,63,64,67,70
,13:00,2,4 993 213,3,4,5,10,26,27,32,35,40,43,44,45,46,47,50,51,55,56,66,68
,13:00,2,9 133 553,2,6,9,10,12,18,20,25,26,31,32,33,35,37,38,43,49,56,59,62
,13:00,2,5 624 439,11,13,15,19,26,28,30,33,34,39,41,42,44,45,47,49,50,58,62,63
,13:00,3,6 856 155,6,7,9,10,11,16,22,24,29,30,31,34,47,52,56,58,60,62,65,68
,13:00,2,4 886 993,2,5,8,10,12,18,19,23,30,31,32,45,47,50,51,54,56,58,66,67
,13:00,3,9 868 086,10,13,18,21,26,28,29,33,36,37,40,43,46,50,54,58,60,63,68,69
,13:00,2,9 579 581,1,2,6,7,9,11,15,17,18,22,23,32,38,43,47,51,52,61,66,68
,13:00,2,2 591 690,3,7,16,18,20,21,24,28,30,31,33,34,36,39,49,55,58,60,64,66
,13:00,2,8 545 129,3,8,10,12,15,18,25,26,28,34,35,44,46,47,53,54,57,63,64,65
,13:00,2,5 765 435,1,2,3,6,9,10,19,20,24,35,43,46,47,48,51,57,59,61,64,65
,13:00,5,5 481 930,4,8,9,19,20,22,30,31,32,34,42,44,54,57,58,62,63,65,67,68
,13:00,2,5 068 248,2,6,15,23,26,34,35,41,42,45,46,47,49,51,53,56,57,66,68,69
,13:00,3,inconnu,3,5,12,20,25,28,29,31,32,34,36,37,39,41,45,51,52,56,66,67
,13:00,2,3 481 087,7,10,11,13,15,16,19,21,22,24,25,28,34,36,44,50,53,57,61,68
,13:00,2,9 495 367,5,6,9,12,14,24,28,29,30,36,39,49,51,52,53,54,55,57,64,68
,13:00,3,2 191 530,2,4,5,7,9,12,13,16,19,24,29,34,46,47,49,51,56,57,62,64
,13:00,2,4 249 527,1,2,5,7,11,14,19,21,25,26,28,32,34,38,42,44,45,54,66,70
,13:00,2,4 830 288,6,11,12,15,16,23,27,29,30,32,34,37,40,41,46,50,52,67,68,70
,13:00,2,2 244 286,1,11,12,16,25,27,31,33,39,40,42,46,47,51,54,55,59,62,67,69
,13:00,3,5 480 878,8,12,18,23,24,25,27,29,30,33,34,36,40,41,42,46,47,51,56,61
,13:00,3,5 353 820,4,9,17,18,35,36,39,40,42,46,47,50,51,55,57,59,60,64,68,69
,13:00,2,2 403 368,4,6,7,12,17,18,20,22,23,24,25,26,28,32,38,40,41,44,45,61
,13:00,2,4 529 983,6,11,12,13,15,17,27,28,36,40,42,49,52,56,57,58,59,60,61,64
,13:00,2,8 587 102,1,5,6,9,12,14,16,22,24,27,47,48,50,52,54,57,58,60,62,70
,13:00,3,0 119 677,2,14,15,22,24,29,31,35,39,41,42,46,50,52,53,60,61,64,69,70
,13:00,2,8 399 614,6,7,12,14,17,22,24,27,28,33,37,41,42,50,56,57,58,59,65,66
,13:00,2,7 632 472,1,4,9,12,13,17,27,28,36,37,38,42,45,52,54,57,61,62,63,67
,13:00,2,9 961 111,2,6,7,10,16,19,25,31,32,34,39,41,42,43,48,49,50,52,54,66
,13:00,2,1 026 617,2,6,11,14,24,25,30,34,35,38,39,40,42,44,52,59,63,65,68,70
,13:00,3,3 417 670,3,5,9,10,13,15,19,20,23,26,28,35,38,42,49,56,61,62,65,67
,13:00,2,4 622 772,1,4,7,10,14,19,21,29,31,33,34,35,37,41,43,49,56,62,66,68
,13:00,2,2 811 239,2,6,9,12,17,18,21,22,27,28,37,38,39,45,46,54,56,58,66,68
,13:00,2,5 993 262,1,5,10,11,12,13,14,16,17,21,23,28,30,33,36,56,61,63,69,70
,13:00,3,2 783 676,1,2,5,14,16,17,22,24,29,32,38,40,48,49,59,62,63,64,66,70
,13:00,2,5 616 701,4,6,8,11,13,18,20,21,28,30,33,34,36,37,42,44,48,54,58,68
,13:00,2,6 051 727,10,12,13,19,22,23,28,30,41,42,45,48,49,57,60,61,62,64,66,69
,13:00,2,5 711 195,3,10,13,15,18,19,24,26,30,31,35,40,46,49,52,57,61,62,66,67
,13:00,2,0 043 304,7,10,14,17,22,25,28,31,39,41,47,48,56,60,64,65,66,67,69,70
,13:00,3,0 287 559,1,7,10,11,16,18,22,28,30,36,39,40,43,47,52,56,58,59,60,66
,13:00,2,5 868 699,3,8,9,10,12,14,16,19,23,24,30,31,36,38,47,50,52,59,61,68
,13:00,3,8 667 874,5,12,14,16,18,20,29,31,34,35,36,38,41,42,45,46,50,53,56,63
,13:00,2,inconnu,1,3,8,12,16,19,27,33,34,40,41,43,46,48,52,54,57,59,61,68
,13:00,2,8 936 722,2,4,7,18,26,27,28,32,33,34,41,46,49,51,55,58,61,63,65,66
,13:00,2,6 274 327,1,4,21,28,29,32,33,40,43,47,49,50,56,57,60,61,67,68,69,70
,13:00,2,inconnu,2,3,7,19,31,33,34,35,37,40,44,49,51,52,55,56,57,58,63,70
,13:00,2,0 484 501,6,7,8,12,13,14,16,28,30,31,33,37,42,53,54,56,58,59,63,65
,13:00,3,inconnu,2,4,9,13,17,20,21,31,33,35,39,41,51,53,55,61,63,64,66,68
,13:00,3,5 511 315,3,11,14,16,18,21,22,23,25,29,34,39,40,42,45,51,56,61,64,65
,13:00,2,2 574 138,1,5,7,21,30,31,34,35,36,37,38,45,49,50,51,54,55,56,62,65
,13:00,2,9 693 141,4,8,9,13,18,21,22,24,27,32,33,34,41,47,48,51,56,59,62,70
,13:00,5,7 559 645,2,5,9,11,12,21,22,25,30,35,36,42,43,46,51,57,58,61,65,67
,13:00,2,6 430 734,2,6,9,11,13,16,19,28,34,42,43,44,45,50,55,58,60,61,64,66
,13:00,2,7 091 925,5,8,9,10,13,17,22,23,24,25,31,33,36,43,44,52,57,61,62,65
,13:00,5,2 882 435,1,3,5,7,9,10,12,13,18,20,26,27,28,30,32,37,47,52,60,67
,13:00,2,2 990 459,3,10,16,17,21,22,30,32,35,36,40,41,46,53,54,56,59,60,61,68
,13:00,2,8 990 065,3,6,8,11,14,18,20,29,30,32,33,38,40,41,48,51,52,53,59,69
,13:00,2,3 948 563,5,11,15,19,21,27,30,32,33,34,36,38,43,44,48,54,59,62,63,68
,13:00,2,9 153 394,14,15,16,18,19,20,22,25,26,30,42,43,45,47,53,58,60,65,66,69
,13:00,3,8 803 790,1,5,6,7,8,10,16,17,25,28,30,36,37,39,41,44,47,52,53,68
,13:00,2,6 456 246,4,5,9,10,12,19,24,35,44,46,48,49,51,53,58,59,63,68,69,70
,13:00,2,9 026 300,7,12,14,19,22,26,30,32,36,48,50,56,58,59,60,62,63,65,68,70
,13:00,2,2 008 428,1,3,7,9,12,15,17,26,33,34,36,40,44,56,59,60,61,62,64,66
,13:00,2,9 549 640,13,15,17,19,25,26,31,34,36,38,41,44,54,55,58,62,63,65,68,70
,13:00,2,2 000 395,6,10,12,13,16,17,21,22,24,28,32,35,36,40,41,46,50,53,56,66
,13:00,2,8 263 890,1,5,8,20,23,26,29,34,37,39,41,42,43,47,54,55,59,62,65,70
,13:00,2,1 693 521,2,3,6,8,11,12,14,15,18,19,23,28,33,39,43,51,55,64,65,67
,13:00,3,8 623 082,5,10,11,13,14,17,18,20,29,31,33,34,35,38,39,40,42,51,57,65
,13:00,5,6 099 522,1,16,17,18,19,21,23,24,26,27,43,44,45,46,47,51,52,53,62,70
,13:00,2,3 666 118,3,9,16,17,18,20,22,26,28,33,36,38,41,42,47,61,65,67,68,69
,13:00,2,9 530 983,4,5,7,10,14,18,22,27,31,32,33,36,41,42,55,56,58,59,68,70
,13:00,5,0 951 742,1,4,8,17,19,22,23,25,26,27,32,36,39,42,46,47,50,57,61,62
,13:00,3,3 813 829,1,4,9,11,12,14,15,19,21,26,41,44,47,50,52,58,59,61,62,70
,13:00,2,6 754 775,2,9,14,16,20,21,23,33,38,48,50,53,54,56,57,61,62,64,68,69
,13:00,2,2 677 663,4,6,12,14,15,17,23,24,31,33,38,40,49,50,56,57,58,66,67,69
,13:00,2,3 772 070,6,12,13,14,15,16,22,34,35,40,41,43,46,49,52,56,59,61,66,68
,13:00,3,5 846 546,1,2,3,4,14,15,16,19,24,25,27,29,32,35,42,46,49,52,53,67
,13:00,5,8 630 238,1,8,11,13,15,19,23,24,27,34,39,44,45,46,48,57,60,63,65,68
,13:00,3,2 499 557,5,7,9,11,14,16,24,32,33,37,42,46,47,49,50,51,55,56,64,70
,13:00,3,8 846 353,1,8,9,10,15,19,20,22,26,34,35,37,39,50,53,54,55,56,57,67
,13:00,3,inconnu,9,11,12,16,20,24,26,27,29,30,32,37,40,45,49,60,65,67,69,70
,13:00,2,3 137 053,2,3,8,9,10,12,19,31,33,34,38,45,47,52,53,59,62,63,64,65
,13:00,2,2 399 818,3,13,17,18,23,24,27,29,30,37,38,44,45,47,50,57,59,60,61,68
,13:00,2,3 481 394,8,11,16,19,20,21,26,28,32,33,43,46,50,52,57,58,62,64,65,66
,13:00,3,8 118 243,2,10,17,23,29,35,36,41,42,44,45,48,49,50,53,57,62,63,68,69
,13:00,3,inconnu,1,2,6,8,10,11,16,19,22,28,32,40,42,45,48,50,51,54,55,67
,13:00,3,6 351 530,1,2,3,10,19,20,25,28,32,38,41,45,46,50,54,56,58,66,68,69
,13:00,2,3 525 487,6,11,13,18,21,25,26,29,31,33,35,37,39,42,46,58,59,68,69,70
,13:00,2,7 632 585,12,16,22,24,26,29,31,33,34,36,37,38,45,47,49,61,63,66,69,70
,13:00,3,6 991 796,5,11,13,18,19,26,27,29,34,35,38,42,44,46,49,54,57,61,66,68
,13:00,2,7 115 505,5,7,11,25,26,27,28,32,34,37,38,40,41,42,46,49,51,54,58,66
,13:00,2,0 140 160,1,5,6,7,10,12,13,24,28,30,32,36,39,45,51,53,56,61,67,69
,13:00,3,1 385 199,1,6,7,8,11,12,13,14,18,19,21,29,30,33,39,44,46,58,64,67
,13:00,3,2 319 201,3,6,8,9,12,13,15,17,22,33,34,35,40,42,49,50,62,63,66,68
,13:00,2,6 462 895,1,5,9,12,13,14,19,23,29,30,34,42,43,44,45,46,50,52,61,68
,13:00,2,7 877 732,3,5,9,10,11,16,20,24,25,28,32,44,46,48,52,53,54,55,62,68
,13:00,2,5 486 224,1,5,9,10,11,15,16,24,26,29,32,33,37,39,42,51,52,53,55,65
,13:00,2,4 566 859,3,5,6,8,10,13,14,15,21,24,41,42,45,49,51,56,64,66,68,70
,13:00,3,5 976 790,1,4,5,13,19,25,29,31,33,34,35,36,37,38,40,46,54,58,66,69
,13:00,2,1 154 156,3,5,7,18,19,21,22,23,25,27,31,32,34,37,39,45,56,57,64,67
,13:00,2,1 868 263,4,5,8,9,12,19,28,34,38,39,41,42,44,45,47,49,50,55,59,69
,13:00,3,0 615 501,1,3,7,13,14,15,19,21,27,29,37,41,46,47,48,49,61,63,66,70
,13:00,3,4 598 682,1,4,7,10,18,19,20,28,29,31,34,42,43,45,46,51,55,56,59,69
,13:00,2,0 143 031,6,13,14,16,17,18,22,23,25,26,29,32,38,49,55,58,59,67,69,70
,13:00,2,8 590 965,3,10,11,13,18,21,22,25,27,28,31,33,36,41,44,50,51,59,67,70
,13:00,2,1 427 439,1,2,4,9,12,15,17,19,21,28,38,39,45,48,53,59,60,61,62,64
,13:00,2,9 651 744,3,6,8,10,12,14,15,23,28,32,34,35,43,49,50,51,53,55,56,62
,13:00,2,0 165 258,2,16,22,25,31,32,35,36,37,38,42,43,46,53,56,58,60,62,64,69
,13:00,2,6 735 052,1,3,7,10,14,15,16,19,21,26,34,38,48,51,55,56,57,62,66,69
,13:00,5,6 412 941,1,5,8,9,15,16,22,24,31,36,39,41,43,45,46,50,51,60,64,67
,13:00,2,1 472 262,3,6,9,13,14,18,22,32,33,40,44,45,48,52,53,55,60,61,66,68
,13:00,3,3 897 202,5,7,8,20,22,27,28,30,33,45,46,47,48,49,56,57,65,67,69,70
,13:00,3,inconnu,3,8,10,13,16,18,20,21,22,25,26,27,34,40,45,46,47,53,62,63
,13:00,2,inconnu,3,4,7,8,10,13,22,25,28,36,38,39,40,47,48,49,52,57,60,69
,13:00,2,8 692 370,1,3,4,7,13,16,21,22,25,29,32,36,39,40,44,46,48,58,63,70
,13:00,2,7 551 356,1,4,7,11,13,15,18,19,20,21,23,25,29,32,42,44,45,50,61,65
,13:00,2,5 529 800,2,3,5,9,10,16,17,20,25,26,29,31,36,41,42,43,45,54,58,65
,13:00,2,6 057 233,3,4,8,12,17,18,26,28,32,33,34,39,42,44,47,50,58,61,63,67
,13:00,3,inconnu,2,3,7,8,11,15,16,18,22,31,33,36,39,40,41,60,62,67,69,70
,13:00,2,3 395 623,2,3,8,13,14,16,17,18,21,24,25,28,41,42,51,52,53,57,63,69
,13:00,2,2 463 938,2,7,8,11,13,15,18,21,23,25,29,36,38,48,49,55,56,61,62,66
,13:00,2,7 581 107,3,5,7,9,10,13,14,18,25,27,33,37,40,41,44,46,55,61,63,65
,13:00,2,4 082 216,2,4,7,14,16,19,21,23,24,26,30,34,37,39,41,42,43,60,61,69
,13:00,3,3 884 831,2,4,8,11,18,20,21,22,23,26,30,32,43,46,49,53,60,63,65,69
,13:00,2,7 743 586,3,5,14,21,22,27,31,33,34,36,39,40,48,52,56,62,63,66,69,70
,13:00,3,2 360 545,2,4,6,14,17,20,25,35,37,43,45,48,52,53,55,62,64,65,68,70
,13:00,2,4 268 593,9,12,15,21,23,25,30,31,42,43,47,48,50,52,55,57,60,62,68,70
,13:00,2,3 578 192,14,17,22,24,25,26,33,37,38,40,42,44,47,49,50,60,61,63,66,69
,13:00,2,6 534 114,5,8,13,21,23,24,26,29,31,39,40,42,43,44,46,54,55,58,61,70
,13:00,2,5 301 878,12,13,14,15,18,19,21,26,29,32,37,44,45,52,53,60,62,67,68,69
,13:00,2,5 717 685,3,10,15,17,19,20,27,28,34,36,46,47,48,50,52,57,59,63,67,70
,13:00,2,8 505 376,1,4,7,10,16,19,22,25,26,32,36,43,44,55,57,61,63,64,66,70
,13:00,3,2 818 225,3,4,9,13,22,23,24,28,30,32,33,40,44,48,50,61,64,67,68,69
,13:00,2,1 348 890,2,5,13,15,17,18,21,25,27,33,48,49,50,52,53,54,57,63,65,66
,13:00,5,6 997 418,3,4,12,27,33,35,37,39,44,46,47,48,50,53,57,58,62,65,68,69
,13:00,3,2 491 927,1,5,6,15,18,20,21,24,27,29,30,35,37,40,42,43,44,49,67,70
,13:00,2,1 455 915,14,15,16,22,23,24,25,31,32,34,36,46,49,51,54,56,62,63,68,69
,13:00,2,6 312 233,1,2,7,8,14,15,21,22,31,37,45,48,52,54,55,57,58,62,66,69
,13:00,3,4 222 983,1,5,6,7,11,17,18,19,26,28,35,41,42,46,47,58,62,63,68,69
,13:00,3,3 300 538,1,5,21,22,26,27,31,32,33,41,43,45,46,48,50,54,58,63,67,69
,13:00,2,6 625 621,8,14,18,19,24,25,32,36,38,41,42,43,45,46,47,49,53,61,68,70
,13:00,2,6 631 463,8,9,10,12,14,18,19,21,22,23,27,29,30,34,36,37,42,50,58,62
,13:00,2,9 154 714,3,5,6,8,9,14,19,27,31,42,44,46,48,49,52,57,62,63,65,69
,13:00,2,4 872 862,1,5,8,9,12,19,22,28,34,36,40,41,44,46,47,49,53,62,65,66
,13:00,2,9 671 052,2,12,15,18,19,21,24,27,31,34,36,38,40,49,51,52,54,56,66,69
,13:00,2,5 744 866,5,6,12,13,14,16,17,18,19,21,23,29,32,33,44,46,49,51,64,65
,13:00,2,9 608 408,6,16,17,21,22,26,27,28,33,39,42,44,49,52,55,56,57,58,60,70
,13:00,3,4 480 897,4,11,12,16,17,19,23,26,28,29,33,37,40,43,44,54,56,58,67,68
,13:00,5,5 843 582,8,11,13,16,18,19,24,26,27,37,41,43,45,47,52,54,55,58,62,65
,13:00,2,2 735 458,5,9,14,16,26,27,34,36,37,38,39,42,44,46,50,53,57,59,67,70
,13:00,3,7 166 188,3,4,6,10,12,13,16,20,25,28,29,30,34,35,38,39,53,57,58,63
,13:00,2,1 730 568,2,7,9,10,12,15,18,20,21,23,26,29,31,35,40,45,52,63,66,68
,13:00,5,8 383 411,2,9,14,15,16,19,26,27,29,36,39,40,41,46,49,53,54,58,69,70
,13:00,3,8 998 645,1,3,4,5,11,12,13,14,30,39,42,49,51,55,62,63,64,66,67,69
,13:00,2,4 051 622,1,2,5,6,8,24,26,27,33,36,40,41,42,46,50,53,55,57,59,70
,13:00,2,0 531 832,1,3,8,11,13,16,29,36,37,43,50,51,53,56,60,61,64,66,67,70
,13:00,2,5 297 305,2,7,11,13,18,27,30,34,36,38,42,43,45,49,52,57,58,61,63,69
,13:00,2,9 589 789,4,5,7,11,13,17,18,19,26,27,31,37,44,47,57,61,66,68,69,70
,13:00,3,6 100 671,4,7,9,10,14,17,19,22,27,28,30,39,51,55,56,57,59,63,64,70
,13:00,3,3 956 692,3,4,8,9,10,11,17,18,21,24,32,33,36,48,49,62,63,68,69,70
,13:00,2,5 749 013,2,5,7,14,16,20,21,22,24,34,39,41,42,46,51,57,61,63,68,70
,13:00,2,0 554 226,2,4,8,20,22,23,26,29,31,33,34,42,46,49,53,57,58,65,69,70
,13:00,3,1 315 380,7,16,19,23,32,35,40,42,43,46,47,49,52,54,57,58,60,64,66,67
,13:00,2,9 960 575,1,3,4,5,6,11,18,19,20,24,26,28,30,37,43,45,55,57,62,67
,13:00,2,8 262 395,4,6,7,13,14,19,21,22,26,28,35,43,44,50,51,52,55,64,69,70
,13:00,2,4 351 697,3,4,5,17,18,20,21,25,30,32,39,42,50,53,58,60,61,62,63,66
,13:00,2,8 645 289,2,9,11,12,13,14,19,22,34,37,40,41,46,47,48,57,61,62,64,68
,13:00,2,6 966 839,5,6,8,10,12,13,17,19,23,33,35,37,41,43,44,45,51,52,53,60
,13:00,3,inconnu,2,3,13,14,19,20,25,30,32,34,35,37,47,48,49,51,56,57,58,61
,13:00,2,2 125 223,1,3,4,5,6,7,13,14,20,23,26,34,41,42,46,52,55,58,61,68
,13:00,3,7 046 875,1,2,3,4,5,7,15,16,21,22,26,31,33,41,45,50,51,52,56,70
,13:00,2,8 286 349,1,6,17,19,20,30,31,33,34,38,39,46,49,50,51,55,58,60,66,69
,13:00,2,6 491 821,9,11,14,17,20,26,29,30,32,37,40,42,43,44,47,58,59,64,69,70
,13:00,2,0 756 186,5,6,10,11,12,16,17,19,25,27,28,38,40,42,53,57,58,60,62,64
,13:00,3,1 433 308,2,6,7,14,16,18,26,27,33,35,37,38,40,45,49,51,53,58,62,70
,13:00,3,4 252 049,1,2,16,18,24,25,30,32,33,35,37,40,41,46,49,50,57,58,61,69
,13:00,2,3 607 157,3,4,8,10,12,14,22,30,32,33,36,37,45,46,47,53,54,57,60,67
,13:00,2,9 925 142,2,3,7,10,13,15,18,19,21,30,31,34,40,42,47,51,54,57,67,70
,13:00,2,0 675 959,1,3,4,10,11,12,14,17,22,23,24,28,29,34,42,44,52,55,60,65
,13:00,3,5 873 535,1,3,6,12,14,16,20,23,30,32,37,39,41,43,46,49,51,60,63,66
,13:00,2,2 453 971,8,12,13,15,16,18,24,26,27,28,32,33,40,42,45,49,58,60,63,64
,13:00,3,inconnu,6,8,12,14,16,20,27,30,32,34,35,37,44,46,49,55,60,62,65,67
,13:00,2,9 144 636,5,8,9,11,15,19,20,21,27,28,33,34,37,44,46,48,51,52,53,58
,13:00,2,9 260 650,9,10,11,18,20,22,24,26,28,30,32,35,40,46,50,51,52,57,65,70
,13:00,3,0 460 091,2,3,4,5,6,15,18,20,21,25,26,33,37,46,48,49,51,54,55,67
,13:00,2,0 165 711,3,10,11,15,16,17,21,23,29,31,36,39,42,50,53,56,62,66,67,68
,13:00,2,1 741 323,7,8,9,19,20,26,28,35,36,37,39,40,47,50,54,55,60,61,65,69
,13:00,2,3 499 157,4,8,13,14,15,17,21,28,30,31,34,35,44,48,51,53,56,60,62,66
,13:00,2,inconnu,8,12,22,23,24,25,28,30,35,36,38,45,47,48,52,53,54,56,59,65
,13:00,2,inconnu,3,9,12,16,19,23,31,34,35,36,43,44,45,49,51,54,59,60,63,69
,13:00,2,inconnu,1,7,8,16,20,25,30,31,32,33,35,43,46,52,55,58,62,65,66,69
,13:00,3,inconnu,1,5,6,7,10,18,21,24,25,28,32,33,34,41,42,43,53,54,66,70
,13:00,2,inconnu,12,13,16,17,19,24,26,28,31,40,41,42,44,45,47,49,54,56,58,65
,13:00,2,9 277 666,7,9,11,12,15,16,30,31,34,37,41,42,44,47,48,51,55,61,69,70
,13:00,3,1 813 343,2,3,5,6,7,11,12,13,24,27,39,42,48,51,52,60,61,65,66,70
,13:00,2,3 861 688,12,13,24,25,30,31,32,35,39,40,44,45,47,48,52,59,61,64,68,70
,13:00,2,inconnu,3,17,18,20,22,28,30,31,32,35,40,41,46,56,57,59,61,63,64,69
,13:00,3,inconnu,5,12,15,16,18,20,27,31,32,38,39,41,42,46,52,53,55,60,62,63
,13:00,2,0 484 341,2,7,10,22,24,25,31,34,39,44,47,49,52,55,62,63,64,68,69,70
,13:00,2,inconnu,2,3,4,10,11,13,14,22,23,33,40,43,45,57,59,63,65,67,69,70
,13:00,2,9 673 735,2,3,5,8,10,11,17,18,21,28,30,35,40,41,46,50,52,57,60,65
,13:00,2,inconnu,4,9,10,15,18,19,22,25,29,32,35,37,41,43,48,52,60,63,69,70
,13:00,2,7 495 252,1,2,5,7,8,14,17,22,23,27,30,31,35,41,42,44,48,51,60,67
,13:00,2,0 178 819,5,9,15,17,22,24,29,35,37,38,42,44,45,49,51,53,56,59,61,67
,13:00,2,3 575 255,4,6,7,8,11,12,19,23,26,32,34,39,48,54,55,56,60,62,66,68
,13:00,5,inconnu,7,13,17,20,23,24,27,28,33,34,35,36,37,39,45,52,60,63,67,70
,13:00,3,inconnu,1,8,9,12,14,19,21,25,30,31,38,43,44,47,48,49,57,63,66,69
,13:00,3,inconnu,3,7,8,9,19,20,21,24,28,42,43,46,49,56,57,60,61,65,67,69
,13:00,2,inconnu,6,10,11,15,16,20,25,34,39,41,44,46,50,53,54,55,57,58,59,65
,13:00,2,3 131 599,4,7,14,15,19,20,25,30,32,36,37,38,39,41,42,54,56,64,66,70
,13:00,2,6 807 282,2,3,5,7,11,12,15,17,24,25,31,32,35,37,46,47,56,58,59,67
,13:00,2,0 497 700,3,8,10,11,12,14,15,17,29,30,32,38,40,44,48,50,54,55,57,65
,13:00,2,2 796 444,3,10,11,16,17,18,20,21,25,26,37,40,46,48,50,55,58,60,67,69
,13:00,2,6 662 756,4,5,9,11,17,19,23,25,26,29,30,31,34,40,41,49,50,55,64,67
,13:00,2,9 712 326,2,3,4,10,13,15,19,20,27,28,37,46,50,51,52,56,60,62,66,67
,13:00,3,inconnu,3,9,11,12,16,18,21,22,25,26,29,30,31,34,37,38,42,50,61,67
,13:00,2,inconnu,2,3,8,12,16,17,18,29,31,37,38,39,44,47,51,56,58,61,62,69
,13:00,2,inconnu,4,13,19,22,23,28,37,44,45,46,47,48,49,53,54,56,58,62,63,66
,13:00,2,2 497 053,6,9,11,21,22,27,29,32,38,42,43,44,45,47,53,61,62,64,67,69
,13:00,2,inconnu,1,3,9,11,13,14,16,20,27,31,33,34,37,40,42,43,44,53,68,70
,13:00,2,inconnu,12,16,18,20,24,37,38,41,43,47,52,54,55,56,57,58,60,62,65,70
,13:00,2,4 711 969,4,6,9,10,20,22,24,28,34,35,36,48,50,51,54,58,59,63,64,68
,13:00,2,inconnu,6,7,10,11,12,17,18,23,24,25,33,35,41,44,48,50,53,58,60,61
,13:00,2,inconnu,4,10,13,15,17,26,31,33,39,40,45,47,48,54,59,61,63,64,66,69
,13:00,2,9 395 751,2,5,22,23,26,28,29,30,31,39,44,47,53,56,57,62,66,68,69,70
,13:00,3,9 966 536,5,8,9,10,16,18,24,33,36,37,38,39,41,44,49,52,58,62,66,69
,13:00,2,7 516 837,1,11,14,20,25,28,29,32,35,39,46,47,49,50,51,57,58,60,63,70
,13:00,3,4 711 168,6,9,10,12,13,14,17,18,21,26,27,28,42,43,56,59,60,66,67,68
,13:00,2,inconnu,4,7,10,13,24,33,35,38,39,43,47,50,53,54,59,60,61,65,67,69
,13:00,2,inconnu,1,3,5,9,10,31,41,44,45,49,51,52,55,57,62,63,64,66,67,68
,13:00,2,inconnu,6,11,12,13,18,19,21,22,24,26,27,36,39,48,49,53,55,59,63,64
,13:00,2,inconnu,4,5,6,9,13,14,16,23,29,30,32,42,43,44,48,58,59,66,67,68
,13:00,5,2 628 953,11,16,22,23,24,25,26,27,29,31,35,36,39,44,46,54,56,60,64,69
,13:00,2,inconnu,3,7,9,12,16,20,21,23,27,35,39,41,42,49,50,54,56,61,62,69
,13:00,2,inconnu,2,6,11,13,27,28,31,34,35,36,38,42,47,50,52,53,56,57,65,70
,13:00,5,1 304 170,1,2,4,5,8,9,10,21,29,34,36,38,39,45,46,49,53,56,60,69
,13:00,2,inconnu,6,8,11,13,16,17,24,30,31,32,39,40,41,47,51,52,57,59,60,70
,13:00,2,inconnu,3,9,10,17,19,23,26,27,30,36,38,41,42,44,45,50,57,63,67,70
,13:00,5,inconnu,3,5,14,16,17,19,20,22,24,27,38,45,51,53,58,62,65,67,68,70
,13:00,3,6 688 942,3,6,12,15,16,18,21,22,31,32,36,37,38,40,44,45,50,51,53,64
,13:00,3,inconnu,1,2,3,7,11,12,13,17,20,21,32,35,36,40,42,43,56,61,64,67
,13:00,2,inconnu,2,3,5,7,10,13,21,24,26,34,39,41,43,46,52,53,58,62,65,68
,13:00,2,inconnu,1,5,6,7,8,12,13,15,26,31,32,38,41,52,53,57,60,61,62,65
,13:00,2,inconnu,1,3,4,7,8,14,17,23,25,27,36,45,51,52,55,58,59,63,66,67
,13:00,3,4 036 345,7,15,18,22,29,34,38,39,44,46,47,48,50,53,55,57,58,62,66,70
,13:00,5,9 526 884,1,2,6,7,12,17,18,22,32,36,47,48,50,53,58,61,62,66,68,69
,13:00,2,0 396 179,1,3,4,5,9,10,14,15,19,20,36,37,50,52,55,60,61,62,63,64
,13:00,3,inconnu,4,10,13,14,25,26,28,30,32,35,39,40,47,49,50,53,54,68,69,70
,13:00,5,inconnu,3,18,21,26,32,33,34,35,36,38,41,45,47,52,55,59,60,61,69,70
,13:00,2,8 103 025,2,9,10,13,16,18,19,21,39,41,45,48,52,53,56,58,61,62,66,67
,13:00,3,inconnu,4,7,9,10,11,13,18,21,24,28,31,32,34,40,50,51,56,60,62,63
,13:00,2,inconnu,5,8,13,14,22,28,38,39,42,45,46,48,50,51,52,53,59,60,65,69
,13:00,3,7 435 421,2,7,16,17,20,25,28,31,33,44,48,49,50,53,54,58,60,63,65,69
,13:00,3,inconnu,4,6,8,13,15,27,29,30,31,34,35,42,43,48,52,54,55,56,66,67
,13:00,2,4 788 689,1,4,6,7,8,9,10,15,19,22,28,31,39,41,45,47,48,51,52,61
,13:00,2,inconnu,5,10,26,28,29,30,32,33,37,38,39,40,42,46,47,55,61,63,65,68
,13:00,2,inconnu,2,3,10,14,16,18,23,25,28,35,36,45,47,48,50,51,53,60,61,69
,13:00,3,inconnu,1,5,9,10,11,14,16,18,19,27,35,40,48,49,50,55,59,61,62,65
,13:00,2,0 801 226,5,8,11,14,20,21,22,25,26,29,36,42,43,51,54,56,60,63,68,69
,13:00,2,9 475 901,1,4,6,9,10,11,12,16,21,23,26,28,43,44,45,46,56,60,63,66
,13:00,3,0 343 779,3,5,15,17,22,28,29,31,32,35,40,41,46,49,54,57,58,66,69,70
,13:00,2,1 455 465,7,12,14,17,18,21,22,29,39,44,48,50,51,52,55,56,58,60,61,68
,13:00,3,inconnu,7,8,13,16,18,23,24,33,34,36,37,38,42,43,49,52,53,54,58,59
,13:00,3,inconnu,5,8,14,22,23,26,27,31,37,38,39,42,47,49,56,57,60,61,63,68
,13:00,2,inconnu,1,3,5,12,18,20,22,27,29,35,39,46,50,51,53,54,57,62,65,70
,13:00,3,9 341 962,7,9,13,19,20,21,23,26,30,34,38,41,42,45,47,60,61,66,69,70
,13:00,2,inconnu,6,7,9,16,19,20,23,24,25,28,31,39,41,45,48,54,55,56,65,70
,13:00,2,inconnu,1,4,6,7,8,12,18,19,23,27,39,41,46,47,51,53,59,65,66,67
,13:00,2,inconnu,2,3,5,12,18,24,25,36,38,39,45,46,48,49,50,51,55,63,64,70
,13:00,2,inconnu,1,4,7,10,11,13,17,18,21,22,28,30,32,38,42,46,53,55,58,64
,13:00,2,inconnu,2,6,7,10,11,12,13,16,26,32,33,39,40,41,42,51,55,57,60,69
,13:00,2,inconnu,1,6,7,10,14,19,20,22,23,29,34,38,44,50,56,59,60,62,65,69
,13:00,2,inconnu,3,4,7,8,13,15,24,26,27,31,34,36,41,42,47,53,54,57,68,69
,13:00,2,inconnu,9,10,12,14,18,22,26,30,32,35,45,46,51,53,55,59,66,67,68,70
,13:00,3,inconnu,2,6,10,13,14,22,27,34,36,37,39,41,49,53,54,57,59,60,63,69
,13:00,2,inconnu,2,14,18,21,27,29,37,40,41,43,45,46,49,50,53,56,57,62,65,70
,13:00,2,5 490 124,3,4,9,12,15,17,19,20,24,27,34,42,48,50,52,53,57,59,64,67
,13:00,2,inconnu,1,2,5,6,11,28,29,30,32,33,34,39,41,43,47,59,62,63,69,70
,13:00,2,inconnu,4,9,11,14,16,20,24,27,28,37,40,46,47,54,57,59,62,63,65,69
,13:00,2,inconnu,3,4,9,10,14,21,25,28,33,35,41,49,50,58,59,62,63,65,67,68
,13:00,2,inconnu,4,6,7,8,12,13,15,19,20,21,25,27,28,36,40,42,48,54,64,67
,13:00,2,inconnu,8,11,14,15,21,29,33,35,39,46,50,52,57,60,61,62,65,67,68,69
,13:00,2,inconnu,1,3,7,21,23,29,30,32,33,38,39,42,46,48,53,54,57,62,64,67
,13:00,2,inconnu,1,6,10,17,22,23,24,26,31,32,34,39,44,50,57,58,61,62,64,66
,13:00,2,1 251 390,2,3,5,10,11,16,22,25,26,31,32,34,38,41,43,45,56,58,59,63
,13:00,2,2 938 437,6,13,14,15,19,25,26,28,31,32,33,36,37,43,45,51,55,67,68,70
,13:00,2,inconnu,3,8,13,15,17,20,22,25,34,44,48,51,52,55,57,61,62,63,65,68
,13:00,3,inconnu,7,8,10,14,16,20,23,28,30,31,36,37,43,51,52,57,58,63,64,65
,13:00,2,inconnu,8,10,17,18,23,25,26,27,30,32,39,40,49,52,56,58,62,63,64,67
,13:00,2,inconnu,1,11,12,13,20,23,25,30,32,35,39,40,42,48,56,63,64,67,69,70
,13:00,3,inconnu,6,7,10,12,15,19,22,23,24,25,32,38,40,43,44,46,53,59,63,64
,13:00,2,1 267 049,3,4,7,9,10,12,16,20,26,31,32,37,38,40,44,45,47,56,60,61
,13:00,2,inconnu,5,7,10,12,15,21,24,29,30,31,35,37,43,47,49,50,52,54,56,60
,13:00,2,1 771 362,1,6,8,10,16,18,19,20,25,30,31,32,36,39,40,41,42,45,58,61
,13:00,2,1 256 764,3,8,9,10,14,15,17,19,22,23,24,36,37,38,40,44,51,60,63,65
,13:00,2,inconnu,8,22,24,28,29,31,33,35,37,39,40,43,44,51,54,59,62,63,64,65
,13:00,2,inconnu,1,2,5,7,12,14,16,21,36,38,40,41,47,49,58,60,61,66,67,68
,13:00,2,3 072 468,1,7,8,9,15,16,18,19,20,22,29,33,34,45,46,55,60,61,66,70
,13:00,5,inconnu,10,11,17,18,19,21,24,28,29,31,34,40,43,52,57,59,64,65,66,70
,13:00,3,inconnu,5,14,16,17,21,23,25,27,29,30,31,32,33,35,41,43,44,51,52,57
,13:00,3,2 816 601,1,3,15,18,21,23,25,29,36,42,43,45,47,53,54,55,58,63,66,67
,13:00,2,inconnu,4,5,6,9,11,14,16,23,24,30,34,39,43,48,49,50,51,54,66,68
,13:00,2,inconnu,1,13,16,17,19,21,22,23,25,28,30,31,32,34,41,42,44,49,64,67
,13:00,3,0 648 032,1,8,9,10,13,21,24,25,30,31,38,42,46,47,52,53,56,60,62,70
,13:00,2,3 643 285,1,6,8,14,28,29,31,32,35,37,44,45,47,48,54,55,57,63,69,70
,13:00,2,inconnu,4,6,8,9,13,17,21,25,28,29,35,37,39,47,48,55,56,59,61,65
,13:00,2,inconnu,1,5,10,14,20,21,23,34,35,36,38,45,47,49,54,57,58,61,63,66
,13:00,2,inconnu,1,9,11,18,20,21,26,33,34,37,41,43,48,49,51,57,60,67,69,70
,13:00,2,inconnu,2,4,13,16,19,22,24,27,29,30,31,39,40,41,43,44,57,58,67,69
,13:00,3,inconnu,1,12,13,14,15,19,26,28,31,36,41,45,46,56,57,59,60,61,63,66
,13:00,5,6 559 331,1,4,17,22,23,25,35,36,37,39,43,45,48,52,54,56,57,59,64,67
,13:00,2,2 841 312,1,3,8,13,18,21,29,34,35,36,37,38,41,46,51,53,54,64,67,69
,13:00,2,9 380 098,7,13,16,18,19,20,28,31,33,34,35,37,44,48,53,54,62,66,67,68
,13:00,2,2 344 377,2,4,7,11,19,25,26,27,29,34,40,42,43,51,54,58,59,61,62,69
,13:00,2,inconnu,1,3,6,7,14,16,19,22,26,31,32,37,38,44,46,49,54,62,64,68
,13:00,3,4 463 866,4,6,8,9,12,14,17,18,24,25,30,35,36,43,48,49,50,52,63,66
,13:00,2,0 771 849,2,3,7,13,29,30,32,36,43,49,50,51,54,55,58,61,63,64,65,67
,13:00,2,2 198 359,6,9,15,17,19,20,22,24,27,30,31,34,35,53,54,57,61,62,63,69
,13:00,2,inconnu,1,2,5,7,12,13,16,17,18,25,27,29,37,42,43,45,52,63,64,70
,13:00,2,inconnu,4,6,7,12,16,20,24,25,31,35,36,41,45,47,48,53,54,56,62,66
,13:00,3,inconnu,1,12,17,19,20,23,24,27,31,33,37,42,45,46,53,55,57,58,60,69
,13:00,3,5 536 355,5,6,7,8,9,11,14,15,18,19,32,36,42,48,51,59,60,62,66,69
,13:00,2,5 066 748,1,5,9,12,13,14,15,22,24,26,28,33,37,39,45,49,51,57,66,70
,13:00,2,6 154 602,1,4,6,7,10,12,13,15,19,22,27,29,30,32,33,34,36,37,46,62
,13:00,2,inconnu,2,5,9,11,15,24,25,26,29,33,42,43,46,50,52,54,57,63,69,70
,13:00,2,inconnu,4,6,10,13,18,19,23,29,32,33,41,43,46,49,52,54,58,64,67,69
,13:00,2,inconnu,3,5,13,14,15,24,28,30,32,33,37,38,39,49,55,56,57,58,65,68
,13:00,2,inconnu,1,2,7,13,14,15,16,21,24,25,28,31,36,45,48,56,60,63,67,69
,13:00,5,inconnu,1,14,15,16,26,31,34,37,41,44,51,52,58,59,60,61,63,64,67,69
,13:00,2,inconnu,2,5,10,20,22,26,28,32,34,35,37,42,44,45,54,58,60,63,67,68
,13:00,5,5 156 046,4,9,12,19,23,27,28,35,37,39,42,43,45,47,49,60,61,62,63,65
,13:00,3,inconnu,2,7,10,14,23,25,26,30,34,37,45,46,54,55,58,59,61,67,69,70
,13:00,3,4 086 322,3,10,14,20,22,24,27,30,31,32,38,39,40,48,51,54,57,58,64,65
,13:00,2,9 671 145,6,7,8,10,14,22,27,33,35,36,37,39,41,49,50,58,59,61,62,70
,13:00,2,inconnu,2,5,6,9,10,14,19,22,28,29,31,34,39,45,50,55,58,59,64,65
,13:00,2,inconnu,1,5,6,7,13,14,21,24,28,30,32,35,37,38,39,42,50,56,61,64
,13:00,3,4 748 018,1,2,4,7,18,21,24,27,29,38,39,40,43,44,50,56,61,66,69,70
,13:00,3,7 684 473,6,10,12,15,17,21,24,28,31,40,44,46,49,51,56,59,60,66,68,70
,13:00,3,5 799 641,6,7,9,13,18,22,23,24,25,34,35,36,39,47,50,57,58,60,61,70
,13:00,2,inconnu,11,14,16,18,22,23,24,32,34,36,38,39,42,46,50,52,53,57,66,70
,13:00,5,inconnu,1,7,8,17,25,26,27,29,30,32,38,43,46,48,51,52,58,62,63,66
,13:00,2,inconnu,5,7,10,12,24,25,29,30,32,34,38,42,44,47,50,56,62,63,64,69
,13:00,2,4 089 944,2,3,4,14,20,22,23,27,28,36,37,40,44,51,52,54,58,60,64,65
,13:00,3,inconnu,10,12,14,16,21,22,26,27,33,34,42,52,53,55,62,64,65,66,67,70
,13:00,2,inconnu,7,8,12,13,14,15,17,20,22,30,32,39,47,48,53,57,65,68,69,70
,13:00,2,inconnu,8,12,15,18,20,23,26,31,32,34,36,40,47,54,55,58,61,64,68,69
,13:00,3,inconnu,6,7,12,14,15,16,18,20,26,28,32,34,37,41,42,47,48,51,53,56
,13:00,2,inconnu,1,2,7,17,20,21,26,30,31,32,33,40,44,52,53,58,60,63,64,68
,13:00,2,inconnu,1,2,4,6,9,17,19,20,23,24,34,36,41,42,47,50,53,61,64,69
,13:00,2,1 546 642,6,7,16,17,18,20,30,34,36,38,42,43,45,50,57,58,63,64,69,70
,13:00,3,inconnu,2,3,4,6,8,12,13,24,26,36,39,48,50,52,53,60,61,62,65,68
,13:00,2,inconnu,2,3,5,7,14,23,24,25,27,28,37,38,41,44,46,51,55,66,67,68
,13:00,2,inconnu,1,6,9,15,25,30,31,34,35,38,40,44,50,51,53,55,60,62,65,70
,13:00,5,inconnu,4,8,10,12,13,14,25,31,34,36,37,41,45,47,52,56,57,58,62,69
,13:00,5,2 323 171,2,3,5,7,8,9,18,21,25,29,35,38,39,42,47,52,58,59,60,64
,13:00,2,inconnu,10,11,13,14,19,21,31,32,36,39,40,41,42,44,48,49,51,55,66,68
,13:00,3,3 483 670,1,6,9,11,13,14,16,26,32,38,40,45,48,55,56,59,64,65,66,68
,13:00,2,inconnu,3,5,12,18,19,23,24,39,43,47,51,52,53,56,58,61,63,64,66,67
,13:00,2,inconnu,3,4,5,26,28,29,33,34,41,42,43,47,48,53,54,57,60,62,69,70
,13:00,2,inconnu,2,8,10,12,15,19,22,27,30,34,42,45,52,53,57,59,60,61,65,69
,13:00,2,inconnu,1,4,11,13,14,15,16,19,21,22,30,31,32,35,42,45,52,64,66,70
,13:00,2,inconnu,11,12,13,26,28,32,33,38,40,41,43,44,52,55,57,58,64,67,69,70
,13:00,2,inconnu,2,5,7,14,15,16,18,24,26,32,37,39,40,43,46,48,52,53,63,68
,13:00,3,2 637 581,3,5,9,11,15,16,24,26,30,33,35,36,38,44,52,57,61,63,68,70
,13:00,2,9 222 246,8,19,22,28,29,31,32,39,43,44,45,49,53,54,55,56,61,64,69,70
,13:00,3,5 235 263,2,4,10,11,12,16,17,21,23,26,28,29,39,40,45,48,51,56,58,59
,13:00,2,inconnu,2,5,10,14,15,18,20,27,31,45,46,47,50,51,56,59,60,61,63,64
,13:00,3,5 518 812,1,4,5,7,12,15,21,22,26,27,33,43,44,46,48,52,57,63,66,68
,13:00,2,inconnu,1,2,9,13,15,18,33,36,37,43,44,46,48,50,58,63,64,66,67,70
,13:00,3,inconnu,3,10,13,14,19,24,30,35,36,38,42,44,47,48,49,55,56,58,60,63
,13:00,2,2 813 047,1,3,6,7,13,31,36,39,41,44,47,48,50,51,56,63,65,66,68,69
,13:00,2,6 747 151,1,2,8,9,13,18,20,21,22,35,36,40,41,44,46,51,56,59,60,65
,13:00,2,2 352 093,2,5,9,10,12,25,26,27,28,36,39,40,45,46,53,56,59,61,63,65
,13:00,2,inconnu,2,5,8,10,15,17,21,25,26,31,39,40,42,43,54,56,60,61,62,66
,13:00,2,inconnu,1,12,14,16,17,18,26,31,35,36,39,45,49,52,53,64,65,66,69,70
,13:00,2,inconnu,3,6,8,13,20,21,31,34,36,37,42,49,50,52,56,58,59,62,65,69
,13:00,2,inconnu,1,5,6,13,16,21,27,28,29,31,32,33,34,40,42,52,55,59,61,65
,13:00,3,inconnu,4,6,13,14,19,20,25,26,28,29,34,36,40,46,47,48,50,57,66,70
,13:00,2,inconnu,1,2,10,12,14,17,20,24,29,30,31,33,34,38,46,50,54,56,63,70
,13:00,3,inconnu,3,4,12,15,24,27,28,30,34,36,37,39,44,49,52,56,58,59,63,65
,13:00,3,inconnu,7,8,17,19,20,21,30,31,32,36,37,38,40,42,43,44,46,49,56,61
,13:00,2,6 266 117,2,4,7,17,18,19,20,23,28,29,36,39,41,44,49,52,53,56,65,68
,13:00,2,inconnu,8,10,11,18,19,22,26,29,40,45,47,50,51,57,60,62,63,65,66,70
,13:00,2,inconnu,12,18,20,23,26,27,32,34,35,39,40,43,47,50,52,54,57,59,66,68
,13:00,5,inconnu,1,2,3,6,8,10,12,22,31,37,38,45,47,48,49,52,61,67,69,70
,13:00,3,inconnu,1,4,7,8,10,12,16,19,23,25,26,29,30,32,41,42,47,49,59,68
,13:00,3,inconnu,4,9,11,12,20,24,33,34,44,46,48,52,59,60,61,62,63,64,68,70
,13:00,2,inconnu,3,6,7,10,11,21,23,27,32,34,35,38,41,42,43,49,56,59,61,65
,13:00,5,inconnu,5,6,7,8,9,12,14,15,21,24,33,35,37,41,43,46,47,56,62,65
,13:00,2,inconnu,15,17,20,21,28,29,30,33,35,37,38,42,43,44,45,51,52,57,67,69
,13:00,2,2 784 265,1,2,3,4,8,12,13,14,16,25,29,40,42,45,55,56,59,62,63,66
,13:00,2,3 487 489,1,2,3,8,16,19,29,31,32,33,34,35,49,52,58,61,63,65,66,67
,13:00,3,inconnu,2,12,14,17,18,21,28,30,33,35,37,39,50,51,54,56,57,64,65,66
,13:00,3,inconnu,5,11,12,16,17,24,26,27,28,31,32,33,34,39,41,48,52,54,58,69
,13:00,2,0 139 405,2,9,15,16,18,19,20,30,36,37,43,45,50,51,52,56,59,62,69,70
,13:00,2,3 400 405,3,4,8,15,16,19,23,29,30,38,39,41,43,55,56,59,61,62,68,69
,13:00,3,inconnu,2,5,6,7,9,10,14,15,20,21,22,30,31,40,41,42,47,59,60,65
,13:00,3,inconnu,6,8,13,14,15,16,24,28,30,32,34,37,39,41,47,51,52,61,62,65
,13:00,3,3 420 884,2,7,11,13,15,16,22,23,30,40,42,43,44,45,46,51,53,54,55,67
,13:00,2,8 071 249,2,5,7,13,15,16,17,25,26,33,36,47,48,49,53,61,62,66,69,70
,13:00,3,inconnu,1,2,5,10,11,14,17,19,21,27,37,38,39,46,49,58,59,61,64,69
,13:00,2,2 393 907,2,4,6,8,10,14,21,22,33,34,37,38,45,47,51,54,57,59,60,66
,13:00,2,inconnu,1,3,7,19,27,28,32,35,42,44,46,48,53,54,57,63,65,67,68,70
,13:00,5,inconnu,7,9,11,13,19,22,26,33,34,36,37,39,40,49,54,60,64,66,68,70
,13:00,2,inconnu,1,5,14,18,20,21,27,29,38,41,46,47,48,58,59,60,62,67,69,70
,13:00,2,inconnu,5,7,19,20,24,27,28,31,33,35,40,46,47,55,56,62,64,66,67,70
,13:00,2,5 408 127,3,9,12,13,15,20,22,25,33,34,35,42,44,46,47,51,55,59,61,62
,13:00,2,inconnu,4,6,7,10,13,24,25,27,37,38,39,40,43,50,53,56,58,60,66,67
,13:00,3,3 241 711,4,6,9,14,19,20,23,26,27,30,31,33,40,43,48,52,55,56,67,68
,13:00,2,inconnu,4,6,9,10,12,14,19,21,27,28,30,38,44,46,51,61,63,66,69,70
,13:00,3,inconnu,1,6,9,12,19,23,25,26,30,31,32,36,40,43,52,55,56,59,67,68
,13:00,2,inconnu,8,9,11,12,13,14,17,22,24,25,29,31,32,34,42,56,60,61,62,64
,13:00,3,inconnu,3,4,5,7,12,13,23,27,31,33,34,37,41,47,50,56,59,62,63,68
,13:00,3,inconnu,1,3,8,13,19,21,22,23,26,32,34,37,41,48,49,51,52,53,56,63
,13:00,3,inconnu,3,4,6,11,19,23,25,35,39,40,43,50,52,55,57,59,60,62,63,67
,13:00,2,inconnu,4,8,13,14,15,17,20,22,23,25,31,36,38,40,41,45,46,57,65,68
,13:00,2,inconnu,1,2,5,11,12,13,15,18,21,22,29,36,43,48,49,51,61,62,68,70
,13:00,2,4 047 562,2,6,10,13,18,25,26,34,40,45,46,48,53,54,56,59,62,63,65,69
,13:00,2,inconnu,6,13,16,17,19,24,25,28,29,38,39,40,42,43,44,48,54,55,58,66
,13:00,2,1 626 431,3,5,7,9,10,13,14,23,24,27,30,40,41,48,52,55,59,61,65,67
,13:00,2,5 393 200,1,3,6,13,14,17,20,24,26,27,30,33,38,42,49,52,54,55,64,65
,13:00,2,3 557 343,4,10,13,18,21,24,25,26,29,34,37,44,47,49,50,51,54,57,62,64
,13:00,2,inconnu,3,7,8,12,15,21,22,26,27,28,30,32,33,36,44,51,62,63,66,68
,13:00,2,inconnu,1,5,14,16,17,18,23,26,29,38,41,42,46,50,56,57,61,64,66,68
,13:00,5,4 287 292,3,7,10,17,18,19,20,24,25,34,35,36,41,52,54,56,58,60,65,67
,13:00,3,inconnu,2,5,12,13,17,19,20,25,29,36,43,47,48,57,58,59,60,61,65,69
,13:00,2,inconnu,2,3,6,7,14,18,20,21,23,25,28,30,32,36,37,39,48,64,69,70
,13:00,2,inconnu,3,5,7,12,22,28,30,31,35,38,41,43,47,49,54,55,56,57,62,68
,13:00,2,3 792 304,7,8,11,15,19,21,22,23,27,29,32,33,36,37,40,41,45,47,48,59
,13:00,2,inconnu,4,5,8,10,13,16,21,22,23,24,27,28,32,37,40,41,56,57,66,67
,13:00,2,inconnu,5,11,12,15,16,18,21,30,31,37,38,39,43,46,51,52,55,56,57,61
,13:00,2,inconnu,1,2,7,11,12,15,18,28,31,32,33,36,40,41,42,46,53,59,65,69
,13:00,2,inconnu,1,3,10,11,13,19,22,23,34,36,37,42,46,48,49,55,57,60,61,69
,13:00,2,inconnu,2,8,9,10,19,21,26,30,32,37,38,39,40,42,45,51,57,58,63,68
,13:00,3,inconnu,3,5,7,9,18,23,24,27,29,36,41,42,44,48,54,55,58,62,63,66
,13:00,2,inconnu,4,5,9,11,17,18,19,27,28,34,35,37,39,48,49,52,53,57,60,61
,13:00,2,inconnu,2,13,17,20,22,26,28,29,30,31,36,39,40,44,47,48,59,63,64,67
,13:00,5,inconnu,2,13,17,18,21,23,24,25,33,34,38,40,43,46,47,48,50,55,57,60
,13:00,2,inconnu,2,12,13,17,18,20,25,36,37,42,46,53,55,60,61,62,63,66,68,70
,13:00,5,0 366 602,1,2,4,8,12,13,16,19,20,24,27,32,33,42,45,47,48,53,56,59
,13:00,2,inconnu,4,10,13,14,16,17,18,19,20,30,37,39,44,49,53,54,55,59,63,68
,13:00,3,inconnu,2,11,15,16,17,28,31,32,33,38,39,41,43,46,56,58,61,63,66,68
,13:00,2,inconnu,5,6,8,13,16,17,18,21,24,25,31,33,35,36,38,48,50,53,61,64
,13:00,3,5 508 681,1,4,8,9,13,15,17,18,23,24,26,28,40,43,51,52,54,55,56,63
,13:00,2,inconnu,1,3,9,11,15,18,28,34,44,45,47,50,53,59,60,61,62,63,68,70
,13:00,2,inconnu,1,3,5,8,12,13,22,30,37,43,47,53,55,56,57,61,63,65,68,69
,13:00,3,8 801 409,1,2,8,9,16,18,19,22,26,27,29,31,32,34,35,37,38,44,49,52
,13:00,2,inconnu,2,5,6,7,12,15,19,24,29,37,39,41,43,47,51,55,58,59,62,66
,13:00,2,inconnu,4,8,12,16,18,21,22,29,30,33,35,42,43,44,50,53,57,62,66,69
,13:00,2,inconnu,9,10,16,19,21,22,23,29,30,31,35,40,49,50,51,52,56,57,61,68
,13:00,2,inconnu,7,10,11,12,13,16,27,28,34,35,36,37,38,40,46,47,50,55,59,67
,13:00,2,inconnu,1,2,3,6,8,25,27,29,30,34,35,38,47,48,52,57,59,61,62,69
,13:00,3,1 375 236,1,7,8,9,15,21,23,25,30,35,36,37,38,42,55,57,61,62,65,69
,13:00,2,inconnu,1,5,6,9,16,22,26,30,33,36,41,42,45,47,48,49,50,60,64,66
,13:00,3,inconnu,1,2,3,4,5,14,16,17,20,24,31,32,39,40,43,44,51,58,63,70
,13:00,3,inconnu,3,4,5,12,15,18,24,31,35,36,37,44,45,49,56,62,64,65,66,68
,13:00,2,inconnu,1,9,10,12,15,18,23,24,26,32,33,35,38,48,54,57,61,64,66,68
,13:00,2,inconnu,16,17,18,19,25,29,31,40,43,44,45,47,50,51,52,57,59,60,68,70
,13:00,2,inconnu,1,3,5,6,8,20,23,25,40,41,44,46,50,51,53,54,59,65,69,70
,13:00,2,0 545 927,2,7,14,17,19,22,23,25,26,30,31,32,39,41,42,47,52,60,65,68
,13:00,2,3 362 974,7,12,15,18,21,22,26,27,28,29,34,35,37,45,47,50,52,65,66,67
,13:00,2,inconnu,1,4,5,6,7,8,10,13,15,33,39,41,45,47,48,54,55,59,60,67
,13:00,5,8 542 596,3,6,7,18,22,29,31,40,41,43,46,48,49,54,57,59,63,66,67,68
,13:00,2,inconnu,3,5,6,9,11,17,18,19,23,24,28,31,39,44,48,50,51,54,66,69
,13:00,2,inconnu,6,9,10,13,15,16,19,30,33,37,38,45,51,56,57,59,60,65,68,70
,13:00,2,inconnu,2,3,8,13,15,23,29,31,32,34,41,42,45,46,47,51,52,59,62,67
,13:00,2,inconnu,11,12,14,18,19,28,29,35,39,40,43,46,47,53,61,63,67,68,69,70
,13:00,2,1 712 298,3,6,7,8,10,13,20,22,29,31,34,39,48,50,51,52,59,61,65,69
,13:00,2,inconnu,1,2,3,8,11,12,15,22,28,31,32,34,39,42,52,53,54,58,62,63
,13:00,2,7 732 198,4,6,10,11,12,22,25,34,38,45,46,49,50,52,55,56,59,64,66,70
,13:00,2,inconnu,3,10,12,16,19,23,24,28,30,34,35,41,42,43,47,49,51,52,57,62
,13:00,2,inconnu,1,4,6,13,14,15,22,28,30,31,36,41,46,51,52,53,55,60,61,63
,13:00,2,inconnu,2,5,8,9,10,13,20,21,25,29,32,36,39,48,49,55,59,63,65,68
,13:00,2,inconnu,3,6,14,15,20,24,32,33,36,43,45,47,52,53,54,58,63,65,67,68
,13:00,2,inconnu,3,5,13,18,21,22,30,36,37,38,39,41,42,47,52,55,59,64,67,69
,13:00,2,inconnu,7,8,12,14,16,19,20,24,25,26,30,32,33,36,37,41,59,63,64,66
,13:00,3,4 836 809,5,6,11,20,21,22,24,27,34,35,40,41,43,44,49,51,63,66,67,70
,13:00,2,inconnu,1,3,5,6,9,13,15,16,20,21,26,35,36,37,42,56,57,58,61,64
,13:00,2,inconnu,3,4,6,7,8,11,12,16,25,32,35,37,39,40,42,49,50,53,56,70
,13:00,3,inconnu,4,12,16,21,22,26,30,33,34,42,44,46,47,51,54,58,59,63,65,66
,13:00,3,inconnu,2,4,9,11,13,15,17,18,20,25,36,38,46,47,49,50,52,54,64,66
,13:00,5,inconnu,6,7,12,14,15,21,31,34,43,46,48,49,54,55,59,61,64,65,67,68
,13:00,2,inconnu,4,9,11,13,14,16,17,19,35,36,37,38,43,49,50,52,56,57,66,69
,13:00,3,0 691 730,2,5,7,11,13,15,18,23,24,31,32,34,38,41,46,52,54,55,57,59
,13:00,2,7 585 486,5,6,15,16,18,20,27,29,36,38,40,41,42,48,49,53,64,65,66,67
,13:00,2,inconnu,6,7,11,20,27,29,34,37,41,44,46,47,49,50,52,58,61,65,67,70
,13:00,2,inconnu,2,5,7,8,9,10,16,23,24,25,33,35,38,40,41,43,47,60,67,68
,13:00,2,inconnu,3,5,10,11,12,13,14,15,17,22,24,25,26,34,40,41,46,49,64,69
,13:00,2,inconnu,3,4,6,12,13,17,20,21,24,28,45,51,56,60,62,63,64,65,68,69
,13:00,2,inconnu,1,5,6,11,13,16,21,22,34,36,37,39,40,45,46,50,53,58,59,60
,13:00,2,inconnu,4,8,9,14,16,19,25,26,27,29,34,39,49,53,55,59,62,67,69,70
,13:00,2,inconnu,3,4,7,8,9,18,20,23,26,34,35,39,50,52,54,57,59,60,64,68
,13:00,2,inconnu,4,5,6,7,12,18,19,28,29,32,33,37,40,43,45,48,49,54,63,67
,13:00,2,inconnu,2,4,6,7,9,12,14,15,16,20,21,26,42,44,47,53,57,59,68,70
,13:00,3,inconnu,2,5,9,10,15,21,25,29,30,38,40,44,47,49,53,56,58,61,63,65
,13:00,2,inconnu,4,6,17,26,31,32,33,36,39,46,48,49,51,55,58,61,63,64,66,67
,13:00,2,2 145 984,9,10,11,16,21,24,26,29,30,35,36,44,47,48,49,52,56,58,61,66
,13:00,2,1 134 786,5,7,10,13,22,23,24,26,31,35,45,47,51,53,55,60,61,67,68,69
,13:00,2,9 055 958,1,2,5,7,8,11,18,20,25,29,34,37,42,46,51,52,54,64,66,67
,13:00,2,inconnu,1,2,9,11,12,16,18,23,24,25,30,33,34,38,43,46,55,56,60,61
,13:00,2,6 470 256,5,6,13,14,20,22,23,24,28,30,32,41,43,44,48,52,61,63,64,67
,13:00,5,inconnu,5,7,8,10,14,17,18,21,22,24,31,32,33,43,46,53,55,59,61,64
,13:00,5,0 617 191,2,5,9,10,11,12,16,20,23,27,28,29,32,36,41,43,48,56,58,63
,13:00,3,inconnu,3,4,5,13,19,23,26,31,36,40,45,50,52,53,54,57,61,62,66,70
,13:00,3,6 288 478,4,5,6,8,14,17,18,20,22,25,26,31,48,50,51,53,54,56,67,70
,13:00,2,9 994 245,1,4,8,11,19,23,25,26,30,31,41,45,46,48,49,55,57,58,61,65
,13:00,5,inconnu,2,4,6,7,9,10,15,22,30,39,46,47,49,55,56,59,61,63,64,67
,13:00,2,6 860 031,2,7,9,18,20,23,27,31,33,34,35,46,47,50,51,54,57,66,67,69
,13:00,2,7 101 444,2,7,8,10,17,20,21,25,27,35,37,40,48,50,52,53,56,67,68,69
,13:00,2,inconnu,1,4,5,8,9,10,14,17,27,36,37,38,41,42,49,50,51,55,63,65
,13:00,2,inconnu,4,9,12,13,16,20,22,23,24,25,27,28,47,56,60,62,63,65,66,67
,13:00,3,inconnu,4,7,8,9,11,13,15,20,22,30,31,33,40,44,49,50,61,62,65,68
,13:00,2,3 025 578,1,5,11,15,16,18,19,21,23,27,28,30,33,38,46,50,52,56,59,61
,13:00,5,1 628 123,1,2,6,8,10,12,20,24,27,28,31,33,34,35,45,47,48,55,59,63
,13:00,2,inconnu,1,2,4,5,9,11,15,26,28,35,39,46,50,51,53,54,60,64,65,67
,13:00,2,3 989 219,1,2,10,12,13,14,23,24,28,33,34,36,39,40,44,48,52,57,63,69
,13:00,2,inconnu,8,10,11,14,15,19,24,25,28,31,33,34,37,39,44,45,49,51,59,62
,13:00,2,inconnu,1,16,20,23,25,28,31,33,40,42,43,47,50,54,55,57,58,59,69,70
,13:00,2,9 737 755,1,3,6,8,11,13,15,19,20,22,25,28,40,41,43,53,64,67,68,70
,13:00,2,inconnu,5,14,19,23,24,25,26,30,31,32,35,37,38,43,51,53,58,62,64,66
,13:00,3,inconnu,1,3,4,12,16,22,23,25,27,29,38,43,45,47,49,53,60,61,63,68
,13:00,3,inconnu,2,5,7,11,15,22,26,28,30,34,35,43,45,50,52,55,58,64,66,69
,13:00,3,0 000 212,2,6,8,9,11,19,21,22,26,30,31,34,48,52,53,57,60,64,66,68
,13:00,2,inconnu,1,3,7,13,16,17,19,22,28,30,34,39,40,41,44,46,52,55,65,67
,13:00,3,0 444 325,1,2,3,5,8,10,12,17,22,33,35,36,44,45,46,53,57,58,64,67
,13:00,2,inconnu,8,14,16,21,22,24,30,33,35,40,45,46,49,50,51,53,59,61,66,67
,13:00,3,inconnu,3,5,8,11,23,24,26,35,38,41,46,49,51,58,59,60,61,62,67,68
,13:00,3,inconnu,4,5,7,10,12,13,23,24,25,29,34,42,48,51,52,57,63,67,68,70
,13:00,3,inconnu,1,2,8,10,11,14,19,24,28,32,35,36,40,47,55,58,63,65,68,69
,13:00,2,3 275 240,1,8,16,20,21,22,23,24,26,28,31,32,37,51,54,58,59,61,63,64
,13:00,5,inconnu,10,11,12,13,16,19,20,21,24,33,42,43,44,50,52,53,57,63,68,69
,13:00,2,inconnu,2,4,8,13,23,27,29,33,35,36,42,46,47,49,53,54,57,65,66,68
,13:00,2,inconnu,1,3,4,5,6,12,15,19,26,28,29,31,38,40,43,53,57,62,67,69
,13:00,3,5 055 610,2,3,5,19,21,22,23,25,29,35,37,40,45,53,54,55,56,59,66,67
,13:00,2,4 842 971,3,4,13,14,16,18,20,22,23,30,32,34,41,47,48,55,57,58,60,62
,13:00,2,inconnu,1,3,5,12,13,20,23,31,32,40,42,45,47,48,52,53,56,63,69,70
,13:00,3,3 707 274,7,11,12,18,27,28,30,31,36,41,42,43,44,45,52,53,56,57,59,60
,13:00,2,inconnu,1,6,14,16,20,21,23,29,37,40,41,42,44,50,53,54,62,63,64,67
,13:00,2,8 831 987,2,3,5,8,13,15,22,23,25,27,29,31,32,33,36,42,43,49,56,69
,13:00,2,inconnu,6,7,8,13,21,22,23,24,27,34,40,41,45,53,55,61,62,64,65,68
,13:00,3,inconnu,2,6,11,12,14,21,26,31,32,34,40,42,43,48,49,51,52,54,58,68
,13:00,2,3 454 368,1,8,12,16,19,20,24,27,29,31,37,43,44,46,48,51,53,60,63,70
,13:00,2,inconnu,1,2,3,5,16,17,20,21,22,25,38,41,44,45,46,56,59,60,63,66
,13:00,3,8 623 769,2,5,10,20,22,25,27,28,35,36,38,39,47,49,52,53,54,62,68,70
,13:00,2,inconnu,2,7,8,11,12,18,30,33,37,39,41,51,52,56,59,60,62,66,68,69
,13:00,2,1 400 202,2,3,8,10,11,14,15,28,33,37,42,44,46,47,51,53,54,61,62,63
,13:00,2,5 693 155,3,6,7,20,22,23,25,26,32,35,36,39,45,46,50,52,55,56,59,69
,13:00,2,inconnu,2,3,6,7,11,15,20,27,33,34,36,38,39,40,50,53,54,55,57,63
,13:00,3,4 226 688,1,2,11,13,16,17,18,20,22,29,37,38,42,43,46,51,54,59,61,67
,13:00,3,inconnu,7,14,17,25,27,28,29,30,33,34,38,43,44,48,51,53,54,58,59,65
,13:00,2,inconnu,5,7,8,11,12,13,19,30,31,36,37,39,41,44,46,47,51,56,62,70
,13:00,3,inconnu,1,8,15,17,18,24,26,28,35,37,49,50,55,56,60,61,62,65,67,68
,13:00,2,inconnu,2,11,16,18,30,35,37,43,46,48,50,52,53,54,55,57,60,62,65,69
,13:00,2,5 331 947,1,2,10,13,15,17,26,27,33,46,47,49,55,57,61,62,63,65,68,70
,13:00,2,inconnu,5,10,11,13,14,16,17,25,26,28,34,37,39,42,43,44,51,55,57,64
,13:00,3,8 565 099,2,4,8,10,11,12,16,22,24,29,39,43,44,49,54,56,59,65,66,69
,13:00,2,inconnu,2,12,18,19,21,22,23,31,34,36,38,42,43,45,46,52,56,60,66,68
,13:00,2,inconnu,4,5,6,8,11,15,18,20,22,28,31,33,35,48,49,50,52,62,64,66
,13:00,2,inconnu,12,16,22,25,30,33,34,37,40,42,43,47,51,52,53,60,61,62,65,68
,13:00,5,inconnu,6,7,9,11,19,21,24,28,31,32,41,47,48,51,55,56,58,61,64,68
,13:00,2,inconnu,2,5,9,11,14,15,17,19,29,30,31,40,41,43,47,52,62,64,67,70
,13:00,2,inconnu,1,2,7,15,19,21,24,25,32,38,46,47,52,53,54,57,59,63,65,66
,13:00,2,inconnu,3,5,9,16,18,19,21,25,26,27,28,30,40,42,51,53,60,63,69,70
,13:00,2,inconnu,1,4,18,19,25,30,31,32,39,43,44,47,50,54,55,58,61,64,68,69
,13:00,3,inconnu,1,2,7,8,9,11,15,23,29,32,37,38,41,44,51,54,63,65,68,70
,13:00,2,inconnu,3,7,12,16,17,23,30,33,35,37,38,45,46,50,52,55,61,66,67,69
,13:00,2,6 495 209,1,4,8,10,12,13,14,15,18,24,28,30,34,37,47,60,61,63,64,67
,13:00,2,inconnu,1,4,8,13,17,25,27,28,32,33,36,37,53,55,59,64,65,68,69,70
,13:00,2,5 890 446,9,12,15,16,21,29,34,35,36,38,39,43,46,48,49,52,57,60,67,70
,13:00,2,inconnu,2,3,5,12,16,18,19,23,30,34,38,41,47,48,54,55,62,66,67,68
,13:00,2,8 374 697,2,11,13,14,16,21,27,29,30,40,42,45,46,47,53,55,57,67,68,70
,13:00,2,inconnu,1,4,6,7,9,13,14,18,22,28,29,35,38,40,43,46,49,51,61,69
,13:00,2,9 395 973,4,5,11,16,20,21,22,25,29,36,42,44,50,53,55,56,57,65,66,67
,13:00,2,inconnu,7,12,16,17,19,24,25,26,39,42,44,47,50,53,58,63,66,67,68,69
,13:00,2,2 043 605,1,7,8,9,13,20,22,26,32,33,38,41,42,50,55,56,61,63,65,66
,13:00,3,inconnu,2,3,5,8,9,14,17,24,38,40,41,42,47,50,51,52,56,57,58,59
,13:00,2,0 454 713,5,6,8,9,14,17,18,26,27,28,38,41,43,44,50,51,55,56,58,64
,13:00,3,0 071 564,4,6,7,8,12,16,17,27,29,31,35,41,45,46,48,51,53,57,66,67
,13:00,2,4 103 907,1,20,22,24,32,34,36,37,38,43,46,49,54,56,59,62,64,66,68,70
,13:00,2,5 304 882,3,4,8,21,22,26,27,28,29,32,35,36,45,48,49,50,51,61,65,66
,13:00,5,6 825 690,2,3,7,8,16,17,19,21,24,25,30,37,39,49,56,57,60,62,63,67
,13:00,5,0 427 588,6,15,16,21,22,23,24,26,31,34,36,37,39,40,63,64,65,67,68,69
,13:00,3,inconnu,1,2,12,15,18,20,27,29,31,43,45,47,49,50,55,56,62,63,66,70
,13:00,2,inconnu,1,3,8,10,14,20,23,24,27,28,29,38,39,41,43,47,56,59,64,69
,13:00,2,inconnu,1,5,6,8,12,13,22,31,33,35,40,41,42,45,55,60,64,65,67,69
,13:00,3,inconnu,2,4,12,13,16,18,19,24,32,33,36,37,40,42,45,48,52,58,64,67
,13:00,2,inconnu,5,9,15,18,27,29,30,37,42,45,46,47,48,49,50,52,61,62,63,66
,13:00,2,inconnu,1,2,3,5,6,8,14,16,17,19,22,23,28,34,35,41,47,54,58,70
,13:00,3,inconnu,10,14,16,18,20,21,23,26,31,33,34,35,36,39,41,54,60,62,69,70
,13:00,2,0 566 821,3,4,5,9,19,21,26,32,35,36,37,42,44,45,46,48,52,54,60,61
,13:00,2,inconnu,6,13,15,16,17,24,25,32,40,47,51,54,55,56,57,62,63,67,69,70
,13:00,3,0 769 346,7,12,14,15,19,22,23,29,31,33,40,41,46,52,59,60,64,67,68,69
,13:00,2,5 055 317,2,3,6,16,22,23,27,30,36,38,41,42,44,45,50,53,58,59,62,64
,13:00,2,5 173 253,1,6,7,15,17,21,27,30,31,33,38,39,40,45,48,52,53,55,62,67
,13:00,3,1 516 457,1,8,11,13,14,16,17,34,39,42,43,45,47,48,49,51,54,66,67,70
,13:00,3,9 650 562,1,4,7,8,14,17,18,19,23,33,38,45,46,48,49,51,55,57,60,70
,13:00,3,inconnu,1,5,6,7,9,18,24,26,27,29,34,35,37,42,43,48,51,60,63,65
,13:00,3,inconnu,1,2,4,7,10,21,25,26,30,35,37,41,44,48,50,51,52,60,62,69
,13:00,2,inconnu,2,4,6,9,16,19,20,28,31,34,36,40,41,47,53,60,63,67,68,70
,13:00,3,inconnu,3,6,8,10,13,15,33,37,39,40,42,44,48,55,56,57,59,63,65,66
,13:00,3,6 810 864,1,7,11,16,19,20,22,27,30,36,39,43,45,48,51,54,55,62,63,69
,13:00,2,inconnu,3,4,8,14,15,18,20,21,22,23,32,33,34,38,40,42,53,54,59,68
,13:00,2,0 248 004,3,4,12,13,15,21,24,29,30,33,40,41,43,44,48,50,52,61,62,68
,13:00,5,inconnu,5,7,9,10,13,14,15,20,23,24,28,29,31,32,37,38,42,49,51,62
,13:00,2,5 087 376,1,2,6,9,10,11,13,15,16,21,30,32,40,41,49,54,56,58,60,69
,13:00,3,inconnu,1,2,4,7,10,15,25,32,33,34,35,44,51,53,54,56,60,61,67,68
,13:00,2,inconnu,1,2,4,8,18,23,24,25,27,30,34,35,42,43,46,47,50,53,60,64
,13:00,2,inconnu,1,8,11,22,24,25,28,29,33,34,36,40,43,48,55,56,58,59,63,67
,13:00,3,inconnu,3,4,6,10,13,29,30,31,38,41,43,44,50,51,56,57,59,60,67,70
,13:00,2,inconnu,4,6,7,11,23,24,30,31,32,33,40,41,48,49,53,56,57,58,61,66
,13:00,3,6 940 223,2,4,8,12,15,18,19,22,25,27,34,35,42,44,47,48,51,62,64,69
,13:00,3,2 811 484,7,9,12,14,18,19,20,25,26,29,30,35,40,51,59,62,64,65,68,70
,13:00,2,3 064 365,2,7,8,12,20,22,25,30,31,33,35,37,38,40,50,56,65,66,69,70
,13:00,2,inconnu,2,3,4,9,11,14,17,18,23,25,26,32,34,35,40,41,44,58,61,70
,13:00,2,5 009 043,3,7,8,9,14,18,21,26,28,30,41,42,43,47,54,55,57,60,62,69
,13:00,3,inconnu,8,12,20,21,22,27,29,34,35,36,37,42,46,49,51,53,60,62,66,67
,13:00,3,6 142 944,3,7,8,9,12,19,24,26,34,40,46,48,52,56,62,63,64,65,66,70
,13:00,2,inconnu,2,7,9,12,14,20,23,24,25,27,31,33,38,41,42,48,54,59,63,69
,13:00,3,inconnu,7,10,13,14,16,20,22,23,25,27,32,41,43,45,49,52,55,58,68,69
,13:00,2,inconnu,2,4,5,14,19,21,25,27,29,32,35,42,44,45,46,58,60,61,62,64
,13:00,5,inconnu,3,4,9,18,20,23,28,32,33,35,39,40,45,46,51,52,57,65,69,70
,13:00,3,inconnu,5,10,17,20,21,23,24,25,32,34,36,39,43,46,55,56,62,68,69,70
,13:00,2,inconnu,1,2,4,5,7,11,12,13,15,25,29,34,35,39,40,42,61,64,65,70
,13:00,2,inconnu,1,3,7,9,18,21,24,25,26,27,35,44,48,49,57,58,60,61,66,69
,13:00,2,inconnu,2,3,9,10,12,13,16,20,26,29,34,36,38,39,44,46,55,64,65,67
,13:00,2,inconnu,2,8,10,12,14,21,29,32,35,36,37,40,42,43,44,45,46,48,56,66
,13:00,3,inconnu,9,11,13,14,18,19,30,34,36,37,39,40,41,46,47,48,51,57,62,65
,13:00,2,2 197 107,4,9,11,14,17,21,28,33,34,37,43,44,50,54,55,56,58,59,68,70
,13:00,2,inconnu,1,6,8,12,21,22,23,24,40,42,44,48,49,56,60,63,65,66,68,69
,13:00,2,inconnu,5,7,8,17,20,22,23,24,28,29,37,41,53,55,58,59,61,67,68,69
,13:00,2,0 391 330,2,4,11,12,13,18,21,25,27,29,30,32,35,36,50,53,58,62,66,70
,13:00,3,4 345 154,3,5,7,10,15,20,23,25,35,40,43,46,48,50,55,56,57,59,61,69
,13:00,3,inconnu,7,9,10,17,27,30,33,34,37,38,39,41,48,52,56,63,67,68,69,70
,13:00,2,inconnu,2,5,6,9,11,14,16,21,24,25,29,34,36,44,56,57,60,62,69,70
,13:00,3,6 779 265,5,8,13,18,22,23,24,25,26,28,29,33,34,37,41,43,49,57,59,67
,13:00,2,inconnu,1,3,9,11,12,14,15,22,25,26,29,31,34,46,49,50,54,63,67,69
,13:00,2,inconnu,6,9,11,14,20,26,31,34,39,40,43,51,53,54,56,59,60,61,65,67
,13:00,2,6 804 827,1,3,9,12,16,20,21,22,36,37,39,40,45,46,50,53,57,62,64,67
,13:00,2,inconnu,5,6,11,12,24,26,30,35,43,45,47,49,50,57,60,63,64,65,66,69
,13:00,2,inconnu,5,7,13,14,18,20,25,33,36,40,43,45,49,50,52,54,60,61,65,68
,13:00,2,inconnu,4,5,11,13,14,21,24,30,32,33,37,43,44,47,48,55,59,60,68,69
,13:00,3,2 782 268,10,12,19,26,29,30,32,33,34,35,45,55,56,57,60,61,65,66,67,70
,13:00,2,4 072 655,2,8,9,10,11,13,23,24,26,29,31,35,46,48,59,61,62,63,66,69
,13:00,2,6 971 065,5,6,10,13,19,20,25,31,33,35,36,38,40,41,46,50,52,58,64,68
,13:00,2,inconnu,3,5,6,9,17,19,20,21,24,30,36,37,40,41,42,46,51,55,61,62
,13:00,2,7 189 987,13,15,16,19,20,25,26,27,30,31,32,37,50,51,54,58,59,64,65,68
,13:00,2,inconnu,5,6,7,8,9,11,13,15,23,30,38,42,44,45,49,52,55,61,65,69
,13:00,3,inconnu,3,9,10,11,12,13,15,22,24,30,31,34,36,42,51,54,55,59,61,62
,13:00,3,inconnu,4,6,9,12,16,17,20,25,29,32,35,39,40,46,52,53,60,63,64,68
,13:00,3,inconnu,4,9,12,17,20,30,37,38,42,47,48,49,51,53,56,59,60,61,65,70
,13:00,2,inconnu,1,2,3,14,15,17,24,25,37,45,48,49,55,57,58,62,64,66,67,70
,13:00,2,inconnu,1,8,11,14,17,25,31,34,38,41,42,46,47,53,58,59,62,63,65,70
,13:00,3,7 517 433,1,3,4,8,11,24,28,33,34,39,43,45,52,53,57,58,59,64,66,69
,13:00,2,inconnu,1,5,10,12,13,16,17,25,31,34,39,48,49,50,53,56,59,61,62,67
,13:00,3,7 341 427,8,11,17,19,21,24,31,34,36,38,43,46,47,49,59,62,63,64,67,68
,13:00,2,inconnu,2,8,10,14,15,16,17,18,22,25,27,37,43,46,47,53,59,65,68,69
,13:00,2,1 974 027,1,3,6,9,11,13,19,20,25,29,35,39,41,45,49,55,59,61,62,70
,13:00,3,inconnu,1,4,6,9,11,13,14,17,19,20,21,28,32,35,36,37,44,46,50,57
,13:00,2,inconnu,4,12,14,18,20,27,28,34,36,44,46,47,55,57,59,61,62,63,65,66
,13:00,2,inconnu,1,17,25,29,30,33,37,38,39,43,46,49,54,55,57,58,60,67,69,70
,13:00,3,inconnu,3,8,10,11,13,18,26,27,33,36,38,42,43,47,49,51,53,56,66,69
,13:00,2,7 738 113,6,9,12,13,19,37,38,41,42,43,47,54,55,56,58,60,62,64,66,69
,13:00,3,inconnu,9,13,17,23,24,28,29,33,34,41,52,53,54,55,57,59,63,64,65,69
,13:00,2,inconnu,3,6,9,15,17,19,25,27,33,35,43,44,52,57,58,60,61,63,68,70
,13:00,2,inconnu,1,3,5,12,14,19,20,25,28,29,42,44,49,50,56,57,59,63,65,68
,13:00,2,2 661 166,2,5,7,9,10,16,17,27,29,31,32,37,40,43,44,46,51,58,59,67
,13:00,2,inconnu,1,3,4,6,8,13,21,22,24,25,28,29,33,38,42,53,59,64,65,66
,13:00,3,inconnu,8,9,11,14,18,19,20,22,23,28,33,37,41,54,55,56,61,62,63,69
,13:00,2,inconnu,2,6,7,12,15,18,19,23,27,31,34,40,41,46,51,54,59,66,67,68
,13:00,5,inconnu,7,11,12,17,18,20,22,23,29,31,32,33,37,38,42,48,56,57,64,70
,13:00,3,inconnu,1,2,3,4,15,17,18,27,30,31,34,43,47,51,53,54,57,58,63,66
,13:00,5,inconnu,4,20,21,23,26,27,32,33,34,35,38,42,47,50,57,60,62,63,64,70
,13:00,3,1 573 389,2,6,7,10,13,16,22,26,33,39,41,44,47,52,59,61,64,66,67,68
,13:00,2,inconnu,2,6,7,9,21,22,23,24,31,33,34,42,45,47,52,53,54,56,65,70
,13:00,2,8 637 819,5,6,7,13,20,21,34,37,39,43,44,50,51,56,57,61,63,68,69,70
,13:00,5,3 871 060,4,7,8,10,11,12,15,24,25,26,31,39,41,47,49,50,51,60,63,67
,13:00,2,0 305 012,1,4,5,7,8,12,14,16,21,25,27,47,48,50,54,55,59,60,64,68
,13:00,2,4 724 280,9,11,13,14,17,21,32,33,37,40,42,43,47,48,49,50,55,58,63,69
,13:00,2,inconnu,5,8,15,17,20,35,37,39,43,44,45,51,52,57,60,63,65,67,69,70
,13:00,3,inconnu,1,8,18,19,20,23,29,30,34,36,39,47,49,50,51,52,54,55,58,61
,13:00,2,inconnu,1,3,4,12,13,14,16,18,20,23,29,32,36,42,52,60,61,64,66,68
,13:00,2,inconnu,1,5,8,11,13,14,20,23,29,33,35,39,44,48,50,53,58,61,65,69
,13:00,3,0 973 006,2,10,15,19,22,23,25,34,35,39,42,47,51,54,56,57,61,63,66,67
,13:00,2,8 879 211,3,6,8,9,10,13,15,20,24,26,31,33,34,35,39,44,58,65,66,68
,13:00,2,2 431 646,3,5,9,10,12,16,17,20,21,24,27,29,32,41,49,54,55,57,63,64
,13:00,2,inconnu,1,8,13,19,20,21,29,31,46,47,48,49,55,60,63,64,65,66,68,69
,13:00,3,2 653 244,6,11,17,18,25,27,28,33,35,36,38,43,46,48,49,50,56,65,66,67
,13:00,3,inconnu,1,3,5,7,12,13,23,24,25,26,28,34,40,42,50,54,57,60,63,68
,13:00,2,inconnu,3,6,8,14,16,22,25,27,30,35,36,38,49,50,53,55,57,59,61,63
,13:00,5,inconnu,2,5,6,7,28,29,31,36,42,46,50,55,56,57,58,59,64,66,68,69
,13:00,2,9 432 989,2,4,7,8,14,24,25,31,35,38,41,42,43,44,47,48,51,54,55,61
,13:00,2,6 763 392,9,10,14,15,21,26,30,34,36,38,39,44,45,51,58,59,60,61,64,67
,13:00,3,0 262 632,7,11,16,17,20,23,25,38,39,41,44,51,54,57,58,59,60,61,66,69
,13:00,2,inconnu,3,4,7,10,11,13,17,18,19,30,31,33,37,39,40,49,51,59,68,69
,13:00,5,1 111 648,1,3,5,7,22,23,25,27,35,43,46,50,51,52,59,61,64,65,68,69
,13:00,2,inconnu,5,11,13,19,21,23,26,29,37,39,43,44,46,51,53,55,59,62,66,68
,13:00,3,7 201 005,9,12,13,17,27,35,36,38,39,44,50,51,52,55,59,62,66,67,68,69
,13:00,2,4 297 821,4,6,14,17,20,21,23,28,30,36,40,44,51,52,58,60,63,66,67,68
,13:00,3,inconnu,4,5,11,13,16,20,27,28,29,31,39,45,46,47,48,51,58,60,62,65
,13:00,2,inconnu,4,5,6,20,24,28,31,34,41,42,45,47,48,49,53,59,61,65,66,70
,13:00,2,9 026 324,2,5,18,20,21,22,23,28,34,37,39,49,54,56,59,60,63,65,68,69
,13:00,2,inconnu,4,13,14,16,17,21,22,25,26,31,35,37,45,48,50,51,57,61,62,68
,13:00,2,inconnu,5,7,14,17,22,23,27,28,32,35,36,39,40,41,45,55,59,60,62,66
,13:00,3,inconnu,9,14,15,19,20,26,28,29,30,34,37,41,46,47,54,55,58,63,65,67
,13:00,2,inconnu,7,13,15,16,17,19,20,21,25,31,32,44,46,49,51,52,60,63,67,70
,13:00,2,inconnu,14,20,26,28,29,30,31,35,41,43,47,48,49,52,54,55,59,64,67,68
,13:00,3,inconnu,2,6,17,23,24,26,28,32,33,34,44,45,47,50,52,53,55,64,67,70
,13:00,5,7 788 862,3,5,7,9,10,11,13,15,27,30,37,46,47,48,52,53,54,55,62,68
,13:00,2,9 673 357,5,10,12,15,19,23,28,30,36,41,43,48,52,55,60,61,63,65,69,70
,13:00,2,inconnu,3,8,13,14,15,18,19,22,25,26,32,39,41,50,51,52,53,59,63,66
,13:00,2,5 348 068,1,2,8,16,17,22,25,29,34,39,43,44,54,55,58,59,62,66,68,70
,13:00,3,inconnu,6,7,10,13,17,20,25,27,28,32,33,40,55,56,59,60,62,63,67,70
,13:00,2,inconnu,7,10,20,23,24,29,30,38,39,40,44,45,46,48,49,54,61,64,66,70
,13:00,3,inconnu,9,15,16,20,27,32,39,42,43,45,49,50,51,52,54,57,58,62,64,66
,13:00,2,inconnu,1,3,11,13,15,16,17,23,24,26,35,41,43,45,48,50,63,65,67,70
,13:00,2,inconnu,1,2,3,4,5,11,12,18,21,28,32,37,38,42,43,51,52,57,64,68
,13:00,5,inconnu,6,10,14,16,18,23,24,25,27,28,35,39,44,46,47,51,56,63,67,69
,13:00,3,inconnu,2,4,5,8,9,11,13,14,16,20,31,32,35,37,43,44,46,56,61,66
,13:00,2,inconnu,3,6,13,21,26,28,32,33,38,40,43,49,54,55,57,61,62,65,67,70
,13:00,2,inconnu,3,6,11,15,16,17,20,26,29,43,44,45,46,47,51,55,56,60,61,62
,13:00,2,6 199 896,1,12,14,15,16,19,20,21,22,26,42,45,50,52,57,58,64,65,69,70
,13:00,3,inconnu,3,5,6,8,11,12,14,20,23,26,29,31,33,38,40,55,58,67,69,70
,13:00,2,inconnu,2,5,6,11,16,21,24,25,26,37,40,44,46,50,51,52,54,61,62,69
,13:00,2,inconnu,4,6,7,8,16,18,22,23,29,34,40,46,47,49,51,53,55,56,58,61
,13:00,5,8 023 060,1,9,18,20,22,25,35,36,39,40,41,42,45,46,48,54,56,62,63,67
,13:00,3,8 913 178,3,4,6,7,12,14,17,19,20,23,28,29,30,32,40,47,54,55,57,68
,13:00,5,2 878 061,3,5,8,10,11,12,13,15,19,20,23,24,30,39,43,44,45,47,54,68
,13:00,2,inconnu,1,4,7,8,11,12,16,17,21,24,26,30,36,38,50,60,62,64,66,70
,13:00,2,inconnu,1,3,8,10,15,16,18,21,22,23,25,28,30,38,39,43,53,55,61,70
,13:00,2,0 062 640,2,4,7,8,14,16,18,23,31,38,40,42,44,46,47,49,52,57,63,68
,13:00,3,6 116 370,1,2,4,5,11,12,16,19,21,22,23,26,32,43,49,53,58,61,66,69
,13:00,2,2 190 590,5,16,17,18,22,27,30,31,32,35,37,42,43,45,49,50,52,53,61,69
,13:00,2,7 825 493,5,8,10,15,16,25,28,29,31,32,37,41,42,47,57,60,62,65,66,70
,13:00,2,inconnu,2,7,12,17,19,21,25,29,36,37,39,42,47,53,58,61,62,63,66,69
,13:00,5,inconnu,1,4,5,10,13,14,16,19,25,27,33,36,43,47,51,57,59,60,63,66
,13:00,2,inconnu,5,12,16,19,24,35,37,40,42,43,44,46,47,48,50,55,57,58,64,66
,13:00,3,inconnu,1,8,10,11,12,15,17,18,20,22,27,34,39,50,52,55,63,64,65,67
,13:00,2,5 465 587,7,8,13,19,22,31,32,34,37,41,42,48,50,55,57,59,60,61,66,69
,13:00,2,inconnu,1,3,6,13,14,24,25,27,40,42,44,46,49,51,58,59,60,61,65,66
,13:00,2,inconnu,3,5,17,19,24,26,34,43,44,46,47,52,56,59,62,63,64,65,68,69
,13:00,2,inconnu,5,10,11,14,22,27,28,37,40,43,45,47,48,49,51,52,55,63,65,69
,13:00,3,inconnu,2,4,7,9,12,13,20,22,24,27,29,30,31,37,38,45,48,53,61,65
,13:00,2,6 546 654,2,6,8,9,11,13,20,22,28,36,38,40,47,51,57,63,64,66,67,68
,13:00,2,8 123 972,4,5,12,13,14,18,19,22,23,27,30,44,57,59,60,61,62,64,67,68
,13:00,2,2 125 995,8,13,15,16,18,21,25,29,30,35,42,44,47,55,58,60,61,66,67,70
,13:00,2,1 415 325,5,7,13,16,17,21,23,26,31,33,35,37,41,45,47,50,51,59,62,68
,13:00,2,1 808 226,1,2,5,7,9,14,19,21,22,23,35,43,44,50,52,60,61,62,67,68
,13:00,3,2 178 193,1,2,3,5,6,24,29,31,33,34,37,39,45,47,58,60,62,63,65,69
,13:00,2,8 424 517,5,24,26,27,28,29,30,31,33,34,35,39,40,43,44,47,49,52,69,70
,13:00,2,5 589 404,1,2,5,7,11,13,14,26,29,32,38,41,44,45,48,52,63,65,67,68
,13:00,2,4 627 016,10,12,13,15,19,23,26,28,32,36,38,39,41,45,48,50,53,57,68,70
,13:00,3,0 738 990,1,2,5,8,9,10,12,17,21,26,30,32,35,36,39,46,48,50,65,69
,13:00,2,2 451 837,7,15,16,19,24,25,27,30,37,40,45,49,50,55,56,59,63,64,65,70
,13:00,2,5 775 740,7,11,15,21,24,25,34,41,43,47,49,50,51,52,54,57,58,61,63,64
,13:00,2,2 168 778,2,5,10,12,13,14,16,18,19,26,39,40,44,46,52,55,63,64,67,69
,13:00,3,4 612 406,3,9,11,17,19,23,32,41,42,43,44,47,54,55,60,61,62,63,67,68
,13:00,3,7 587 599,1,3,9,12,16,18,23,24,25,28,30,42,44,50,54,57,58,62,67,69
,13:00,3,7 469 712,2,5,8,13,16,19,20,26,27,40,42,44,47,50,52,58,62,65,68,70
,13:00,3,8 621 851,1,3,4,9,10,13,15,17,19,20,21,23,26,40,45,48,51,62,63,66
,13:00,2,3 359 591,4,5,9,26,27,33,34,35,37,38,43,46,52,53,59,60,61,62,63,66
,13:00,2,0 362 309,2,5,7,14,21,26,28,29,37,45,47,49,51,56,59,60,61,62,69,70
,13:00,3,6 081 709,1,5,6,10,12,23,24,29,31,33,38,39,41,46,50,52,56,61,66,70
,13:00,3,8 209 617,1,3,7,9,11,14,15,18,34,35,36,37,39,43,48,54,62,63,65,66
,13:00,2,7 000 704,7,13,16,18,20,25,35,36,42,45,49,51,53,55,57,61,62,63,67,70
,13:00,3,9 292 685,1,2,10,12,19,20,22,34,35,38,43,44,51,53,54,55,57,61,67,68
,13:00,2,0 984 041,3,5,7,9,10,11,15,19,20,27,28,33,34,40,51,55,58,60,63,64
,13:00,2,5 973 502,4,6,9,15,16,20,21,24,25,26,30,35,38,50,51,55,56,62,63,68
,13:00,3,5 400 613,5,7,13,15,20,21,25,29,32,35,39,40,43,44,46,57,61,63,65,66
,13:00,3,6 234 391,5,9,10,13,14,17,19,28,34,38,39,45,49,51,56,57,59,60,66,68
,13:00,2,4 720 851,5,7,13,14,17,21,23,27,28,34,38,40,45,56,57,61,62,68,69,70
,13:00,2,3 461 709,2,4,6,10,18,22,28,31,40,42,43,50,52,54,56,59,60,61,65,69
,13:00,2,9 811 001,3,5,8,9,16,26,27,30,33,35,36,39,42,43,45,51,55,64,65,68
,13:00,3,9 754 163,2,6,11,17,22,23,24,27,30,38,42,43,45,52,55,57,58,60,62,66
,13:00,2,3 139 268,3,7,12,16,18,19,20,23,26,44,45,49,50,53,54,60,65,67,68,70
,13:00,3,1 064 475,1,6,10,13,16,17,21,24,30,31,32,33,41,43,48,49,52,53,64,69
,13:00,2,5 957 540,5,6,7,17,21,23,31,33,34,36,40,42,44,50,51,52,53,56,57,70
,13:00,2,5 260 870,2,4,5,9,14,16,18,22,25,30,33,36,47,50,51,53,55,56,61,65
,13:00,2,0 018 304,4,8,13,17,20,22,25,28,30,42,44,46,48,55,56,58,61,62,67,68
,13:00,2,5 253 359,3,4,5,7,9,10,11,14,18,21,27,31,33,36,42,45,50,52,59,67
,13:00,3,0 109 153,5,6,10,11,12,15,19,23,25,36,41,44,48,49,55,56,64,66,67,70
,13:00,3,6 986 200,4,7,10,17,21,27,28,31,34,39,44,45,47,49,54,56,60,61,64,66
,13:00,2,2 357 670,3,8,10,15,18,21,23,24,27,28,35,36,45,51,53,56,57,59,66,67
,13:00,2,2 638 154,3,6,11,12,13,26,27,34,39,43,44,46,48,51,56,63,66,67,68,70
,13:00,3,2 559 455,1,9,16,22,26,28,30,32,36,40,42,45,48,49,59,60,61,66,68,70
,13:00,3,5 362 247,1,5,11,12,20,21,22,25,28,30,32,41,42,47,50,56,58,60,66,67
,13:00,3,9 689 688,4,20,21,27,29,32,34,41,42,44,45,47,49,53,54,57,61,64,68,70
,13:00,2,7 057 108,3,6,10,12,18,21,27,32,38,42,43,48,55,59,60,61,64,65,68,69
,13:00,2,0 669 793,4,5,8,13,20,22,26,30,36,38,39,44,45,46,56,60,64,66,67,69
,13:00,2,7 331 265,1,3,8,13,21,25,36,39,40,43,45,49,51,52,53,54,57,59,61,64
,13:00,3,5 665 702,4,5,6,8,12,16,17,25,26,27,28,32,37,45,48,56,58,62,63,68
,13:00,2,3 843 611,2,4,5,10,11,12,21,24,30,32,40,43,44,45,47,58,59,61,62,65
,13:00,3,0 639 830,7,8,10,13,17,28,33,34,35,40,41,43,45,46,50,51,56,58,67,68
,13:00,2,7 804 165,4,5,8,15,19,20,26,31,33,36,37,47,49,57,59,60,61,66,68,69
,13:00,3,2 215 098,6,8,10,12,15,21,23,42,44,52,54,57,58,59,61,62,64,67,68,70
,13:00,3,3 035 626,3,5,7,8,11,13,15,16,19,27,29,31,32,41,45,56,59,60,62,63
,13:00,3,4 731 096,5,9,16,19,20,23,27,30,36,37,43,44,46,50,52,54,55,59,65,69
,13:00,2,9 464 119,1,2,5,6,15,20,27,31,34,36,38,46,47,52,56,57,58,59,61,65
,13:00,2,8 889 027,10,12,14,15,18,21,32,34,36,37,42,45,46,47,49,53,62,63,64,70
,13:00,3,6 396 843,3,9,12,13,15,20,22,29,30,33,36,49,53,55,56,57,60,61,64,65
,13:00,3,0 296 986,2,7,8,10,14,20,24,30,32,33,34,35,38,39,53,54,60,62,64,69
,13:00,2,4 392 011,3,7,9,10,12,14,17,19,23,31,36,39,41,42,43,51,53,62,66,69
,13:00,3,0 346 676,2,5,11,12,17,18,20,23,27,29,34,36,43,44,46,53,55,56,59,67
,13:00,2,0 751 489,5,6,13,18,20,21,23,24,35,37,38,41,42,46,50,52,54,58,61,70
,13:00,2,5 184 910,3,5,9,16,17,19,26,29,31,34,40,41,45,48,50,51,52,62,63,65
,13:00,3,2 877 407,4,6,11,15,16,21,30,34,35,37,38,50,54,55,57,58,63,64,66,67
,13:00,3,1 300 877,1,5,9,10,19,20,21,23,26,27,28,31,36,40,44,51,56,62,66,69
,13:00,3,0 672 600,4,7,8,12,13,15,16,17,19,24,31,35,39,42,43,44,47,51,60,65
,13:00,2,5 023 954,3,5,6,7,8,9,20,22,27,30,31,37,45,47,48,49,53,57,63,64
,13:00,3,1 414 103,1,3,7,9,10,14,16,21,22,24,35,37,43,45,53,57,60,61,65,68
,13:00,2,4 700 846,2,6,14,19,20,27,30,35,36,38,39,52,56,58,59,61,64,66,67,69
,13:00,3,0 716 512,9,10,12,13,20,21,24,30,32,41,42,43,50,54,55,58,62,65,67,70
,13:00,2,6 970 655,5,8,10,12,16,20,25,30,33,41,43,44,45,49,51,57,58,59,65,69
,13:00,3,5 513 135,1,3,4,12,15,16,20,21,30,37,39,40,43,50,54,58,61,66,68,69
,13:00,2,4 153 345,1,2,3,4,5,9,11,15,18,19,31,41,43,44,47,53,56,65,66,68
,13:00,2,6 429 813,4,5,11,14,27,30,32,33,37,38,44,53,54,55,58,59,62,67,68,69
,13:00,2,9 364 329,2,12,20,21,26,30,31,38,40,42,43,44,47,48,56,57,58,60,62,70
,13:00,2,0 720 348,2,14,19,23,28,30,31,32,35,36,38,42,44,49,51,54,58,62,65,69
,13:00,3,9 057 613,8,10,14,18,19,24,31,38,43,44,47,48,52,53,60,61,64,67,69,70
,13:00,2,8 322 235,1,2,3,4,5,6,7,8,18,20,21,30,35,41,43,44,46,51,64,68
,13:00,3,5 539 628,6,12,14,15,16,23,24,29,31,32,34,42,44,45,49,51,59,63,65,67
,13:00,3,6 448 016,6,8,10,12,13,14,19,24,26,32,43,47,50,54,55,56,61,62,68,70
,13:00,3,9 989 335,1,7,10,16,17,18,22,23,29,36,41,44,47,50,54,59,62,63,65,69
,13:00,3,4 278 581,4,10,18,19,25,27,30,31,33,34,36,39,44,47,50,54,63,66,69,70
,13:00,3,0 420 549,1,2,3,8,11,20,29,32,44,45,46,47,52,56,57,58,61,65,68,69
,13:00,2,2 575 709,1,3,5,7,8,19,24,25,27,32,37,38,49,50,51,58,61,66,69,70
,13:00,2,2 993 997,2,4,12,16,17,18,26,27,33,34,39,46,48,54,58,59,61,63,68,69
,13:00,3,8 803 377,4,9,11,14,15,16,21,22,38,39,44,46,48,51,53,54,57,62,69,70
,13:00,2,6 172 453,3,7,9,11,12,13,17,23,25,27,32,40,42,45,53,56,63,65,66,70
,13:00,2,0 155 882,2,4,7,11,16,24,27,30,36,39,43,45,47,53,54,55,64,65,68,70
,13:00,3,0 488 842,5,7,12,15,18,28,30,31,33,37,38,43,48,50,51,57,58,61,63,65
,13:00,3,9 289 114,3,9,11,14,18,19,21,23,27,28,34,40,41,49,52,56,57,58,60,67
,13:00,2,2 346 289,1,4,5,7,15,18,21,24,32,40,41,46,51,54,56,62,66,67,68,70
,13:00,3,1 544 764,1,4,5,8,12,14,21,23,28,32,33,36,37,44,46,49,54,60,61,63
,13:00,2,8 582 889,4,5,9,10,12,16,19,24,28,32,35,41,46,49,52,57,58,60,63,68
,13:00,3,7 886 285,2,13,24,25,26,29,30,34,36,37,38,40,44,45,49,53,55,60,62,68
,13:00,2,8 267 990,5,9,11,15,33,34,38,40,44,48,51,57,59,61,63,64,66,67,68,70
,13:00,2,8 860 360,1,2,3,7,9,12,13,14,22,23,26,29,31,32,43,47,52,54,55,68
,13:00,2,8 736 219,1,3,4,7,19,20,22,23,29,33,38,40,41,44,47,57,59,60,67,69
,13:00,3,2 444 917,1,4,6,9,16,18,21,26,27,31,33,39,42,43,44,48,50,58,62,67
,13:00,2,1 331 714,2,3,9,10,13,16,21,22,24,32,35,44,45,50,55,57,58,62,63,64
,13:00,2,6 419 191,2,3,17,19,22,24,31,33,35,38,40,47,52,61,62,64,67,68,69,70
,13:00,3,6 642 941,2,5,15,17,23,24,27,28,29,32,46,49,50,56,57,59,62,66,68,70
,13:00,2,0 623 421,5,10,15,24,28,30,33,38,39,45,46,48,49,55,56,57,59,61,62,64
,13:00,3,6 642 942,1,6,10,14,15,16,19,20,22,29,31,41,43,46,51,54,55,56,62,69
,13:00,3,3 048 088,2,14,17,18,23,25,31,32,33,36,49,57,58,59,62,64,65,67,68,69
,13:00,5,5 972 822,1,6,9,10,13,14,17,25,28,35,39,43,49,50,55,57,59,61,67,69
,13:00,2,9 717 597,8,9,11,12,15,17,19,25,33,34,36,37,38,43,46,51,56,62,64,65
,13:00,2,7 530 643,1,16,23,25,26,29,31,32,34,43,48,50,51,55,56,57,60,61,69,70
,13:00,2,5 592 757,2,3,8,12,15,16,21,22,24,29,31,32,33,41,44,53,54,60,61,65
,13:00,2,4 910 647,1,2,15,16,18,20,21,23,27,28,30,34,37,45,51,53,58,60,68,69
,13:00,2,8 484 321,1,7,9,12,15,20,25,28,29,33,34,37,38,40,54,59,63,64,67,70
,13:00,2,8 888 339,5,6,11,13,15,18,19,20,22,26,32,38,42,43,54,55,58,59,60,69
,13:00,2,0 918 989,2,4,5,9,12,13,14,24,26,31,36,39,40,42,43,47,50,55,62,69
,13:00,2,2 715 533,2,9,14,16,20,23,25,27,28,33,35,39,40,45,47,48,62,63,64,68
,13:00,2,9 533 110,6,10,16,18,21,31,34,36,39,46,47,55,56,57,58,59,62,65,69,70
,13:00,3,0 469 063,3,4,7,9,10,14,19,20,25,31,33,34,37,40,42,50,54,68,69,70
,13:00,3,1 803 330,2,3,4,6,14,16,19,22,23,28,31,40,42,44,49,53,57,61,64,68
,13:00,2,0 131 548,2,3,5,6,8,11,21,30,41,43,44,47,50,52,57,60,61,64,66,70
,13:00,3,6 254 243,1,4,8,17,19,21,23,24,33,37,39,41,45,49,52,54,56,57,60,64
,13:00,2,5 080 904,4,8,9,16,19,21,26,27,28,38,43,45,48,49,53,59,63,66,67,69
,13:00,3,8 475 859,6,7,8,9,12,14,17,24,27,28,30,31,32,35,38,47,56,58,61,65
,13:00,2,9 912 045,2,3,7,10,22,26,27,32,35,47,48,50,51,52,53,54,59,62,63,65
,13:00,2,9 024 101,3,9,11,14,21,32,35,37,40,44,48,49,51,53,54,57,58,63,66,67
,13:00,2,6 674 881,5,6,12,13,17,19,25,26,27,30,32,37,39,40,42,44,46,48,58,62
,13:00,3,3 592 669,1,8,15,19,20,21,22,23,25,27,29,30,43,47,48,51,61,62,64,68
,13:00,10,0 496 036,4,8,9,15,23,24,28,36,39,41,44,48,56,58,59,62,65,68,69,70
,13:00,3,1 133 233,1,5,9,11,13,16,19,24,32,38,39,40,46,49,51,53,55,56,61,69
,13:00,2,9 070 375,3,6,10,11,14,17,19,25,30,32,33,40,42,45,52,58,59,63,66,70
,13:00,2,9 262 171,3,4,6,12,14,17,18,24,25,34,38,43,44,47,49,54,63,66,68,70
,13:00,2,0 405 289,4,6,14,15,19,22,23,25,31,36,38,43,47,48,50,51,62,63,66,68
,13:00,2,5 463 036,4,7,11,12,18,20,24,27,28,31,32,36,42,47,48,53,55,58,64,66
,13:00,3,0 538 841,2,3,6,12,18,20,21,28,32,36,38,43,48,49,52,57,58,62,68,70
,13:00,2,4 423 591,11,15,16,19,25,27,32,36,40,41,47,48,49,50,51,53,55,56,64,66
,13:00,2,3 995 419,5,9,11,12,20,23,27,31,36,39,42,50,51,54,58,59,60,64,67,70
,13:00,3,6 912 819,1,3,4,6,7,12,28,30,31,40,42,45,46,47,48,50,51,54,59,60
,13:00,3,9 561 211,1,7,8,14,21,23,26,32,33,34,36,40,44,46,47,48,58,62,65,67
,13:00,3,6 534 417,3,4,6,14,15,17,21,25,30,33,36,48,51,54,60,62,64,65,66,70
,13:00,3,9 946 966,3,8,10,14,15,18,19,20,26,30,37,38,43,44,48,49,50,54,56,57
,13:00,2,1 637 684,2,10,12,18,19,23,25,29,33,34,36,37,43,46,58,59,60,61,64,67
,13:00,3,4 762 328,1,4,5,10,19,20,23,25,28,30,31,34,38,45,51,55,57,62,64,68
,13:00,3,7 700 228,6,10,12,13,17,24,26,33,34,36,38,40,43,45,49,51,55,57,63,69
,13:00,3,6 108 694,1,5,7,10,11,13,20,25,26,28,30,36,39,48,54,56,58,60,64,66
,13:00,2,9 831 281,1,2,10,18,26,27,28,29,31,33,34,37,38,40,52,57,59,66,68,69
,13:00,2,8 485 920,1,9,12,18,19,21,22,27,31,32,34,39,43,46,50,51,53,54,67,68
,13:00,3,2 738 335,2,5,7,8,11,15,16,23,30,35,37,39,43,45,46,47,54,60,67,69
,13:00,3,5 675 401,5,7,9,11,15,24,28,29,36,39,42,43,46,48,51,52,56,63,65,66
,13:00,2,3 032 574,1,9,10,19,20,22,24,26,28,29,38,46,49,52,55,56,58,63,64,68
,13:00,2,0 065 257,1,6,7,9,10,16,17,19,27,28,30,33,38,39,40,47,48,53,55,65
,13:00,3,6 752 904,1,3,5,8,9,11,17,19,20,27,30,36,39,41,42,43,44,47,52,53
,13:00,2,2 717 462,3,5,7,10,12,16,19,24,27,32,35,36,43,55,56,58,60,61,62,63
,13:00,3,7 166 329,8,10,12,14,16,18,19,24,26,31,34,42,43,47,50,54,57,62,65,68
,13:00,3,7 720 516,8,12,16,19,26,29,31,35,38,43,46,48,50,51,57,59,60,63,68,70
,13:00,2,6 268 763,3,5,7,8,11,15,25,30,39,41,50,51,54,55,58,59,60,64,67,70
,13:00,2,7 682 223,8,9,10,11,17,18,24,25,27,31,32,33,35,44,50,53,54,60,67,69
,13:00,3,3 060 751,5,9,14,17,19,21,23,27,29,30,36,38,40,41,42,44,61,62,65,66
,13:00,2,3 381 780,7,13,14,24,27,29,30,33,38,39,41,44,48,50,53,54,65,66,67,69
,13:00,3,2 005 633,6,8,9,11,14,15,28,31,39,42,44,46,50,52,54,56,58,64,68,69
,13:00,2,4 168 732,6,10,11,15,17,21,24,27,32,34,36,37,39,45,51,53,54,58,59,61
,13:00,2,5 418 166,2,5,10,14,16,18,27,29,35,37,43,45,50,53,61,62,63,64,65,70
,13:00,2,4 838 809,2,10,11,12,13,17,26,27,31,38,40,41,44,45,47,56,57,64,65,66
,13:00,2,1 260 423,1,3,10,15,17,19,20,31,33,34,35,36,41,43,49,51,53,54,64,70
,13:00,2,7 891 542,1,4,5,6,10,11,14,15,16,30,36,41,47,48,49,53,57,60,65,70
,13:00,2,1 588 625,1,3,4,5,9,23,25,28,30,31,38,39,42,46,47,55,56,57,61,63
,13:00,2,1 104 632,7,13,15,17,21,23,27,30,31,32,33,42,48,55,57,59,62,63,64,69
,13:00,3,5 186 286,1,3,8,13,15,18,21,27,29,35,36,39,46,48,52,54,59,64,66,67
,13:00,2,8 530 193,3,4,5,12,13,24,26,27,28,30,33,36,38,42,45,46,52,58,60,69
,13:00,2,9 307 779,5,7,10,17,18,20,21,23,24,25,28,32,34,37,38,42,51,52,55,57
,13:00,5,1 811 360,4,10,11,13,15,18,20,31,32,33,34,35,39,41,42,49,52,59,64,69
,13:00,2,5 324 539,8,12,14,17,23,25,26,30,31,32,45,47,48,57,58,60,64,65,69,70
,13:00,2,6 354 529,1,6,8,10,19,22,24,25,31,35,46,50,52,53,57,59,60,62,64,70
,13:00,3,9 300 085,8,9,14,18,21,23,27,29,32,39,40,43,44,48,52,54,56,57,60,68
,13:00,2,6 705 015,2,9,12,14,24,25,28,30,31,35,37,40,42,44,45,46,47,55,59,67
,13:00,3,5 572 642,1,2,3,11,12,16,17,22,24,25,49,51,53,54,55,56,57,63,65,70
,13:00,2,3 765 219,3,6,12,17,19,26,31,33,38,39,45,50,51,52,54,55,56,57,60,64
,13:00,3,4 533 000,1,2,6,16,18,25,26,27,29,38,41,44,45,48,52,53,62,63,64,70
,13:00,2,5 923 542,5,7,9,10,12,13,19,21,25,28,37,38,41,43,44,50,53,64,68,69
,13:00,3,4 747 844,4,6,8,16,18,22,23,26,30,35,41,44,45,46,48,50,54,55,65,68
,13:00,3,9 525 103,3,8,10,11,14,16,17,19,24,30,31,33,35,42,44,47,57,58,65,69
,13:00,3,7 949 900,1,2,5,13,14,15,18,19,22,24,30,38,47,51,52,54,55,59,62,63
,13:00,2,4 278 032,6,13,14,17,18,20,22,25,30,32,37,39,47,49,50,51,55,57,60,64
,13:00,2,7 472 564,5,7,8,12,19,21,26,28,32,33,37,40,43,45,47,51,53,65,67,68
,13:00,2,2 562 029,1,3,8,14,16,17,18,20,23,24,39,40,43,44,45,46,52,54,57,67
,13:00,2,8 766 902,5,6,7,9,17,23,27,28,36,38,39,40,41,42,44,50,51,55,57,60
,13:00,3,6 270 401,9,14,26,27,30,31,34,36,37,41,45,47,51,52,54,56,64,65,69,70
,13:00,2,7 166 428,1,8,19,20,21,25,26,39,43,47,51,53,54,56,57,59,63,64,66,68
,13:00,2,8 330 345,3,4,5,7,9,14,15,18,19,23,28,30,32,38,39,52,53,54,58,68
,13:00,3,8 890 028,5,6,13,14,15,17,23,26,28,30,32,33,36,40,42,44,47,52,53,66
,13:00,5,0 268 896,1,2,6,7,8,10,12,32,33,34,36,37,48,52,55,56,60,62,64,65
,13:00,2,1 877 785,7,8,10,11,15,20,23,24,27,28,30,36,37,46,48,51,56,61,64,65
,13:00,2,4 501 014,10,12,14,25,26,29,36,39,43,46,47,48,49,50,52,58,61,62,63,64
,13:00,3,3 598 267,2,4,6,8,11,14,16,17,18,33,37,39,41,44,51,52,58,63,68,70
,13:00,2,9 440 301,1,13,14,17,20,22,24,26,33,34,39,43,47,48,49,52,58,59,63,66
,13:00,3,3 015 716,4,15,20,21,22,26,30,33,38,41,43,46,52,54,56,58,61,63,65,66
,13:00,2,0 890 408,7,13,17,18,21,23,29,32,34,40,41,44,46,47,48,55,64,66,67,69
,13:00,2,4 943 507,5,13,14,17,20,22,33,36,38,41,46,47,49,54,56,57,58,60,62,70
,13:00,3,0 605 925,3,10,21,24,29,30,35,36,39,42,47,52,54,57,58,62,63,64,66,68
,13:00,3,4 086 595,7,8,9,11,19,21,26,28,30,42,47,49,54,55,58,62,63,65,67,68
,13:00,2,8 458 492,1,2,3,4,7,11,20,23,24,27,29,34,35,37,52,55,59,61,63,66
,13:00,3,9 195 682,1,3,12,13,15,19,20,27,28,42,45,47,50,51,52,53,56,62,65,69
,13:00,2,3 956 188,5,6,13,21,22,26,32,33,36,39,45,49,50,51,53,54,56,66,67,70
,13:00,3,0 946 144,3,4,5,6,11,19,20,25,27,32,38,40,44,47,49,51,52,59,61,67
,13:00,2,1 001 798,2,4,6,8,9,14,21,33,43,49,50,52,53,60,61,62,64,65,68,70
,13:00,2,8 423 159,1,2,5,7,10,19,21,23,26,27,30,31,34,47,52,54,55,60,62,64
,13:00,3,8 441 666,7,8,10,16,17,19,25,26,27,28,29,32,34,35,37,49,57,59,67,70
,13:00,3,4 044 044,8,12,15,16,22,25,26,29,30,34,38,43,45,46,51,54,57,58,60,69
,13:00,2,3 613 511,1,4,5,9,12,14,17,26,30,33,34,36,37,41,42,44,46,56,60,63
,13:00,2,7 501 046,8,11,15,18,19,21,22,26,29,35,37,44,47,56,58,62,64,65,67,70
,13:00,3,7 820 880,5,7,10,12,13,15,16,18,20,22,23,25,26,31,32,42,47,52,58,66
,13:00,2,0 306 048,7,12,14,15,16,17,19,24,27,30,31,32,37,43,46,62,63,64,69,70
,13:00,2,9 314 006,1,4,5,10,13,16,19,31,34,35,40,44,48,52,54,55,58,61,62,65
,13:00,3,9 910 250,1,3,4,7,8,10,12,22,23,27,32,35,39,43,47,52,53,56,63,66
,13:00,2,7 604 868,2,7,10,13,18,24,33,34,35,38,42,44,49,50,55,56,57,59,60,70
,13:00,2,0 895 558,3,5,7,10,12,17,18,20,22,25,30,32,40,43,47,49,53,62,64,68
,13:00,2,0 464 471,2,9,10,22,23,26,30,38,40,44,46,48,49,53,55,56,57,61,62,69
,13:00,2,2 258 297,4,8,11,12,13,15,18,26,27,33,38,40,41,47,57,58,60,62,66,70
,13:00,2,2 565 576,4,6,8,10,11,14,22,26,29,38,43,45,48,50,51,53,55,61,63,68
,13:00,2,8 145 546,3,4,10,16,18,24,26,28,31,34,35,38,42,45,46,47,56,60,64,70
,13:00,2,4 888 594,7,16,17,20,21,26,28,30,33,34,36,38,39,42,45,50,63,64,65,68
,13:00,3,3 022 006,3,4,6,9,13,22,24,25,27,30,33,36,39,44,48,54,57,63,66,68
,13:00,3,7 769 298,1,3,4,6,8,9,10,13,16,17,18,19,30,37,53,57,58,62,67,68
,13:00,3,6 862 410,4,6,9,16,18,20,21,27,34,39,46,47,48,53,57,58,59,60,65,66
,13:00,2,3 364 730,4,7,15,16,18,24,25,31,32,35,37,38,43,54,57,61,63,66,68,69
,13:00,3,5 497 106,1,2,5,7,10,11,14,18,23,24,34,36,45,46,50,56,57,61,67,69
,13:00,2,9 146 016,3,6,9,11,13,15,25,38,39,40,45,48,49,54,55,57,59,60,65,67
,13:00,3,3 401 749,1,2,7,9,13,14,23,25,26,29,32,33,35,36,41,45,55,56,64,69
,13:00,2,0 886 468,2,4,6,7,8,9,10,11,13,22,25,27,34,38,42,44,57,64,66,70
,13:00,3,8 965 211,1,7,11,16,18,19,20,25,26,27,33,37,42,52,55,57,58,59,62,65
,13:00,2,4 220 913,2,19,20,22,23,24,29,31,33,35,37,42,47,48,52,53,60,61,62,67
,13:00,2,0 463 853,2,4,5,11,14,16,26,27,30,34,36,43,45,47,48,49,53,57,59,66
,13:00,2,5 154 577,4,6,9,13,21,22,25,26,28,29,34,36,40,49,50,52,55,57,63,65
,13:00,2,2 615 300,3,6,7,9,10,12,13,21,22,23,36,38,39,42,44,59,61,65,69,70
,13:00,2,7 921 912,1,3,8,9,10,13,14,27,29,30,34,37,39,40,42,46,47,50,61,70
,13:00,2,4 767 719,13,16,17,18,20,21,25,32,37,38,43,44,48,54,56,57,60,61,66,69
,13:00,3,2 025 052,5,6,10,16,22,24,25,31,33,35,36,40,45,46,52,56,57,64,67,68
,13:00,2,6 464 245,1,5,6,12,15,16,17,19,28,30,32,34,38,39,40,41,48,52,59,60
,13:00,3,4 147 795,1,3,4,7,12,15,25,28,32,34,35,36,40,49,52,59,60,66,67,70
,13:00,2,9 418 014,7,8,13,14,16,24,25,26,27,28,37,43,44,45,50,52,57,60,66,67
,13:00,3,8 194 825,2,3,4,7,8,9,11,13,17,24,28,30,34,36,44,46,53,59,65,69
,13:00,3,3 343 194,6,15,18,19,21,25,30,31,34,36,39,45,46,49,51,54,62,67,69,70
,13:00,2,2 419 410,1,5,12,14,17,20,22,24,28,30,39,45,46,50,56,58,60,63,68,70
,13:00,2,9 198 029,10,14,16,17,18,23,28,30,33,38,41,52,53,55,57,60,61,63,64,68
,13:00,3,3 252 190,2,6,11,18,19,20,24,27,28,32,35,38,40,44,49,53,54,55,66,70
,13:00,3,9 861 667,3,7,9,15,21,22,24,25,26,27,29,32,36,40,43,44,52,53,55,59
,13:00,2,8 727 932,1,3,6,8,11,13,17,22,25,28,34,43,44,45,53,54,63,68,69,70
,13:00,3,9 596 432,5,11,12,14,16,19,28,30,32,33,35,36,37,39,43,47,52,53,54,63
,13:00,5,0 910 512,9,14,15,16,17,20,24,25,34,35,43,48,53,56,61,65,66,67,68,69
,13:00,2,9 237 974,5,8,9,13,15,18,22,23,28,29,32,39,42,44,46,48,52,56,61,68
,13:00,3,1 322 254,3,16,18,19,20,24,35,37,39,44,46,49,53,60,61,63,65,66,67,69
,13:00,2,0 612 978,6,7,18,20,21,27,28,32,36,46,47,48,51,52,55,58,59,61,62,70
,13:00,2,8 907 302,5,8,11,17,19,23,24,27,29,32,41,42,43,46,50,51,53,54,55,69
,13:00,2,4 724 979,1,5,7,12,13,14,17,23,24,27,30,36,37,44,47,49,54,55,61,64
,13:00,2,7 928 344,4,8,14,15,18,20,22,26,32,33,35,36,40,48,50,54,59,61,66,67
,13:00,3,1 864 611,2,6,15,22,23,26,27,29,31,33,36,42,53,54,58,60,62,64,65,67
,13:00,2,0 633 484,2,8,10,13,14,16,17,23,30,31,37,40,41,47,52,53,61,62,64,65
,13:00,3,3 464 365,1,3,5,12,18,21,22,23,25,29,30,31,32,34,42,49,51,55,62,65
,13:00,2,1 067 993,4,8,13,15,19,22,24,25,27,28,29,34,36,39,41,58,61,62,63,66
,13:00,2,1 275 559,2,5,6,13,15,18,24,25,29,31,32,37,41,44,47,48,54,60,67,70
,13:00,3,6 085 399,7,8,9,11,14,16,23,28,32,34,37,39,46,58,59,62,64,66,68,70
,13:00,3,8 708 783,4,5,11,12,15,16,17,20,21,25,32,33,46,49,50,53,55,60,62,64
,13:00,2,9 466 142,1,4,8,18,20,25,26,34,38,40,44,47,48,50,51,54,57,64,66,69
,13:00,3,5 925 471,11,12,15,17,19,27,31,35,36,37,39,45,47,49,50,51,52,57,59,64
,13:00,3,5 837 780,7,10,13,15,16,17,24,25,32,33,35,36,37,38,40,46,55,59,64,65
,13:00,3,7 995 384,1,2,7,11,17,19,25,29,30,35,40,43,50,51,57,58,60,61,62,67
,13:00,3,0 446 548,1,2,7,12,13,14,15,18,23,24,27,35,38,50,53,54,55,60,64,70
,13:00,3,0 399 902,2,3,4,6,8,9,17,18,25,33,35,41,43,49,50,51,56,57,63,68
,13:00,2,9 285 273,6,10,11,16,17,18,24,26,29,31,34,38,39,42,44,49,53,56,59,69
,13:00,3,4 818 079,4,7,10,11,13,14,16,19,24,28,30,34,35,38,44,49,55,59,63,64
,13:00,2,6 426 175,3,5,6,13,14,21,26,30,32,34,37,42,43,44,49,50,55,60,62,67
,13:00,2,4 190 147,2,3,5,10,11,12,15,25,26,31,33,38,39,40,46,52,55,56,63,69
,13:00,3,3 232 444,2,3,13,26,27,32,33,38,40,43,45,46,49,56,57,61,64,65,67,68
,13:00,3,9 951 736,2,3,11,12,13,20,22,24,27,30,32,34,35,38,40,43,51,52,63,65
,13:00,3,3 693 182,4,6,7,10,12,14,18,20,26,27,32,34,36,43,49,53,64,65,66,70
,13:00,3,9 082 306,4,6,19,27,28,31,32,34,35,43,46,49,50,51,57,58,59,65,68,70
,13:00,3,0 372 982,1,8,9,15,17,20,22,24,26,27,37,40,46,47,51,53,57,58,60,63
,13:00,3,7 815 840,4,5,10,11,12,13,19,21,22,24,26,28,29,30,37,38,49,50,53,55
,13:00,3,0 529 407,1,2,5,10,12,13,16,20,27,31,34,43,44,46,47,49,50,51,54,64
,13:00,3,6 369 227,1,3,6,8,10,17,19,23,26,27,29,30,36,41,48,52,55,63,65,67
,13:00,5,7 555 599,6,7,8,12,14,15,16,22,28,32,37,39,40,44,50,53,55,57,58,68
,13:00,2,0 098 765,5,8,10,12,15,16,17,25,30,32,36,37,41,46,51,53,58,59,60,68
,13:00,5,4 887 133,1,8,10,17,23,24,27,30,31,34,35,39,40,41,42,52,60,62,65,66
,13:00,2,4 619 819,9,10,11,12,15,18,24,27,28,32,33,34,38,39,44,47,56,63,67,68
,13:00,2,4 843 007,1,3,5,10,11,14,20,22,26,36,43,46,47,48,50,51,59,68,69,70
,13:00,3,5 574 162,1,5,6,8,10,15,24,25,34,36,39,41,45,46,50,53,56,57,62,68
,13:00,2,4 190 621,5,9,10,16,23,25,26,35,39,41,44,45,48,49,53,57,58,62,63,69
,13:00,3,6 961 537,5,6,8,9,17,19,26,27,29,33,37,40,43,46,49,54,58,59,60,66
,13:00,2,0 688 224,2,4,6,23,24,27,28,30,32,35,37,43,48,52,54,56,57,64,66,67
,13:00,2,7 979 899,6,9,10,16,19,20,21,24,28,31,32,33,35,37,43,45,47,57,62,68
,13:00,3,5 745 633,3,5,7,12,15,17,31,32,39,40,41,43,47,48,52,53,57,59,62,64
,13:00,2,2 582 514,1,2,11,12,13,16,28,29,36,41,43,49,52,54,58,60,62,63,67,70
,13:00,3,0 270 305,8,19,22,25,29,31,34,38,40,41,42,44,45,46,47,51,57,58,61,67
,13:00,3,4 616 489,11,12,21,24,26,27,31,32,34,39,40,42,43,49,51,55,59,62,64,66
,13:00,3,1 141 007,1,4,13,15,17,21,23,26,28,32,37,38,39,42,49,60,61,64,66,68
,13:00,2,9 374 321,2,4,7,10,18,19,24,30,33,37,39,43,46,49,52,54,56,63,64,69
,13:00,2,6 514 565,4,7,9,10,11,17,18,25,28,33,35,37,45,49,53,60,62,64,67,68
,13:00,2,9 856 822,7,9,18,21,24,25,26,28,30,38,40,41,42,46,48,58,60,61,62,69
,13:00,3,5 116 572,6,10,12,18,28,31,32,34,39,41,43,44,47,48,51,54,59,62,65,66
,13:00,3,3 603 034,4,6,7,8,22,27,30,34,36,45,46,48,49,50,51,55,56,63,67,68
,13:00,2,5 839 344,4,8,11,12,13,16,17,19,20,28,30,31,32,33,34,45,46,56,57,68
,13:00,2,9 983 888,1,2,9,15,17,20,22,26,33,34,36,39,44,45,47,52,57,62,67,68
,13:00,2,1 163 119,1,2,3,4,7,9,10,12,18,22,23,24,29,48,51,59,60,62,64,67
,13:00,3,4 131 037,3,8,13,14,16,21,22,26,31,34,40,45,47,51,53,57,58,66,67,70
,13:00,2,2 880 841,6,7,17,20,32,33,34,35,36,39,42,44,45,48,49,52,53,58,59,64
,13:00,2,5 069 526,2,8,9,11,15,16,25,35,38,39,43,49,52,54,59,60,61,63,64,65
,13:00,2,0 402 546,10,19,22,23,24,26,28,29,34,35,38,39,45,48,49,54,56,65,67,69
,13:00,3,0 280 624,3,4,5,7,8,12,17,33,37,42,43,45,54,57,61,63,64,66,68,69
,13:00,3,9 069 321,3,4,5,6,19,20,21,26,27,33,36,45,50,53,55,58,64,65,68,70
,13:00,2,8 518 464,7,9,10,11,15,19,20,36,37,38,45,46,50,52,53,55,57,62,66,69
,13:00,2,1 011 280,1,5,9,10,13,15,22,30,31,40,41,44,49,50,51,54,57,59,63,65
,13:00,2,8 571 487,4,8,21,23,25,26,33,34,35,37,38,40,42,43,45,50,56,66,67,68
,13:00,2,0 706 189,1,4,8,9,12,15,17,22,23,26,27,30,31,36,45,52,53,56,57,64
,13:00,2,6 986 742,2,5,6,7,8,12,16,18,19,30,38,40,41,42,54,57,58,59,62,64
,13:00,3,6 069 445,4,7,8,10,11,12,14,17,22,25,27,34,39,44,46,52,60,64,69,70
,13:00,2,1 933 250,1,7,8,16,18,19,21,23,28,32,34,35,37,40,43,45,49,57,60,66
,13:00,2,3 689 436,7,11,14,21,22,31,33,35,38,41,42,46,48,56,60,62,65,66,67,68
,13:00,2,6 380 131,3,11,14,17,22,23,24,25,26,27,35,36,41,46,47,48,54,55,60,65
,13:00,3,9 234 180,2,4,12,14,18,22,30,34,38,41,46,48,49,50,52,53,58,62,63,69
,13:00,2,7 963 066,4,6,12,13,14,17,23,25,26,29,30,33,36,43,44,46,54,56,57,58
,13:00,3,1 887 737,5,6,11,12,14,15,16,17,18,19,22,30,40,43,50,52,57,58,65,68
,13:00,3,9 140 638,1,3,8,10,12,13,19,22,25,32,34,37,38,49,54,58,59,61,67,70
,13:00,2,1 012 542,3,5,6,9,16,18,23,25,28,29,31,32,36,38,43,53,54,60,61,63
,13:00,3,3 085 329,1,5,9,11,12,13,16,20,25,26,33,35,36,39,40,47,53,62,66,69
,13:00,2,6 239 970,5,6,9,15,17,18,23,24,34,35,39,41,42,44,47,49,51,54,55,69
,13:00,3,6 484 399,4,12,16,17,21,22,23,25,27,29,46,47,50,51,52,62,64,65,69,70
,13:00,3,6 081 666,3,5,6,8,9,10,13,20,24,25,29,34,41,44,47,49,55,57,64,69
,13:00,2,2 540 005,1,3,5,11,14,15,16,17,23,24,25,31,32,33,35,39,41,45,54,62
,13:00,2,9 371 906,2,10,11,14,17,18,19,23,28,29,41,42,43,46,52,53,58,63,66,70
,13:00,2,9 425 712,5,21,23,24,27,28,31,36,38,41,42,43,46,48,52,55,56,58,66,70
,13:00,3,5 544 732,16,18,23,26,27,31,32,35,37,38,41,46,48,50,53,57,62,63,65,70
,13:00,2,3 681 661,2,6,9,12,13,17,18,23,25,29,30,33,35,37,38,41,44,52,60,66
,13:00,2,7 968 962,2,7,10,12,17,19,21,22,26,27,28,29,33,37,45,49,51,56,57,59
,13:00,3,4 908 835,14,15,16,19,20,25,28,29,30,34,36,38,44,47,49,53,60,62,66,68
,13:00,2,9 589 131,3,6,12,13,16,20,21,22,37,38,40,43,44,49,51,52,54,59,63,66
,13:00,2,4 850 523,1,3,5,8,9,18,20,26,34,37,38,45,47,52,55,62,64,65,66,68
,13:00,3,6 247 762,2,7,8,10,11,16,18,26,29,30,36,39,42,50,54,56,59,61,67,70
,13:00,2,7 787 398,4,5,6,9,12,15,19,21,26,28,29,30,31,39,40,42,46,49,65,68
,13:00,3,7 890 351,1,7,8,12,19,23,29,31,32,33,34,37,42,46,47,49,56,57,59,65
,13:00,2,2 886 391,4,5,7,10,12,13,18,22,30,31,36,46,48,49,53,59,62,64,66,67
,13:00,2,1 064 560,1,11,12,17,21,25,26,32,34,35,38,41,43,44,45,46,47,63,65,67
,13:00,2,4 574 925,1,3,5,12,15,18,25,26,28,34,36,37,46,50,54,65,66,67,68,69
,13:00,3,0 576 538,2,9,17,18,23,27,28,38,49,50,53,54,56,59,62,63,66,67,68,69
,13:00,2,0 453 581,8,9,15,22,23,27,29,36,41,44,46,50,51,54,57,58,61,63,67,69
,13:00,3,7 486 485,2,3,6,13,14,17,19,22,27,28,31,38,40,42,43,47,49,51,57,69
,13:00,2,1 687 131,2,6,10,14,17,21,22,24,31,32,39,45,49,50,51,52,55,57,59,61
,13:00,2,5 690 823,1,2,5,18,19,23,29,32,33,37,43,46,47,48,52,60,63,65,68,70
,13:00,2,1 640 379,1,2,11,14,15,16,20,23,26,27,28,31,37,41,44,45,48,51,61,63
,13:00,2,2 020 139,4,5,8,10,14,15,21,30,37,38,40,50,51,61,62,63,64,65,66,70
,13:00,2,5 514 011,7,15,19,22,25,27,29,36,40,46,50,54,55,56,58,60,64,65,68,70
,13:00,2,3 078 798,1,4,5,9,10,12,14,19,22,23,24,25,27,28,45,49,57,58,61,66
,13:00,2,6 864 792,1,2,4,6,7,10,14,17,23,28,31,33,34,41,42,52,53,54,55,58
,13:00,3,6 275 500,4,5,7,11,14,16,17,26,34,38,40,44,48,50,54,55,57,61,63,68
,13:00,2,7 613 633,1,5,8,11,17,19,20,21,23,34,35,38,48,49,58,60,63,65,68,69
,13:00,3,9 620 716,1,7,9,10,12,21,22,23,27,33,35,45,46,51,52,53,54,56,57,59
,13:00,3,7 933 229,8,20,21,23,24,26,27,28,39,42,44,50,51,53,55,59,61,62,69,70
,13:00,2,4 050 292,6,13,15,18,20,24,26,29,30,34,37,40,42,46,49,51,54,55,64,67
,13:00,2,7 959 388,1,2,3,4,5,6,15,17,23,26,28,36,37,43,51,54,58,64,65,68
,13:00,3,0 374 112,1,2,10,12,13,15,30,33,39,42,45,46,48,50,57,59,61,65,67,69
,13:00,2,1 586 114,13,16,18,21,24,25,27,28,30,31,36,42,44,46,53,58,61,62,67,68
,13:00,3,9 141 673,4,6,8,12,19,20,21,22,28,30,32,38,42,44,58,59,64,66,67,69
,13:00,2,4 937 636,4,6,7,8,11,21,25,26,27,28,32,38,41,42,51,54,55,56,59,65
,13:00,2,1 706 277,1,3,4,7,8,10,14,15,19,35,36,39,40,47,49,53,54,57,62,64
,13:00,2,9 014 822,6,13,17,20,21,26,30,32,33,35,36,41,43,45,47,48,56,57,66,68
,13:00,5,0 501 811,3,6,10,11,14,22,23,27,29,32,38,43,50,51,52,54,58,61,64,69
,13:00,3,6 807 044,3,8,12,19,20,31,33,34,35,36,40,42,43,49,50,58,60,66,69,70
,13:00,2,9 165 162,7,15,18,30,34,38,39,40,41,46,52,53,56,57,58,60,64,65,66,67
,13:00,2,4 982 111,1,2,5,7,10,17,20,22,24,25,28,35,37,38,45,49,51,54,56,66
,13:00,2,8 515 066,2,3,9,16,20,31,33,34,35,39,47,49,51,52,53,54,58,60,61,67
,13:00,2,6 240 313,4,6,21,24,25,27,29,43,45,46,49,50,52,56,59,60,61,64,65,66
,13:00,2,3 671 131,2,3,6,13,14,17,23,27,29,36,37,41,42,46,51,56,60,61,62,63
,13:00,3,1 918 699,8,12,16,19,24,25,26,27,33,36,37,41,43,44,45,46,54,58,61,63
,13:00,2,1 656 719,8,13,15,19,22,24,25,32,37,40,43,44,46,47,49,50,55,65,67,69
,13:00,3,5 396 982,2,3,4,6,9,12,14,20,25,27,29,35,37,42,45,55,57,64,69,70
,13:00,2,3 731 629,7,9,12,16,20,25,32,37,39,40,41,47,48,49,55,56,58,62,68,69
,13:00,2,6 599 865,3,6,13,21,22,25,27,32,35,36,40,42,43,51,52,59,64,65,66,67
,13:00,2,2 793 859,3,12,16,20,24,28,30,31,32,34,35,38,40,44,46,48,55,56,62,68
,13:00,3,3 426 667,6,9,17,23,28,29,32,33,34,35,37,38,42,45,46,47,49,55,59,66
,13:00,3,0 217 821,4,5,13,20,25,26,27,30,33,44,45,47,48,51,52,55,61,63,65,69
,13:00,2,3 431 441,2,4,6,11,14,15,16,22,28,33,37,41,43,48,53,54,58,61,63,70
,13:00,3,1 880 455,1,4,10,11,17,23,29,33,38,41,44,45,51,52,54,58,59,62,63,69
,13:00,5,0 891 191,6,15,16,23,26,29,31,34,35,37,39,41,44,52,56,59,60,63,66,68
,13:00,2,8 731 987,5,11,18,23,25,28,29,32,36,37,45,46,55,57,58,60,61,63,65,68
,13:00,2,7 250 098,1,5,6,14,19,20,21,22,24,25,26,28,30,37,43,59,62,63,65,66
,13:00,2,5 788 349,3,5,6,8,9,12,21,25,28,36,40,47,51,52,54,60,63,64,67,68
,13:00,2,6 332 896,3,4,6,17,20,21,29,30,32,35,36,38,43,47,48,49,59,66,69,70
,13:00,3,6 399 822,5,9,10,11,12,15,16,18,21,25,33,34,37,44,45,51,52,53,55,62
,13:00,2,7 941 017,2,7,15,16,17,21,23,25,27,31,34,35,36,53,58,60,65,68,69,70
,13:00,3,6 806 666,11,17,18,19,23,24,32,35,38,42,44,48,52,53,57,59,60,63,64,69
,13:00,2,8 196 873,1,11,12,13,14,24,25,28,32,41,47,48,51,56,59,60,62,66,67,70
,13:00,3,2 683 897,2,6,10,11,12,13,16,21,23,24,26,39,40,45,51,55,57,62,63,66
,13:00,2,7 146 467,3,5,6,10,11,12,14,16,18,26,34,42,45,46,48,49,52,53,66,70
,13:00,2,8 766 041,3,6,7,13,14,21,25,26,38,39,40,41,48,54,55,56,60,61,64,66
,13:00,3,3 982 220,2,7,9,14,15,16,17,18,22,28,32,33,36,45,46,51,52,53,54,56
,13:00,5,2 259 738,5,6,13,26,27,30,36,38,41,43,47,48,49,50,54,55,59,61,65,67
,13:00,3,5 646 429,3,15,16,21,22,24,32,35,36,39,40,45,46,47,52,53,54,55,58,67
,13:00,3,7 839 845,3,6,7,15,18,20,26,27,33,35,36,44,50,54,56,57,59,62,65,70
,13:00,2,8 197 369,1,2,13,18,23,27,30,31,33,42,43,46,47,49,54,58,60,63,66,69
,13:00,3,9 369 288,5,6,12,13,15,18,21,22,32,35,38,39,41,43,46,51,55,57,62,68
,13:00,2,2 198 150,3,7,9,10,14,16,18,23,25,29,33,34,35,36,39,42,43,46,52,56
,13:00,2,0 080 935,4,9,12,13,14,16,19,20,24,26,27,28,33,43,47,48,50,59,62,69
,13:00,3,0 151 854,11,12,27,29,33,37,39,42,43,48,49,50,53,54,55,58,62,66,67,69
,13:00,2,5 883 320,1,3,9,11,12,15,18,21,27,28,29,41,43,44,49,56,58,59,67,69
,13:00,2,5 363 820,3,6,8,9,10,16,18,19,21,22,25,26,29,38,46,51,52,61,67,68
,13:00,2,9 999 740,1,12,13,18,19,20,24,25,30,31,34,44,45,46,51,54,62,64,67,70
,13:00,2,4 849 628,1,4,10,12,16,19,28,30,33,34,40,41,42,47,49,53,56,61,64,66
,13:00,2,8 488 911,4,16,21,23,25,27,28,30,31,35,40,45,47,51,59,61,62,65,66,70
,13:00,3,3 587 954,5,10,13,15,17,19,20,27,32,34,37,45,47,48,53,54,55,56,64,65
,13:00,3,9 470 098,5,6,7,13,20,21,25,26,28,32,33,36,37,44,46,48,51,52,55,66
,13:00,3,8 230 028,3,6,8,9,12,15,16,17,19,20,23,27,28,35,42,47,49,57,69,70
,13:00,2,2 703 240,18,20,21,26,28,33,34,37,38,42,45,48,50,52,53,60,63,64,67,70
,13:00,2,1 007 943,2,3,14,19,25,26,27,33,37,45,46,52,54,55,56,57,59,65,68,70
,13:00,3,1 045 587,6,16,20,24,26,29,30,31,35,38,40,41,43,44,45,47,62,63,66,67
,13:00,2,3 359 993,2,3,11,17,18,22,26,29,30,32,34,37,42,48,49,56,57,62,65,68
,13:00,2,3 647 474,3,4,8,10,22,24,34,36,38,41,42,47,49,55,56,57,59,66,67,70
,13:00,3,7 225 296,1,2,5,12,14,18,22,23,26,29,35,36,40,41,50,53,61,65,67,70
,13:00,2,6 550 679,2,5,6,7,11,12,13,14,19,21,27,31,36,40,43,46,49,51,63,66
,13:00,2,9 145 258,1,2,3,8,12,24,25,29,30,31,32,35,42,44,45,46,52,67,68,70
,13:00,3,5 504 218,2,5,6,7,18,24,27,28,32,36,39,42,50,51,57,60,64,65,68,69
,13:00,3,0 294 127,4,7,8,15,16,22,26,28,34,35,37,38,44,46,47,53,54,59,61,67
,13:00,2,0 193 361,1,3,9,16,17,27,28,39,41,42,47,48,49,51,52,64,66,67,68,70
,13:00,2,3 361 466,5,6,8,10,13,21,22,23,34,35,36,38,39,41,44,49,50,56,63,64
,13:00,3,7 972 053,2,6,7,9,11,12,15,21,25,27,32,34,38,45,49,56,61,63,68,69
,13:00,2,0 435 500,6,7,9,10,11,14,15,20,21,23,32,35,43,46,49,54,55,56,59,64
,13:00,2,6 915 382,1,4,5,15,17,20,22,24,25,28,34,36,38,40,44,49,50,55,61,63
,13:00,2,6 385 100,4,5,8,10,12,13,23,25,27,28,29,30,32,40,42,46,51,56,61,62
,13:00,2,2 619 335,8,13,14,17,20,22,28,30,31,33,34,36,37,39,42,44,45,53,65,70
,13:00,2,7 161 477,1,4,5,6,12,18,19,26,27,31,38,44,47,48,49,50,51,52,61,68
,13:00,3,2 924 018,1,4,16,18,19,22,29,30,31,33,34,43,44,48,58,59,62,63,65,67
,13:00,2,8 832 329,4,7,8,9,13,17,18,23,25,26,28,29,34,35,37,43,49,51,57,60
,13:00,2,1 067 912,5,6,7,9,11,13,14,15,18,23,28,30,34,38,41,44,46,51,61,69
,13:00,3,9 997 002,2,3,9,13,14,20,23,30,31,40,41,42,46,51,52,54,57,58,60,64
,13:00,2,7 138 318,1,14,16,17,23,24,26,29,30,35,38,44,52,56,57,58,59,62,68,69
,13:00,5,1 503 532,8,11,15,18,19,20,22,24,26,27,28,30,32,34,43,47,48,54,63,69
,13:00,2,4 922 400,4,5,9,13,17,22,24,28,34,35,43,46,51,55,58,59,63,65,68,69
,13:00,3,8 059 636,3,7,8,9,11,22,25,26,30,31,35,36,37,38,42,43,44,57,59,70
,13:00,2,8 160 658,4,7,8,13,17,18,20,22,27,28,31,32,34,37,46,49,58,63,66,68
,13:00,3,3 871 990,3,4,5,12,17,18,19,20,22,23,26,31,36,45,47,56,61,64,65,68
,13:00,3,7 800 251,7,8,10,11,13,16,23,27,34,37,39,40,44,46,48,52,55,62,64,70
,13:00,3,9 626 796,5,7,10,12,14,16,19,28,34,35,36,40,46,47,52,54,56,58,63,66
,13:00,2,2 891 630,3,6,9,15,20,21,22,23,24,30,33,36,37,40,51,52,55,56,64,68
,13:00,2,2 830 995,3,4,5,7,22,27,28,29,30,31,35,36,37,40,43,44,52,56,62,65
,13:00,2,5 408 606,4,11,12,13,19,27,28,29,32,35,36,37,43,45,46,47,53,54,57,69
,13:00,2,2 734 066,1,4,5,8,12,17,18,22,23,29,33,35,36,49,54,55,56,58,64,65
,13:00,3,0 940 595,11,19,23,25,26,28,30,31,36,37,42,47,52,54,55,57,59,64,67,70
,13:00,2,0 467 624,7,9,14,18,24,28,30,37,40,46,47,52,53,55,57,58,63,64,66,69
,13:00,2,5 093 896,4,7,11,19,22,25,26,30,32,33,35,39,49,50,52,60,62,66,68,70
,13:00,3,0 373 360,4,5,8,10,11,12,27,28,32,33,34,41,46,47,50,56,59,64,67,69
,13:00,5,6 175 011,1,6,9,14,19,24,26,35,36,37,39,42,43,45,48,49,52,58,66,68
,13:00,2,1 155 672,1,8,9,18,19,27,28,33,37,40,48,50,51,52,53,57,59,62,63,64
,13:00,2,6 398 137,7,14,16,17,24,31,32,35,38,40,43,51,57,59,60,63,64,66,67,70
,13:00,3,9 526 932,3,5,11,12,17,18,19,25,27,29,38,42,43,47,49,50,51,52,68,69
,13:00,2,0 053 796,4,7,10,14,15,22,27,29,32,36,39,41,45,55,58,59,64,66,68,69
,13:00,3,6 749 047,2,3,7,21,24,28,30,36,37,39,45,47,50,52,53,54,59,62,66,68
,13:00,2,6 811 038,1,2,12,13,14,18,22,24,26,27,34,35,38,40,42,44,45,52,63,66
,13:00,2,3 845 415,6,7,9,12,17,18,20,25,26,31,34,36,41,47,48,51,57,59,61,67
,13:00,2,9 405 390,2,8,12,22,23,24,25,29,30,32,37,38,41,42,49,53,58,59,60,68
,13:00,2,0 542 355,7,10,12,15,17,18,22,28,36,39,43,45,46,49,50,51,53,56,66,70
,13:00,2,6 484 966,2,4,7,11,13,18,19,23,26,29,43,46,50,53,54,55,56,62,66,70
,13:00,3,0 572 883,6,8,9,10,13,15,16,18,22,24,29,33,38,39,48,49,55,59,68,70
,13:00,2,3 240 748,6,16,26,30,32,35,36,40,43,44,45,50,51,55,57,61,62,65,67,68
,13:00,2,9 491 859,2,4,7,12,13,19,24,25,32,36,37,38,45,55,58,60,61,62,69,70
,13:00,3,5 995 459,4,6,11,16,18,22,31,32,34,35,42,43,48,50,51,57,60,61,64,67
,13:00,2,5 159 148,5,6,8,12,18,23,25,28,30,38,40,43,45,56,59,63,64,65,68,69
,13:00,3,6 087 659,3,7,12,20,21,26,27,29,31,33,34,41,44,45,48,59,62,66,67,68
,13:00,5,4 402 898,2,6,7,9,12,13,17,19,23,26,27,32,33,37,38,39,56,57,60,65
,13:00,2,0 262 619,4,5,6,8,12,17,18,22,24,29,34,37,41,55,57,58,59,61,66,68
,13:00,2,1 399 070,2,3,5,7,11,13,14,18,21,26,29,39,42,43,46,48,50,57,63,66
,13:00,3,1 836 494,3,8,11,13,14,22,23,25,33,35,36,40,45,46,47,53,57,60,62,63
,13:00,2,8 308 333,2,3,5,7,10,14,15,22,23,24,27,28,45,47,52,53,59,65,66,68
,13:00,2,1 935 046,1,3,8,11,21,23,26,28,31,32,34,35,36,38,40,43,56,57,58,66
,13:00,2,2 978 362,1,5,9,23,26,29,31,34,35,38,39,43,44,48,53,57,58,59,67,70
,13:00,2,1 123 243,1,4,7,8,9,11,13,17,24,25,33,37,38,39,43,47,50,56,59,69
,13:00,2,3 947 417,2,4,9,13,14,15,28,37,39,42,43,45,50,52,62,63,64,67,68,70
,13:00,3,7 146 527,14,17,19,21,24,29,32,34,35,37,38,39,40,44,48,50,52,64,65,66
,13:00,2,9 896 189,1,5,6,8,13,15,22,23,25,28,33,38,41,46,51,58,60,64,66,70
,13:00,3,4 491 698,2,5,8,16,19,20,24,27,28,31,34,38,40,48,53,58,60,61,66,69
,13:00,2,9 684 134,7,14,20,21,25,28,29,30,32,37,39,45,49,54,57,58,59,60,62,66
,13:00,3,4 164 312,3,4,5,6,22,23,27,28,31,35,36,40,45,48,50,51,57,65,67,70
,13:00,3,7 926 388,12,16,17,19,22,28,31,34,35,36,37,45,47,49,50,55,57,66,69,70
,13:00,3,2 690 392,3,4,9,12,14,20,24,25,32,36,37,38,43,45,46,48,52,53,56,65
,13:00,2,6 838 995,1,3,11,15,17,18,25,26,27,30,32,34,37,40,41,46,53,63,66,70
,13:00,2,3 983 235,2,6,11,12,16,19,28,32,35,36,37,38,39,47,53,54,59,62,64,68
,13:00,2,2 535 267,1,7,12,16,18,19,21,25,26,31,32,36,38,41,42,55,56,57,63,70
,13:00,3,5 121 966,1,10,14,15,20,24,25,27,30,33,35,45,48,50,55,57,61,62,64,68
,13:00,3,5 302 895,4,8,16,21,33,34,35,36,37,41,44,45,46,49,51,52,56,58,59,64
,13:00,3,3 160 189,3,6,9,10,17,18,20,27,38,39,47,48,52,53,55,58,60,65,66,69
,13:00,3,4 174 839,4,6,7,9,16,20,22,30,32,37,43,46,47,49,52,59,60,65,66,67
,13:00,2,6 990 160,2,3,4,5,7,8,10,11,12,13,14,15,18,21,25,31,46,50,57,63
,13:00,2,1 018 096,3,5,12,14,16,18,24,26,28,31,36,37,47,49,54,55,57,59,65,66
,13:00,2,2 393 199,3,8,13,14,17,25,26,28,33,34,38,39,42,49,53,54,57,60,61,70
,13:00,2,4 085 243,1,4,11,14,15,18,20,25,31,34,42,44,45,50,55,59,61,66,68,69
,13:00,3,1 489 924,2,4,15,16,21,25,33,34,39,41,42,44,48,50,55,56,59,60,63,65
,13:00,2,0 454 533,1,6,7,8,10,19,23,24,28,34,38,40,41,43,54,56,57,63,69,70
,13:00,2,8 309 673,6,9,11,13,14,24,26,28,32,36,37,41,44,46,48,49,60,61,64,68
,13:00,3,6 855 141,1,3,7,22,23,24,29,30,32,33,34,36,40,41,42,45,46,51,52,54
,13:00,2,1 545 347,1,6,9,10,15,18,21,24,26,29,30,31,33,34,37,52,53,54,57,67
,13:00,3,1 125 367,5,8,9,16,19,20,26,27,29,33,35,37,38,40,46,47,51,55,66,67
,13:00,3,5 988 636,5,10,13,15,20,21,24,26,27,34,44,46,47,48,49,55,58,60,68,70
,13:00,2,7 233 958,2,3,4,10,12,18,24,28,30,31,39,41,42,55,57,58,60,65,67,68
,13:00,2,5 629 433,1,5,16,21,23,28,29,33,38,44,50,51,52,53,55,56,57,63,69,70
,13:00,2,1 493 099,3,4,6,8,9,10,11,19,22,25,37,38,39,41,43,50,54,61,64,70
,13:00,2,7 171 866,4,9,11,12,17,18,26,36,40,43,50,53,54,57,59,60,63,64,66,68
,13:00,3,5 354 543,1,5,9,18,21,23,27,29,30,35,37,39,40,47,48,50,60,62,63,68
,13:00,3,0 668 842,6,8,9,12,15,19,20,22,24,26,28,31,33,35,46,50,54,56,59,64
,13:00,2,9 966 367,2,11,12,13,15,18,22,26,27,30,31,34,36,41,57,62,63,64,69,70
,13:00,2,7 307 811,3,4,15,20,23,32,38,41,42,43,44,45,47,50,52,54,55,56,58,65
,13:00,2,2 627 107,6,17,19,23,24,26,34,35,43,45,48,50,52,54,55,56,57,60,65,69
,13:00,2,9 059 780,1,2,3,9,14,15,23,25,32,34,47,50,56,57,59,61,62,63,65,70
,13:00,2,4 327 464,2,8,9,11,12,14,15,16,19,23,24,25,37,38,46,51,52,56,60,64
,13:00,2,2 171 106,1,2,5,6,13,21,22,25,32,33,36,40,42,46,47,48,59,64,66,70
,13:00,2,6 477 689,4,5,13,14,18,19,23,25,30,31,34,36,40,46,54,56,62,66,69,70
,13:00,3,5 269 541,1,2,3,10,11,12,15,29,30,37,40,46,47,51,58,59,61,64,65,69
,13:00,3,4 535 126,2,4,6,9,10,16,20,22,25,28,30,34,36,38,45,53,54,55,66,67
,13:00,2,1 161 141,4,11,12,14,17,19,20,21,23,29,30,42,45,55,56,59,60,62,67,68
,13:00,3,2 738 216,4,5,7,10,23,32,34,37,40,43,46,47,48,52,55,58,61,62,64,69
,13:00,2,4 599 871,1,2,3,5,11,12,13,16,20,24,25,28,35,36,37,39,48,49,51,64
,13:00,2,7 654 737,1,5,7,11,12,13,14,15,23,24,25,29,31,33,34,38,41,56,68,70
,13:00,3,9 449 205,9,10,11,17,19,22,24,27,28,34,36,46,50,53,54,56,58,61,66,70
,13:00,3,2 180 528,5,9,11,13,17,19,25,26,27,28,30,31,35,39,47,48,53,56,59,61
,13:00,2,2 403 812,9,12,16,17,25,28,35,37,42,47,50,52,54,55,56,58,62,65,66,69
,13:00,3,8 407 700,1,7,13,14,18,23,31,32,38,39,41,45,48,49,54,55,56,65,68,70
,13:00,2,4 665 025,1,4,9,11,21,30,35,37,39,40,44,48,53,55,61,62,64,67,68,69
,13:00,2,5 416 259,3,4,5,7,10,12,17,19,32,33,36,37,44,45,46,52,53,57,65,68
,13:00,3,3 807 390,2,9,12,13,18,19,25,27,29,38,47,48,50,51,55,59,60,63,67,68
,13:00,2,4 243 340,2,7,13,19,22,25,32,34,37,41,43,44,46,48,54,55,59,62,63,68
,13:00,10,7 327 833,4,13,16,17,19,23,25,33,35,39,41,46,47,54,55,60,62,65,68,69
,13:00,2,0 790 388,1,3,4,6,9,10,16,19,25,30,33,38,42,44,45,51,52,58,62,68
,13:00,2,8 677 629,3,12,15,20,22,23,26,27,31,37,38,40,41,48,54,55,56,64,65,70
,13:00,2,2 478 464,11,15,16,19,22,24,27,28,32,35,37,38,40,42,47,58,59,60,68,69
,13:00,2,1 408 851,1,3,5,8,10,11,13,15,24,25,26,37,38,40,46,49,58,60,61,64
,13:00,3,0 612 160,2,3,8,14,15,28,31,35,37,38,42,46,48,52,54,56,57,60,65,70
,13:00,2,4 714 570,1,2,9,10,12,19,20,22,24,26,28,32,39,40,42,55,59,65,66,68
,13:00,3,0 466 781,5,9,11,18,23,24,26,27,28,30,31,32,41,46,55,62,63,65,67,70
,13:00,2,7 804 579,5,8,10,11,12,21,22,24,26,29,33,37,47,48,49,51,53,56,63,69
,13:00,3,1 205 534,5,6,14,17,18,21,22,24,25,26,27,34,37,46,47,48,49,50,55,62
,13:00,3,4 568 754,2,3,4,7,14,15,16,20,21,22,23,31,37,45,46,48,52,54,61,67
,13:00,2,2 588 461,1,2,3,9,10,14,16,17,33,36,45,50,53,55,63,64,66,67,69,70
,13:00,2,3 168 157,4,5,7,17,18,23,24,25,26,30,36,37,40,43,44,55,57,59,60,64
,13:00,3,7 905 414,3,10,11,13,15,25,26,30,32,35,43,45,46,48,54,56,58,63,64,67
,13:00,3,3 657 198,6,14,18,21,23,27,30,34,37,39,41,45,46,48,50,51,53,55,58,64
,13:00,2,8 854 187,1,5,7,10,11,17,18,19,21,23,24,26,29,32,35,47,57,60,61,62
,13:00,2,2 549 928,1,3,4,5,7,12,23,25,29,31,35,36,40,41,42,44,50,57,60,66
,13:00,3,0 964 420,1,4,5,10,12,15,23,24,25,27,29,32,33,39,43,53,55,60,63,64
,13:00,2,8 340 192,5,6,9,10,11,13,18,21,22,24,28,38,46,47,53,54,58,60,65,68
,13:00,2,2 356 910,1,6,7,15,19,20,24,28,29,31,33,36,39,45,50,51,52,56,57,65
,13:00,3,1 375 174,9,12,13,14,25,27,28,30,34,35,38,44,45,46,48,52,53,60,62,69
,13:00,2,3 150 438,10,11,14,18,21,22,25,27,34,37,46,47,52,53,56,63,64,66,67,70
,13:00,5,8 229 935,7,8,11,12,14,15,19,20,23,29,34,36,44,46,48,50,52,55,63,69
,13:00,2,8 678 706,2,15,16,18,23,26,28,30,31,39,42,46,47,48,51,53,54,63,64,69
,13:00,3,9 210 599,4,12,13,16,18,20,26,28,30,32,33,37,39,40,44,48,64,65,68,70
,13:00,3,0 295 199,12,16,17,19,23,26,30,31,36,38,42,43,44,47,48,49,53,58,59,61
,13:00,3,1 955 434,4,7,17,19,20,22,26,30,31,32,34,41,43,47,53,57,58,59,65,69
,13:00,2,8 617 344,2,6,8,10,16,17,21,25,27,28,30,37,39,45,48,57,58,60,67,70
,13:00,3,2 990 876,1,6,9,11,21,23,26,28,31,37,41,43,44,45,47,48,49,54,56,59
,13:00,3,4 484 021,1,7,13,14,17,20,24,28,30,35,36,38,41,45,47,52,55,58,60,66
,13:00,2,4 327 258,4,8,10,14,17,20,21,33,38,39,45,48,50,54,58,59,63,64,65,68
,13:00,2,9 443 289,4,7,10,13,16,18,19,20,29,43,44,45,47,50,57,61,62,64,66,70
,13:00,2,8 695 795,5,8,11,13,16,19,20,30,33,37,39,43,44,50,52,56,62,64,68,69
,13:00,3,4 040 219,2,3,6,8,17,18,20,21,26,27,29,31,34,46,48,51,56,64,69,70
,13:00,3,1 721 076,4,5,7,15,17,18,20,24,29,30,37,44,47,48,52,55,56,61,66,69
,13:00,3,7 657 913,2,3,14,15,25,27,31,32,37,38,39,42,45,46,48,49,58,62,64,68
,13:00,3,2 206 643,1,5,8,15,18,26,28,29,30,36,39,46,49,50,52,55,62,65,68,70
,13:00,2,5 190 378,10,11,13,14,19,28,29,34,41,48,50,51,52,54,60,62,66,67,68,69
,13:00,3,6 269 953,1,7,12,14,18,22,23,25,31,33,34,42,43,44,46,47,57,64,65,67
,13:00,3,8 527 439,1,3,5,12,15,16,17,20,25,31,32,37,39,48,50,51,52,55,56,67
,13:00,3,9 824 126,5,7,10,17,18,20,21,24,26,29,36,37,38,42,56,58,62,65,66,68
,13:00,2,6 129 827,5,13,15,20,22,23,24,25,28,29,32,37,42,53,54,60,63,65,67,69
,13:00,2,6 601 519,1,2,4,20,26,29,33,34,35,39,41,45,46,48,51,57,58,59,60,69
,13:00,3,7 435 332,1,4,6,7,8,12,22,25,30,34,43,47,48,49,55,57,59,60,64,70
,13:00,2,8 602 887,1,5,6,8,9,13,14,19,23,25,26,33,34,48,50,51,53,61,62,69
,13:00,3,7 047 208,2,3,10,14,21,22,29,31,38,39,40,42,47,48,49,55,59,60,61,70
,13:00,3,6 683 922,1,3,4,5,15,17,18,19,23,32,36,40,43,50,52,57,59,62,66,69
,13:00,2,4 071 181,2,5,9,11,15,26,27,28,32,40,42,45,49,52,53,63,67,68,69,70
,13:00,3,1 245 484,9,16,25,27,31,35,37,38,39,40,41,42,45,47,55,59,61,63,67,70
,13:00,2,3 490 296,3,4,5,8,14,18,20,22,24,31,33,34,36,39,40,52,53,62,65,67
,13:00,3,8 595 562,4,9,17,18,19,22,26,32,34,35,37,42,44,46,49,56,57,59,62,65
,13:00,2,1 129 004,6,7,9,11,15,19,23,29,31,32,37,43,46,48,53,56,57,59,60,67
,13:00,2,4 262 271,1,10,11,17,18,19,20,23,25,27,28,30,32,36,40,43,56,57,63,64
,13:00,3,3 933 486,2,6,7,13,15,18,25,31,33,35,37,39,46,47,52,60,63,67,68,69
,13:00,2,1 452 770,1,4,6,8,11,15,16,18,23,27,30,31,32,44,45,46,49,55,63,69
,13:00,2,8 884 672,6,7,9,14,18,19,22,25,33,34,35,36,39,40,45,47,48,52,54,55
,13:00,2,4 369 353,1,2,5,6,10,13,15,21,25,31,34,36,37,42,46,48,55,61,69,70
,13:00,5,8 648 604,3,9,12,13,14,18,19,23,26,28,29,30,38,41,42,46,49,51,55,59
,13:00,3,5 770 857,2,12,16,18,19,23,26,27,30,31,38,39,42,43,47,48,50,54,61,67
,13:00,2,2 721 925,8,13,14,16,18,33,37,44,45,46,47,48,53,54,55,56,57,58,61,70
,13:00,2,5 241 258,4,5,10,13,14,18,20,21,22,25,26,27,34,37,38,43,47,51,59,64
,13:00,2,4 437 809,2,4,18,19,20,24,27,34,36,40,42,46,50,52,55,57,58,61,65,68
,13:00,3,8 656 693,1,3,5,8,11,12,16,21,26,27,32,35,37,42,45,58,63,65,68,70
,13:00,3,1 860 504,2,6,10,14,19,22,25,27,30,32,39,42,44,48,51,53,55,56,62,63
,13:00,3,6 855 034,1,5,10,16,21,23,26,30,32,33,34,36,42,46,50,52,55,61,68,69
,13:00,3,1 346 543,4,7,10,12,15,18,23,27,29,39,44,49,51,54,56,60,61,64,65,67
,13:00,3,1 329 305,2,3,7,13,14,22,25,26,27,33,36,38,44,47,51,52,53,59,60,67
,13:00,3,1 777 210,1,6,16,18,21,28,29,32,36,39,41,42,49,52,53,58,62,64,65,66
,13:00,2,1 599 846,4,5,8,14,25,28,30,31,38,39,43,45,47,48,50,57,58,59,60,69
,13:00,3,1 471 429,3,7,11,15,16,19,21,27,28,33,41,50,52,53,55,56,63,66,67,70
,13:00,3,3 955 124,8,10,14,15,18,20,21,22,26,27,35,42,44,47,48,53,55,59,64,70
,13:00,2,4 658 492,4,6,13,15,17,26,30,31,32,36,37,39,44,47,51,56,60,64,65,69
,13:00,2,9 168 846,4,5,7,9,12,13,16,17,23,24,27,36,37,39,44,52,54,60,61,70
,13:00,2,3 274 967,2,10,11,12,13,15,16,19,21,28,29,39,41,43,57,61,62,64,68,70
,13:00,3,0 292 836,1,2,3,6,15,16,22,30,31,33,38,42,43,47,49,55,57,58,63,70
,13:00,3,3 067 001,4,6,14,15,21,26,27,29,30,34,35,38,39,46,47,52,54,59,62,70
,13:00,2,8 528 770,8,9,14,15,16,18,21,25,31,32,35,41,46,49,51,53,54,59,61,69
,13:00,2,6 505 542,3,13,14,17,20,37,42,45,48,50,52,55,56,58,62,64,65,68,69,70
,13:00,2,5 807 565,4,8,14,21,23,28,29,31,33,38,44,47,50,51,58,61,64,65,67,69
,13:00,2,1 834 484,6,8,12,13,15,16,17,24,30,35,36,38,39,40,44,47,49,57,60,66
,13:00,3,0 607 898,6,16,19,20,27,30,31,32,37,41,46,48,49,56,57,58,59,60,61,63
,13:00,2,0 728 760,3,6,9,27,29,30,31,33,34,35,36,39,40,41,47,54,55,57,61,66
,13:00,2,5 519 531,2,3,6,8,10,13,17,20,28,35,36,44,47,48,51,58,63,64,67,70
,13:00,2,1 644 355,1,5,12,21,25,26,32,38,44,45,46,51,52,53,56,57,63,66,67,69
,13:00,3,6 086 312,4,6,12,14,18,25,28,33,38,40,42,45,47,54,55,58,62,65,66,69
,13:00,5,2 640 522,2,3,5,6,17,18,19,26,28,29,34,35,38,42,46,50,54,57,65,66
,13:00,3,1 086 098,10,18,25,29,30,35,38,40,43,44,45,47,50,55,56,57,58,60,61,68
,13:00,2,3 066 911,1,6,7,11,16,19,20,21,23,26,38,40,46,49,50,51,57,60,61,67
,13:00,2,0 203 122,3,8,9,10,11,12,18,27,33,35,37,40,41,45,47,51,53,57,65,69
,13:00,3,7 304 967,5,9,13,19,25,26,27,30,31,33,39,40,44,46,47,56,61,67,68,70
,13:00,2,8 930 855,2,12,16,17,18,30,31,33,35,38,40,41,45,49,53,59,61,64,67,68
,13:00,2,6 894 214,3,4,7,8,9,11,17,18,26,27,40,42,45,47,52,53,59,62,66,68
,13:00,2,5 547 951,4,8,13,16,18,19,21,30,36,37,38,39,41,42,51,54,58,59,63,70
,13:00,2,4 205 832,2,3,4,7,8,13,14,16,25,27,32,33,44,47,51,54,56,63,67,70
,13:00,2,0 116 808,3,4,5,9,11,13,14,17,18,20,27,32,48,53,56,58,59,61,67,68
,13:00,2,1 617 151,1,5,6,7,8,10,17,19,21,26,27,34,38,41,42,44,45,54,60,66
,13:00,2,9 424 231,5,7,12,14,18,21,24,25,29,30,33,40,47,54,56,60,61,62,64,69
,13:00,3,2 515 795,12,14,15,17,19,27,32,35,42,44,46,48,51,52,54,57,58,59,63,70
,13:00,2,2 955 892,5,9,11,12,15,24,28,31,35,40,42,44,45,47,54,60,61,66,67,68
,13:00,3,3 221 581,2,8,14,18,20,22,25,28,30,39,41,44,45,52,53,54,56,57,64,68
,13:00,3,5 377 831,5,11,19,22,23,29,36,37,39,40,48,54,55,58,59,60,64,65,68,70
,13:00,3,1 300 234,2,4,7,9,15,17,18,19,22,26,39,41,46,47,51,60,61,63,66,68
,13:00,2,8 024 116,2,3,4,8,12,14,20,21,27,33,34,40,43,49,50,54,55,56,58,63
,13:00,3,3 870 335,1,8,11,13,14,19,28,31,33,37,46,48,49,52,56,57,60,62,63,65
,13:00,2,7 880 764,1,10,11,17,19,21,25,29,35,43,47,51,54,55,58,61,63,64,65,69
,13:00,3,4 992 129,1,3,7,15,17,27,28,29,31,36,42,43,44,49,56,60,64,68,69,70
,13:00,3,0 710 873,5,8,9,10,22,35,36,38,42,44,47,49,50,53,54,55,57,60,61,67
,13:00,2,4 157 147,5,9,11,12,15,17,20,21,38,39,41,46,51,56,57,63,65,67,68,70
,13:00,2,4 122 942,6,10,14,18,21,25,32,36,39,41,42,44,48,50,54,56,58,59,60,67
,13:00,2,0 564 007,2,6,13,14,17,18,28,32,34,37,45,46,50,54,57,58,59,62,64,65
,13:00,2,8 407 945,4,11,22,24,27,28,29,31,32,33,36,41,43,46,48,51,54,59,65,69
,13:00,2,9 311 408,15,19,21,22,24,25,27,28,34,37,38,40,41,42,52,53,61,63,64,68
,13:00,3,1 208 885,5,12,14,19,20,21,22,23,34,38,39,40,42,52,53,54,57,62,65,68
,13:00,2,7 711 244,4,6,8,11,15,16,19,22,29,35,38,39,40,47,50,59,62,64,66,68
,13:00,3,4 018 755,1,5,7,8,11,12,21,27,28,29,30,33,38,42,55,61,62,63,66,68
,13:00,3,4 749 667,3,6,8,16,17,18,32,35,39,41,42,46,49,51,57,62,64,65,67,68
,13:00,2,2 722 027,1,2,4,7,13,17,19,26,27,36,40,46,48,50,51,55,62,66,68,69
,13:00,2,1 944 488,2,3,10,12,20,29,30,31,32,33,34,35,44,48,51,59,60,61,62,63
,13:00,2,6 218 253,9,10,16,23,25,31,32,37,39,44,45,48,55,57,59,62,66,67,68,69
,13:00,2,9 485 469,10,12,17,18,24,27,35,37,38,40,41,42,43,47,52,57,62,65,67,70
,13:00,3,0 554 774,2,3,6,11,14,15,21,30,41,44,46,48,49,53,57,59,61,66,67,70
,13:00,2,9 322 953,3,8,9,10,15,20,24,29,34,37,38,39,46,47,51,59,62,65,66,68
,13:00,2,3 307 401,7,8,10,14,21,22,24,26,28,33,34,38,41,43,44,54,57,66,68,69
,13:00,2,2 205 073,4,6,7,12,15,25,26,35,37,40,46,47,48,53,54,55,57,58,63,70
,13:00,3,9 692 592,4,7,11,14,19,20,21,22,23,24,28,29,34,43,49,55,58,59,62,70
,13:00,3,0 627 517,9,11,13,14,19,26,28,30,33,36,41,42,43,44,49,52,57,62,69,70
,13:00,2,9 489 055,1,5,6,9,10,16,22,23,24,26,31,38,40,42,47,53,56,60,62,64
,13:00,5,6 987 712,3,4,5,7,10,16,21,35,36,39,41,45,46,47,50,51,56,63,67,68
,13:00,2,1 910 957,4,9,13,15,17,19,21,22,23,35,38,39,48,52,53,60,66,68,69,70
,13:00,3,7 612 350,4,8,14,18,19,20,21,23,29,33,36,44,47,48,49,62,64,67,69,70
,13:00,2,4 544 939,4,6,8,10,17,21,22,23,29,34,36,43,46,51,54,63,64,65,67,68
,13:00,3,8 446 129,2,3,12,16,17,22,23,26,28,30,35,41,45,50,51,52,59,61,63,67
,13:00,3,6 051 904,4,6,10,13,24,27,30,31,32,35,37,38,39,43,45,52,61,65,66,67
,13:00,2,1 509 630,3,12,17,22,25,28,30,34,38,47,48,49,51,52,58,63,66,67,69,70
,13:00,2,3 092 725,2,4,5,6,7,8,12,16,18,19,22,28,40,41,45,49,50,52,58,64
,13:00,3,2 462 822,2,5,9,14,18,19,21,25,26,32,35,45,47,50,51,53,54,59,62,63
,13:00,3,3 286 597,6,9,13,15,22,26,28,29,37,40,41,44,46,48,50,56,58,61,67,69
,13:00,2,5 802 885,8,16,19,20,23,27,28,31,33,37,39,43,44,47,48,55,60,61,67,69
,13:00,2,2 113 864,3,8,9,11,16,17,18,20,21,26,27,29,35,37,38,42,60,65,67,68
,13:00,2,5 575 037,1,4,6,10,12,13,14,17,18,19,27,34,39,42,44,49,54,60,64,68
,13:00,3,0 804 351,1,8,9,14,22,25,26,27,30,32,36,44,45,47,49,50,55,67,68,69
,13:00,3,9 426 356,5,15,16,20,22,23,26,29,30,32,44,47,49,50,56,57,60,63,64,69
,13:00,3,8 373 222,7,8,17,20,23,24,25,27,28,34,35,38,43,45,47,48,58,59,64,68
,13:00,3,4 196 928,6,9,12,18,20,26,27,29,33,38,45,47,48,49,51,54,55,59,64,68
,13:00,3,4 722 422,1,7,16,18,20,27,30,32,37,38,40,43,45,47,49,57,63,65,68,69
,13:00,2,9 633 224,1,3,5,7,10,13,25,28,34,36,37,40,42,43,45,50,52,55,58,69
,13:00,2,4 039 235,9,11,15,17,20,21,25,26,38,39,41,46,47,56,57,60,63,64,65,68
,13:00,3,3 333 408,1,5,11,13,15,21,30,33,34,37,38,41,42,43,50,53,58,66,67,70
,13:00,3,9 229 766,10,11,12,13,16,18,22,25,26,30,34,41,42,43,50,51,56,57,63,68
,13:00,3,7 593 015,2,3,7,10,12,14,16,20,21,23,36,37,44,45,49,52,53,61,69,70
,13:00,3,3 969 833,1,4,5,9,10,12,14,17,18,32,35,37,38,41,42,49,50,51,55,61
,13:00,2,1 795 683,3,9,14,17,19,23,25,28,34,36,37,45,46,47,50,55,62,64,67,69
,13:00,3,8 065 075,10,11,16,18,22,25,26,29,30,33,41,50,53,54,55,57,58,59,61,69
,13:00,2,1 160 594,1,3,5,6,9,17,18,19,21,24,30,31,32,35,42,45,46,64,67,68
,13:00,3,6 087 783,8,12,13,14,15,16,17,27,33,38,44,45,46,47,48,50,57,63,64,70
,13:00,3,2 631 237,5,10,18,21,27,29,32,39,40,44,47,49,50,54,55,61,62,66,69,70
,13:00,3,9 895 147,1,7,11,13,14,19,21,29,32,39,42,46,48,50,51,58,64,65,68,70
,13:00,3,8 025 254,6,16,22,23,25,28,29,30,31,38,41,43,44,46,47,51,60,63,64,66
,13:00,2,1 127 977,7,9,11,12,13,15,16,29,31,41,42,44,48,49,52,58,63,64,65,68
,13:00,3,6 591 030,2,11,14,17,19,25,28,29,32,41,42,49,50,51,53,57,58,59,60,70
,13:00,3,6 253 783,7,9,14,16,21,23,25,27,28,32,34,38,45,47,57,61,62,66,68,70
,13:00,3,3 116 198,3,4,6,8,11,19,21,25,26,27,34,36,45,46,47,55,56,60,65,66
,13:00,2,6 733 873,10,13,14,18,19,21,27,29,30,34,40,43,45,47,49,52,63,66,67,69
,13:00,2,9 924 574,10,12,15,16,24,26,32,37,39,42,45,46,48,50,51,57,58,60,63,67
,13:00,3,0 481 913,4,18,19,24,26,28,29,30,34,37,38,40,49,51,57,58,59,62,64,65
,13:00,2,7 453 556,1,3,4,5,6,10,17,19,23,24,27,42,44,45,48,51,52,53,63,69
,13:00,2,2 212 475,1,2,6,12,13,18,28,29,31,34,39,40,42,48,49,51,56,57,66,70
,13:00,2,3 826 227,1,4,8,9,13,19,27,35,36,37,40,45,46,50,52,56,57,58,66,67
,13:00,2,9 633 221,8,12,17,19,20,22,27,30,32,41,47,51,56,57,58,63,64,68,69,70
,13:00,3,8 424 606,1,10,15,16,18,22,23,24,30,34,36,38,41,45,47,53,57,58,66,68
,13:00,2,3 118 227,4,5,6,8,15,18,22,25,27,32,36,38,40,41,50,51,56,62,64,68
,13:00,2,8 751 680,3,11,12,17,22,23,25,27,37,41,48,53,55,56,58,59,63,64,69,70
,13:00,3,9 762 767,2,9,12,14,15,16,19,20,21,23,24,25,34,35,39,42,43,51,57,66
,13:00,3,4 731 738,1,10,11,16,17,26,38,40,43,45,46,48,49,53,57,58,59,60,66,67
,13:00,2,6 034 397,5,8,17,19,20,25,27,30,31,36,40,43,44,47,54,56,58,66,69,70
,13:00,3,3 686 380,1,8,9,12,21,22,24,25,36,39,41,46,48,49,51,53,55,56,65,66
,13:00,2,3 716 253,4,5,11,12,15,16,18,19,25,31,35,40,43,46,47,56,63,65,68,70
,13:00,3,1 766 239,6,8,11,12,13,15,19,21,22,24,31,32,33,40,45,52,62,64,67,69
,13:00,2,3 419 434,6,11,20,21,25,31,34,36,37,39,41,46,47,53,54,55,58,59,67,70
,13:00,2,1 651 848,1,8,12,15,16,18,22,23,25,33,34,35,38,41,47,50,52,54,58,63
,13:00,2,8 788 050,3,6,11,12,13,14,15,19,21,25,31,36,38,57,62,64,67,68,69,70
,13:00,3,1 483 912,4,6,9,10,15,26,33,34,37,42,43,51,54,55,58,59,61,62,66,70
,13:00,2,4 807 282,1,6,7,10,21,26,29,31,32,35,39,40,43,46,52,53,62,63,68,70
,13:00,2,8 110 852,2,6,7,11,15,22,26,27,31,34,35,40,46,48,52,53,55,61,62,66
,13:00,3,8 918 274,11,15,16,22,24,25,31,32,41,43,47,48,51,55,60,63,64,67,69,70
,13:00,2,3 253 333,1,6,9,12,17,19,23,28,31,37,40,41,43,45,48,49,64,65,67,70
,13:00,3,8 543 246,2,9,10,11,14,15,24,35,36,38,44,45,47,50,51,52,55,62,63,70
,13:00,3,9 094 810,7,10,16,24,25,26,33,34,40,41,46,51,52,54,56,58,63,66,67,68
,13:00,2,6 699 269,2,4,5,13,15,16,26,29,32,33,38,39,40,41,42,44,45,49,52,58
,13:00,2,9 195 382,1,4,7,12,15,17,21,22,23,27,29,32,44,46,47,50,54,56,63,64
,13:00,3,2 293 065,2,3,5,20,21,30,33,36,42,49,50,51,54,56,60,62,63,64,65,66
,13:00,3,5 407 940,2,5,6,9,16,17,19,23,24,28,31,32,36,38,42,43,44,45,57,63
,13:00,3,1 960 417,1,2,6,13,20,21,22,23,30,31,41,46,47,49,56,58,62,63,69,70
,13:00,3,8 563 924,1,2,3,7,15,19,27,29,34,36,40,42,44,45,57,58,62,63,66,68
,13:00,2,2 543 938,3,4,9,13,14,15,20,22,23,29,32,33,42,47,58,59,61,63,66,67
,13:00,2,9 654 421,7,10,12,13,16,18,20,26,27,33,34,44,50,52,54,59,63,65,67,69
,13:00,2,3 652 234,1,2,4,5,8,14,15,23,26,37,38,40,51,54,56,58,61,62,66,68
,13:00,2,4 036 881,1,3,8,10,20,21,22,24,30,32,35,41,42,45,48,58,62,63,64,68
,13:00,2,1 768 381,7,8,13,15,18,21,24,28,29,33,37,40,41,42,43,51,56,61,64,69
,13:00,2,3 104 228,1,4,6,13,15,16,19,20,32,33,34,37,40,44,46,49,52,56,65,69
,13:00,3,9 052 425,3,8,9,12,19,21,24,26,29,35,36,37,43,45,46,51,53,57,58,61
,13:00,3,4 731 590,16,19,20,24,27,28,30,33,36,37,38,40,42,49,50,52,54,56,60,67
,13:00,3,5 621 607,1,3,8,12,15,19,22,27,28,31,32,37,41,43,51,60,61,62,65,70
,13:00,3,4 913 423,1,11,20,21,26,27,31,32,33,35,40,42,50,51,52,53,61,63,65,70
,13:00,5,1 420 756,3,5,15,24,25,26,29,30,34,35,37,40,43,46,47,53,61,64,66,68
,13:00,2,2 015 946,1,3,5,6,7,10,12,14,31,33,36,44,45,48,49,55,61,63,66,70
,13:00,3,2 814 531,5,7,9,10,13,15,16,25,27,28,30,34,39,40,41,44,46,50,61,62
,13:00,2,3 243 390,4,8,10,11,16,19,21,22,24,29,45,50,51,52,54,58,59,61,62,64
,13:00,3,2 169 614,1,8,11,18,20,21,23,24,28,31,36,37,38,52,56,57,59,64,69,70
,13:00,2,0 910 770,3,9,15,18,19,21,29,32,35,36,39,40,51,57,60,62,64,65,67,70
,13:00,2,4 042 252,1,2,9,10,12,13,16,21,34,35,36,37,39,40,44,49,50,52,69,70
,13:00,2,3 380 235,10,11,19,22,23,25,27,28,34,38,40,41,48,49,55,59,60,63,66,69
,13:00,2,4 337 184,1,4,15,20,21,26,28,29,31,33,36,37,41,43,44,53,54,58,60,70
,13:00,2,5 201 545,1,2,8,12,13,18,22,24,29,33,41,42,44,50,51,55,56,57,60,66
,13:00,2,2 508 063,12,17,19,21,25,27,28,29,33,36,42,45,46,50,52,53,57,64,67,69
,13:00,2,5 864 246,1,2,7,10,13,16,19,20,21,23,24,40,47,48,50,53,57,58,59,64
,13:00,2,3 459 093,5,13,15,22,23,25,26,29,35,38,42,48,54,55,56,59,61,64,65,66
,13:00,10,5 160 435,2,3,4,8,13,14,15,27,33,36,46,47,52,54,55,61,63,65,69,70
,13:00,2,4 751 374,2,5,6,8,11,13,17,24,32,34,35,38,39,45,46,51,52,61,63,70
,13:00,2,6 837 538,2,5,10,13,16,21,22,25,27,33,34,35,40,41,43,45,46,56,61,64
,13:00,3,1 431 224,2,3,7,11,12,14,16,18,22,29,32,34,43,44,47,55,56,58,62,65
,13:00,2,2 745 587,3,11,13,14,20,23,26,42,43,46,48,49,50,52,53,60,61,63,67,70
,13:00,2,7 076 356,1,11,15,16,23,25,31,33,34,36,37,46,50,51,52,60,62,65,68,69
,13:00,2,2 596 334,1,2,7,11,13,22,28,32,36,45,47,48,49,51,56,59,62,65,67,69
,13:00,3,5 011 979,3,4,6,7,10,11,12,17,21,22,26,28,30,34,40,41,42,43,60,69
,13:00,2,9 036 743,1,2,3,11,13,17,18,27,30,32,38,46,52,53,55,56,57,61,62,67
,13:00,2,6 695 434,4,5,6,8,13,16,19,24,26,28,32,36,40,43,47,52,58,62,63,68
,13:00,2,0 670 139,3,15,17,20,21,22,24,25,28,30,35,41,50,54,56,57,61,65,66,69
,13:00,2,2 582 351,4,6,7,10,13,27,29,30,43,44,45,47,48,49,52,53,56,59,65,68
,13:00,3,3 209 042,1,3,6,8,20,25,26,27,28,33,35,42,43,52,53,56,58,59,66,70
,13:00,2,0 656 726,4,6,10,15,17,18,20,42,43,51,52,53,54,57,60,61,62,64,66,70
,13:00,2,4 973 018,2,3,7,8,10,12,14,20,21,26,28,31,33,39,40,41,43,50,57,68
,13:00,2,1 845 130,4,8,9,16,17,23,24,28,31,36,38,42,43,50,54,58,59,63,64,65
,13:00,2,6 085 390,4,6,11,21,23,25,32,34,38,39,40,46,50,53,59,61,62,63,66,70
,13:00,2,8 270 148,3,6,8,10,12,14,15,17,22,24,37,41,47,49,56,58,59,62,67,70
,13:00,2,0 067 189,1,10,12,16,21,32,35,36,42,49,50,51,52,56,57,60,61,64,65,66
,13:00,3,4 612 972,1,4,6,7,11,13,19,22,27,28,34,37,48,52,53,54,57,66,67,68
,13:00,2,7 904 255,2,4,7,10,13,14,15,29,32,33,37,38,44,45,52,54,57,58,60,62
,13:00,3,6 662 677,3,7,10,13,17,21,24,26,30,34,38,40,44,47,48,54,58,62,66,68
,13:00,3,3 047 956,7,9,13,14,18,20,22,26,27,29,30,32,37,39,46,49,53,54,61,68
,13:00,2,6 236 490,3,12,16,19,21,24,29,30,34,36,48,49,51,53,56,58,61,62,63,66
,13:00,3,2 723 969,9,14,18,19,20,22,24,33,35,39,43,45,47,50,52,53,59,61,64,66
,13:00,2,1 338 920,2,5,8,11,12,20,22,34,35,36,37,39,42,43,45,46,52,61,65,68
,13:00,3,2 605 465,3,7,11,12,14,18,26,31,36,38,39,41,42,46,48,53,54,59,63,68
,13:00,2,8 533 879,2,3,12,13,15,20,21,23,25,26,29,31,38,41,49,51,54,59,62,67
,13:00,3,5 989 258,5,9,10,15,18,20,24,25,28,30,31,32,37,38,42,51,54,64,68,70
,13:00,2,1 864 657,2,9,11,12,18,20,21,23,24,26,34,38,40,51,52,57,58,61,65,68
,13:00,2,8 880 905,2,3,4,9,12,14,16,17,20,32,36,42,46,55,56,60,61,62,68,70
,13:00,3,5 387 791,1,3,10,11,12,13,16,17,18,20,22,25,27,30,38,48,49,50,56,70
,13:00,3,3 504 168,8,10,16,21,22,25,30,38,39,41,47,50,52,53,57,58,61,65,67,69
,13:00,2,8 951 293,5,6,15,16,28,29,32,34,36,37,39,43,52,54,56,57,59,66,68,69
,13:00,3,5 005 465,2,7,11,15,19,22,25,27,30,34,40,41,42,43,51,60,65,67,68,70
,13:00,2,6 651 704,4,12,13,15,19,26,27,30,32,36,39,42,45,51,53,54,56,58,59,63
,13:00,2,0 483 969,3,8,11,15,16,24,26,27,30,37,38,42,43,44,46,57,58,61,66,70
,13:00,2,7 875 543,1,6,8,13,17,18,20,30,31,35,39,40,43,44,49,52,56,58,68,70
,13:00,2,1 364 939,5,6,7,8,9,13,16,18,23,24,25,29,31,34,40,44,46,47,49,52
,13:00,3,5 018 176,4,6,9,11,16,17,20,22,23,24,39,42,44,45,47,55,58,66,68,70
,13:00,2,2 474 644,2,3,13,14,18,19,20,21,26,34,36,38,39,40,44,46,52,62,64,65
,13:00,3,7 368 387,1,2,3,8,13,14,18,21,28,34,38,42,45,47,49,51,55,58,60,61
,13:00,2,6 073 414,2,3,4,6,8,12,13,17,19,23,24,27,29,36,37,50,51,53,58,63
,13:00,2,3 563 735,2,6,7,12,25,27,32,34,35,37,42,44,55,56,60,61,62,63,64,68
,13:00,2,0 609 278,1,14,15,17,23,24,26,35,39,40,41,44,45,46,47,53,55,63,66,70
,13:00,5,0 388 364,1,4,9,10,18,27,29,30,34,39,40,41,45,46,49,50,51,61,66,70
,13:00,2,0 560 191,2,7,9,10,13,14,16,18,22,32,33,34,35,36,45,52,55,56,59,69
,13:00,2,4 852 318,4,6,8,10,22,25,26,28,29,34,35,39,41,49,53,54,60,61,62,64
,13:00,3,4 142 425,3,5,13,14,15,17,21,23,27,30,31,35,38,43,47,51,54,55,57,63
,13:00,3,9 570 297,3,6,8,11,14,18,24,25,29,32,33,37,48,49,54,56,57,58,59,68
,13:00,2,2 766 592,4,6,7,10,11,12,13,14,20,23,25,26,31,37,44,54,64,65,66,70
,13:00,3,7 753 877,2,4,11,26,27,31,37,39,42,43,45,48,53,59,60,61,63,64,67,69
,13:00,2,9 866 417,8,10,17,21,27,28,29,30,35,40,42,43,44,47,52,54,60,62,63,67
,13:00,3,9 275 254,1,5,8,13,17,18,20,23,25,28,31,32,39,51,52,53,56,62,65,70
,13:00,2,6 126 912,1,5,6,9,12,14,15,18,19,22,23,28,34,39,45,48,53,54,62,68
,13:00,2,5 126 763,2,3,6,14,15,19,20,25,28,32,34,37,44,45,47,48,52,53,61,70
,13:00,2,2 659 557,3,5,7,11,20,28,29,33,35,39,42,43,47,48,52,54,58,59,61,68
,13:00,2,0 592 745,4,10,15,18,27,29,30,31,33,34,35,37,38,53,55,58,59,67,69,70
,13:00,2,5 208 599,7,9,11,17,20,22,25,29,32,36,39,45,46,49,52,53,55,64,69,70
,13:00,3,1 134 545,1,5,10,15,16,19,27,29,30,34,41,43,45,50,57,62,63,65,67,69
,13:00,2,7 918 790,3,5,10,13,17,27,28,33,35,40,44,45,46,48,57,63,65,66,68,69
,13:00,2,3 250 658,2,3,5,6,8,10,12,18,21,29,30,33,39,51,52,53,54,55,57,64
,13:00,2,7 232 382,14,17,20,21,23,25,32,33,34,41,52,54,55,57,58,59,62,64,67,69
,13:00,3,9 410 992,8,9,10,18,21,22,24,25,33,39,40,41,46,50,57,60,62,64,68,70
,13:00,3,0 223 025,1,4,9,12,13,19,20,25,27,33,34,43,44,46,48,54,60,66,69,70
,13:00,2,2 403 182,1,7,10,11,14,21,22,23,31,32,33,35,36,45,46,48,49,52,65,69
,13:00,2,8 726 961,2,4,7,8,9,18,19,21,28,29,32,42,45,47,51,52,61,62,65,66
,13:00,2,4 769 091,2,4,7,15,22,23,24,29,34,35,41,42,46,47,50,59,61,65,66,69
,13:00,3,2 995 637,5,8,11,13,15,16,17,18,19,20,33,39,41,50,54,58,60,63,67,70
,13:00,3,7 745 399,6,9,10,14,18,22,24,28,29,30,35,41,42,43,50,51,54,58,59,69
,13:00,3,5 982 826,3,4,9,10,15,20,21,27,28,30,33,35,38,39,43,44,52,55,60,67
,13:00,2,7 740 161,2,3,8,10,11,22,24,28,31,38,40,42,46,51,52,53,57,59,66,69
,13:00,3,9 485 631,7,8,10,11,18,19,20,27,31,32,34,36,44,46,49,52,59,60,67,69
,13:00,2,5 562 350,7,8,11,13,20,24,25,32,34,36,41,45,48,53,55,57,58,60,67,70
,13:00,2,6 167 872,1,4,5,6,8,10,18,21,22,24,34,40,46,55,56,62,66,68,69,70
,13:00,2,0 741 646,3,4,5,9,17,19,22,27,28,35,42,46,49,54,55,56,61,62,66,70
,13:00,2,8 048 168,3,4,11,13,14,17,20,28,30,31,36,39,49,52,54,55,56,62,64,67
,13:00,2,0 302 476,11,12,13,14,15,17,25,27,31,32,35,37,41,43,45,53,59,62,63,68
,13:00,2,4 976 033,3,5,6,7,9,13,17,25,32,33,34,35,39,41,43,46,50,56,61,63
,13:00,3,9 040 011,2,4,5,8,11,14,22,23,25,26,27,30,38,45,49,50,58,65,66,70
,13:00,2,3 192 238,4,6,8,9,12,14,17,24,31,36,37,40,42,43,51,60,64,65,67,70
,13:00,3,3 848 131,1,3,7,9,10,18,19,20,24,26,32,33,44,51,52,55,56,57,61,66
,13:00,3,9 701 556,1,2,3,7,11,12,16,27,29,30,32,34,37,39,40,49,60,61,65,70
,13:00,2,8 500 140,1,4,12,14,21,24,25,29,33,37,39,40,42,45,49,51,54,66,68,69
,13:00,3,4 429 311,4,5,7,9,11,14,17,21,22,23,24,25,33,37,43,44,49,55,64,70
,13:00,3,1 036 940,1,4,11,12,14,25,26,27,29,31,33,34,44,46,47,54,60,66,67,69
,13:00,2,1 483 298,4,7,10,15,16,18,25,33,34,37,38,39,43,49,52,54,60,65,67,69
,13:00,3,0 605 782,1,4,7,12,15,18,26,29,37,38,41,42,45,48,49,51,52,53,61,62
,13:00,3,7 329 345,2,3,7,10,12,16,22,23,25,33,35,37,38,40,45,54,55,58,62,64
,13:00,2,8 919 047,4,5,6,8,10,12,21,22,23,24,25,28,29,33,34,40,42,48,56,57
,13:00,3,5 764 268,3,4,6,7,11,12,18,26,33,34,37,43,46,48,52,56,60,62,65,70
,13:00,2,5 154 807,1,9,13,16,18,24,30,35,36,38,42,43,47,48,50,55,58,59,65,70
,13:00,2,7 120 788,1,4,5,16,18,19,25,26,28,37,43,49,50,51,56,58,59,60,62,65
,13:00,2,4 696 705,1,4,7,17,20,23,33,37,38,39,41,45,47,58,59,60,65,66,67,69
,13:00,2,8 523 887,3,9,10,12,14,21,25,28,40,42,47,50,51,52,59,60,64,67,69,70
,13:00,5,6 488 601,1,2,8,9,16,21,22,26,27,29,30,34,35,47,48,50,55,61,63,65
,13:00,3,8 821 719,3,5,8,9,12,17,21,22,35,36,37,42,48,49,51,56,59,63,64,69
,13:00,3,8 100 269,1,2,3,5,7,10,11,12,15,22,30,33,39,43,44,56,58,59,67,68
,13:00,2,9 242 316,3,5,6,8,19,20,21,22,25,27,37,41,47,48,53,56,62,63,64,66
,13:00,3,4 692 355,6,14,16,19,26,28,33,35,39,42,45,49,51,57,58,59,63,65,67,68
,13:00,2,0 889 074,2,3,5,9,10,11,12,13,19,20,23,24,34,39,43,46,49,57,68,70
,13:00,2,9 650 029,3,4,8,15,22,23,26,29,30,33,34,37,40,45,51,57,60,63,67,69
,13:00,2,2 559 190,1,7,8,12,14,18,24,26,29,30,31,37,38,39,47,49,51,57,66,68
,13:00,3,9 703 076,4,6,8,10,12,23,26,29,34,40,42,46,47,48,50,51,56,61,67,69
,13:00,3,2 953 174,1,5,7,8,12,15,23,28,35,36,39,41,43,44,47,50,53,54,58,60
,13:00,2,4 971 621,5,8,9,12,13,16,19,25,26,29,34,40,42,43,44,48,49,58,62,67
,13:00,2,4 636 620,2,6,16,18,21,23,24,27,28,33,34,37,42,45,55,56,64,65,66,67
,13:00,2,9 708 854,3,4,5,8,9,10,11,16,20,26,34,36,37,43,48,49,56,57,61,64
,13:00,3,4 948 286,1,3,5,6,7,11,13,14,19,20,24,27,36,41,46,53,55,64,65,68
,13:00,3,3 108 741,4,6,7,11,18,19,22,26,28,29,30,45,49,51,56,58,60,64,65,66
,13:00,2,4 972 962,4,5,6,9,10,12,19,21,24,27,32,34,37,42,44,48,51,56,66,68
,13:00,3,0 045 123,3,4,5,8,13,18,23,25,26,28,33,35,45,48,54,58,59,62,66,70
,13:00,3,1 706 341,11,15,18,19,20,22,24,26,27,32,33,35,47,48,53,56,62,65,69,70
,13:00,2,1 565 733,2,10,11,17,18,21,24,27,28,31,32,36,40,45,48,49,57,61,63,68
,13:00,2,7 323 968,2,3,4,8,9,10,14,15,20,24,29,34,39,45,46,48,51,53,65,70
,13:00,3,3 886 170,8,9,11,12,17,20,22,24,25,26,38,41,43,48,50,51,53,57,64,68
,13:00,2,3 164 663,4,5,7,9,13,29,31,32,33,39,41,48,50,51,53,54,56,60,65,69
,13:00,2,2 075 196,4,8,9,13,18,21,23,24,29,32,33,34,39,47,53,55,61,62,68,70
,13:00,2,5 274 311,1,2,5,8,12,14,17,24,25,31,33,39,44,45,46,52,56,57,60,62
,13:00,2,9 489 322,2,5,7,10,18,19,23,25,28,32,34,38,39,43,46,51,52,53,65,69
,13:00,2,3 112 114,3,6,8,15,17,18,19,21,23,25,30,33,38,39,45,46,48,61,67,68
,13:00,3,6 834 084,3,7,9,11,18,19,28,30,33,37,39,45,50,53,55,63,64,67,68,70
,13:00,2,8 473 554,1,6,8,10,11,13,20,29,32,41,42,47,49,53,57,59,61,63,66,67
,13:00,3,4 421 178,8,9,19,22,26,27,28,36,37,46,48,49,50,57,59,60,61,62,68,69
,13:00,2,1 344 882,6,7,14,15,17,20,23,25,31,39,40,41,43,45,48,49,57,61,64,70
,13:00,2,5 881 304,1,3,4,9,10,12,14,17,20,26,30,33,36,42,50,53,55,56,63,65
,13:00,2,9 092 585,1,3,14,17,31,33,40,42,45,49,51,52,53,56,59,60,63,65,66,68
,13:00,3,9 969 394,1,2,3,12,14,18,21,24,26,29,32,36,38,43,46,51,52,59,61,68
,13:00,2,8 430 065,6,9,11,12,13,15,21,23,25,28,29,34,46,49,52,55,56,63,65,67
,13:00,3,3 871 512,10,12,16,19,21,22,23,26,35,41,45,48,51,52,53,54,55,56,62,69
,13:00,3,0 527 710,2,3,10,11,16,18,26,31,33,35,39,40,42,55,60,62,63,64,65,70
,13:00,3,7 510 317,1,5,8,10,11,12,14,17,24,27,28,31,33,38,43,49,52,54,58,66
,13:00,3,3 525 746,5,6,8,11,22,23,26,27,29,30,32,36,45,54,56,60,64,66,68,70
,13:00,2,2 092 646,5,6,11,12,14,20,25,26,32,39,41,45,49,52,53,59,61,65,66,70
,13:00,2,5 658 433,2,9,11,15,16,20,24,30,32,33,41,42,53,57,58,64,67,68,69,70
,13:00,2,2 663 622,9,10,11,12,13,14,15,16,25,27,36,38,39,45,50,52,62,65,68,69
,13:00,2,4 329 284,3,4,6,13,14,17,19,28,31,34,38,39,41,42,46,47,53,60,67,70
,13:00,2,2 706 376,4,10,11,13,14,15,16,25,28,29,39,48,51,53,55,56,58,61,65,70
,13:00,3,4 236 596,1,5,7,12,14,16,21,27,32,37,44,49,52,53,57,64,65,66,67,70
,13:00,10,0 560 290,4,5,9,18,21,23,24,28,32,33,42,43,47,48,53,56,57,59,67,68
,13:00,2,4 817 198,7,11,13,30,31,35,38,39,40,42,43,44,47,48,51,52,55,56,58,68
,13:00,2,2 095 138,3,4,5,8,9,12,14,15,26,27,29,32,33,37,43,45,52,56,62,63
,13:00,3,2 404 010,3,5,10,15,18,19,27,28,29,31,36,40,41,46,47,48,50,51,59,60
,13:00,2,3 842 490,1,4,6,14,15,17,25,29,36,38,42,43,46,47,54,58,62,65,69,70
,13:00,2,9 240 144,6,11,13,16,18,27,33,38,40,41,42,45,48,49,54,58,59,65,67,69
,13:00,3,3 076 580,1,3,9,11,15,21,27,31,33,35,39,43,46,47,48,49,53,55,62,67
,13:00,2,8 049 072,2,7,8,11,24,25,31,32,34,36,37,45,53,57,58,59,61,62,63,64
,13:00,2,4 021 889,6,7,8,15,16,22,23,25,31,34,37,38,39,40,42,51,55,59,60,70
,13:00,2,1 378 477,7,10,11,12,13,17,20,21,25,27,31,33,37,38,41,51,55,59,63,64
,13:00,2,5 507 649,10,11,13,16,18,20,24,25,29,35,38,44,52,54,55,61,64,65,69,70
,13:00,2,7 072 098,6,9,11,12,13,23,25,31,36,37,38,41,42,44,45,52,56,62,65,69
,13:00,2,7 852 936,2,6,7,9,13,14,21,23,25,36,38,39,41,49,55,56,63,65,69,70
,13:00,2,7 140 557,3,5,9,10,13,19,21,22,30,37,38,45,47,51,53,62,64,65,66,67
,13:00,2,8 701 430,3,8,12,18,23,26,27,28,34,49,54,59,62,63,64,65,66,67,68,69
,13:00,3,2 120 584,2,9,12,13,16,17,22,26,34,38,39,40,41,44,52,59,60,62,63,67
,13:00,2,3 986 157,1,3,15,16,18,20,24,26,30,41,42,44,47,48,49,54,63,65,66,70
,13:00,3,4 882 029,1,9,15,17,27,29,30,35,37,39,42,48,50,51,52,53,55,59,61,62
,13:00,3,8 439 144,1,7,8,10,15,24,25,26,29,30,31,32,33,40,45,50,54,58,60,64
,13:00,2,6 116 229,5,9,12,15,17,26,27,30,31,35,38,40,41,42,45,48,61,62,65,66
,13:00,3,1 010 521,3,9,11,13,15,22,23,28,35,38,41,43,47,50,58,59,63,64,68,69
,13:00,3,5 704 485,9,11,12,13,16,18,27,32,34,37,40,41,42,44,50,54,57,59,65,67
,13:00,3,4 885 527,3,7,21,22,28,29,35,38,40,43,45,52,53,54,57,58,61,68,69,70
,13:00,2,7 481 767,3,4,11,15,19,22,26,29,31,34,36,38,39,47,53,56,59,64,65,68
,13:00,3,2 735 521,1,7,13,15,20,26,29,36,38,39,41,46,47,48,52,53,57,61,67,70
,13:00,2,6 803 278,2,6,10,13,14,15,17,19,21,26,28,38,43,45,48,52,55,60,61,63
,13:00,2,8 692 454,1,4,10,12,14,17,20,29,31,34,44,45,48,51,55,58,59,63,67,68
,13:00,3,8 072 717,2,3,4,5,8,14,19,20,28,33,35,43,44,49,50,53,56,62,65,69
,13:00,3,1 914 640,15,17,18,19,23,31,35,36,37,38,39,46,47,49,55,60,61,63,64,69
,13:00,2,3 433 067,4,8,11,12,15,18,23,30,33,35,37,40,41,45,46,51,59,63,68,70
,13:00,2,1 010 388,11,12,13,18,24,25,29,31,32,36,49,53,54,55,63,64,65,67,69,70
,13:00,2,7 856 239,3,4,5,6,8,10,12,15,21,26,35,46,47,49,57,58,62,65,67,69
,13:00,2,9 592 304,7,12,14,17,19,24,34,36,42,43,45,48,49,50,53,55,58,60,61,67
,13:00,3,0 163 673,1,16,18,19,26,27,30,31,36,37,42,45,49,53,54,55,57,59,63,64
,13:00,3,2 273 983,2,5,6,10,20,30,31,36,45,47,49,50,53,54,55,58,62,64,68,70
,13:00,3,3 077 570,3,8,11,13,15,18,21,22,24,32,37,45,48,49,50,53,55,56,57,62
,13:00,2,4 908 514,1,2,4,8,10,14,19,21,27,29,35,39,42,45,55,57,59,62,64,70
,13:00,2,0 701 598,4,5,9,10,14,15,18,21,23,25,26,27,32,33,34,36,39,44,61,64
,13:00,2,7 768 884,1,3,4,6,10,13,15,20,22,30,46,48,49,51,57,58,61,63,66,68
,13:00,3,6 916 126,1,2,3,4,8,14,19,27,32,34,36,42,43,44,45,46,48,51,53,65
,13:00,2,7 118 571,4,7,9,10,11,13,22,26,33,39,40,43,44,46,48,49,58,60,67,68
,13:00,2,8 639 972,1,11,12,13,17,22,23,31,32,35,36,45,46,54,55,58,65,67,68,70
,13:00,3,9 589 304,4,13,18,20,22,23,27,29,31,33,34,40,41,44,54,55,56,57,58,65
,13:00,2,9 725 832,1,5,9,10,12,13,29,30,31,33,35,39,40,43,45,49,58,59,60,69
,13:00,2,0 829 694,7,8,12,16,17,21,23,24,26,28,32,39,44,49,51,52,53,54,55,60
,13:00,3,9 232 413,2,6,9,20,21,24,27,28,31,34,35,43,44,47,48,54,55,58,59,62
,13:00,3,6 924 893,2,3,5,8,11,12,14,15,16,29,32,37,43,53,56,57,60,61,64,69
,13:00,3,6 116 911,3,8,18,19,29,30,33,36,40,42,44,46,52,53,54,58,62,63,65,66
,13:00,3,0 516 285,1,2,4,5,11,19,23,26,27,31,38,39,45,50,52,53,55,61,65,67
,13:00,2,6 152 740,3,8,13,19,24,27,28,35,37,39,42,43,44,46,52,53,54,62,65,70
,13:00,2,2 545 198,1,2,6,9,10,15,19,22,26,28,29,31,34,36,38,40,41,43,46,53
,13:00,3,5 930 666,15,18,19,20,21,27,30,34,37,38,43,47,48,49,52,59,61,63,69,70
,13:00,2,8 143 160,1,2,7,10,11,14,15,17,19,20,22,30,34,36,38,42,57,58,59,63
,13:00,3,0 821 331,4,6,15,16,20,21,22,26,31,36,37,40,44,46,54,58,59,66,69,70
,13:00,2,8 339 472,6,11,13,15,16,17,20,21,22,29,31,35,37,38,44,46,47,51,65,69
,13:00,2,0 942 420,1,3,7,20,25,26,37,39,41,42,44,47,49,55,57,59,65,68,69,70
,13:00,2,3 262 008,2,5,7,15,18,19,21,23,28,41,43,44,47,49,50,54,55,56,63,64
,13:00,3,6 736 329,1,2,4,6,9,16,20,21,23,25,27,28,29,33,37,38,40,42,44,67
,13:00,3,4 051 018,1,2,5,12,15,16,20,21,22,31,32,33,34,35,37,42,54,62,63,66
,13:00,3,9 002 912,3,5,7,8,10,15,17,23,27,28,33,34,43,47,49,51,52,53,56,63
,13:00,2,2 976 230,2,8,9,10,16,18,19,20,27,29,34,35,39,41,42,48,55,59,67,70
,13:00,3,0 211 392,5,9,16,18,21,22,27,36,38,40,41,44,45,46,47,51,54,58,60,67
,13:00,2,1 618 183,2,3,5,16,22,23,24,26,29,33,40,42,44,46,55,57,61,66,68,69
,13:00,3,6 841 442,10,12,15,19,22,23,27,30,32,35,36,42,45,49,52,55,56,64,66,68
,13:00,2,6 325 317,10,15,17,27,28,29,30,33,34,35,36,37,38,41,42,46,53,60,61,62
,13:00,3,7 718 534,2,6,7,10,11,19,20,25,34,37,40,44,45,47,48,59,63,65,69,70
,13:00,5,0 231 683,1,2,6,7,9,12,17,20,21,27,32,33,36,38,41,49,61,62,64,69
,13:00,2,0 399 794,1,10,23,24,25,26,29,30,31,33,45,47,52,53,60,62,66,67,69,70
,13:00,3,4 906 816,1,3,5,6,10,15,20,24,26,29,31,38,39,41,43,52,58,62,63,64
,13:00,2,8 248 382,1,3,11,13,14,19,23,27,28,32,35,42,50,51,52,58,60,63,66,70
,13:00,3,3 818 188,1,4,5,11,12,14,15,17,20,21,24,25,27,28,29,34,53,58,61,63
,13:00,10,1 385 121,5,7,8,9,10,16,18,20,23,34,37,40,42,43,48,56,57,60,64,70
,13:00,2,4 886 682,4,5,6,7,8,16,22,23,24,25,28,40,42,51,61,64,66,68,69,70
,13:00,5,8 342 204,1,12,16,19,21,28,36,37,38,42,47,48,50,52,53,56,58,59,62,64
,13:00,5,8 364 478,3,10,19,24,26,29,30,32,34,36,39,40,41,45,47,50,56,65,69,70
,13:00,2,6 366 172,1,4,8,10,14,15,16,20,28,29,36,39,44,46,47,49,55,63,66,67
,13:00,3,9 070 842,2,3,5,9,10,14,20,32,36,38,40,41,48,49,54,57,60,62,63,66
,13:00,2,8 534 638,6,10,11,15,18,21,29,32,41,43,47,51,52,54,56,57,59,63,64,68
,13:00,2,0 550 518,6,8,12,15,18,30,33,36,43,45,46,47,49,50,52,54,55,56,60,62
,13:00,2,2 111 368,3,5,9,11,12,17,25,28,35,37,43,44,53,56,58,59,62,63,66,68
,13:00,3,2 660 175,3,4,7,9,11,12,13,24,28,29,34,37,41,43,45,47,48,55,63,70
,13:00,3,4 894 735,4,6,8,13,19,21,22,23,26,30,37,46,50,51,52,56,57,60,68,69
,13:00,3,5 320 705,3,5,7,8,12,21,23,29,36,40,41,51,52,53,61,63,66,67,68,70
,13:00,10,3 221 726,1,2,4,5,12,15,18,27,33,37,41,43,44,49,50,52,55,65,66,70
,13:00,2,0 105 518,4,9,13,15,18,31,32,34,35,36,40,49,50,52,58,61,62,64,65,66
,13:00,2,2 257 612,3,5,8,10,11,12,14,19,24,26,28,43,44,57,59,60,62,63,68,70
,13:00,2,5 424 430,3,7,8,22,26,31,37,38,41,44,55,56,58,59,60,61,63,65,66,67
,13:00,2,5 823 146,2,6,7,11,14,16,17,18,25,28,29,32,38,40,44,46,50,52,66,70
,13:00,3,9 714 681,1,4,10,26,33,35,37,38,41,42,43,46,47,51,59,63,64,65,66,69
,13:00,2,8 583 986,5,11,14,15,26,28,29,31,34,39,42,44,47,51,56,58,66,67,68,69
,13:00,3,9 968 442,2,7,18,25,28,31,32,34,40,43,44,45,53,56,57,60,62,66,67,70
,13:00,2,4 239 300,3,7,8,11,15,16,18,20,24,25,35,37,40,49,52,56,57,59,65,69
,13:00,5,9 802 092,5,14,20,22,27,30,36,37,38,39,40,47,48,51,53,54,55,60,64,70
,13:00,2,0 062 009,4,5,6,7,17,23,25,31,32,33,37,38,43,44,48,56,61,62,63,64
,13:00,3,9 829 477,2,9,14,16,19,20,21,25,26,28,38,39,44,45,49,50,52,56,65,70
,13:00,3,3 946 545,5,20,22,23,24,27,29,38,40,42,46,47,48,50,51,54,55,60,62,69
,13:00,2,3 232 386,3,7,12,13,16,17,22,26,28,34,43,45,47,50,54,56,57,58,68,69
,13:00,3,6 442 007,3,6,8,10,16,17,22,23,25,31,37,42,44,45,48,50,52,56,59,65
,13:00,5,9 209 467,2,5,8,11,16,19,23,32,38,41,44,46,48,51,53,55,60,64,68,70
,13:00,2,5 472 870,1,5,7,8,12,20,22,23,31,32,34,35,39,42,44,48,49,60,63,66
,13:00,3,1 021 495,6,14,16,19,21,29,30,31,38,39,41,45,49,50,52,53,54,55,59,64
,13:00,3,1 260 638,6,11,13,18,19,20,24,27,30,31,33,36,40,41,42,43,49,53,65,67
,13:00,3,0 894 215,1,8,10,11,13,14,19,22,26,28,29,30,40,42,44,49,53,63,65,66
,13:00,3,0 833 191,2,4,5,7,11,29,33,34,36,42,43,44,48,52,53,54,60,61,62,66
,13:00,3,6 852 069,2,4,5,7,20,21,23,24,25,29,38,40,43,50,56,58,60,65,67,69
,13:00,5,9 550 626,3,4,7,8,9,13,14,21,22,27,29,30,35,37,39,43,45,56,64,65
,13:00,2,0 032 529,5,7,12,13,16,27,30,31,32,34,36,38,40,42,43,55,58,60,61,64
,13:00,2,9 003 651,1,2,4,5,7,17,18,20,22,25,30,32,37,38,39,41,45,54,57,68
,13:00,2,2 549 568,5,10,11,25,29,31,33,34,38,39,42,44,47,49,51,52,54,59,67,70
,13:00,2,8 269 615,1,2,11,13,14,15,17,19,21,23,27,32,37,38,44,50,55,57,64,67
,13:00,3,9 799 325,1,2,5,7,8,9,11,12,14,31,32,33,36,47,50,52,58,60,67,68
,13:00,2,7 972 704,2,4,8,9,26,28,32,34,35,37,39,40,41,44,47,49,53,56,63,69
,13:00,2,0 717 008,1,8,21,22,23,25,27,29,30,35,38,39,46,48,53,61,62,68,69,70
,13:00,3,3 905 779,8,10,15,17,21,24,27,29,30,32,35,40,46,54,60,62,63,64,67,68
,13:00,2,7 816 281,2,3,4,12,14,16,19,20,22,23,25,27,29,36,42,51,52,53,59,66
,13:00,2,9 740 833,2,14,15,18,19,20,22,25,35,42,43,44,48,50,55,59,60,61,66,69
,13:00,2,1 416 711,8,13,17,18,19,22,25,27,28,29,35,36,38,41,46,47,50,51,55,61
,13:00,2,0 372 859,1,4,6,10,21,23,26,27,29,33,41,43,45,48,49,55,58,60,62,69
,13:00,3,3 083 021,1,3,6,7,9,11,14,16,17,18,28,43,47,52,55,61,63,66,68,69
,13:00,3,1 042 095,1,2,3,10,13,14,19,21,24,28,29,30,32,33,38,41,47,49,60,65
,13:00,2,9 670 273,4,6,9,14,16,22,25,26,31,39,41,43,47,52,53,54,55,57,62,66
,13:00,2,7 193 080,4,8,10,16,23,24,33,36,39,43,47,50,52,54,58,60,62,64,66,70
,13:00,3,1 408 902,3,5,10,12,13,19,20,21,23,24,26,34,40,48,49,50,61,65,66,67
,13:00,2,9 380 269,1,4,16,23,24,27,29,31,33,42,44,46,48,50,52,53,54,64,68,69
,13:00,2,2 199 352,4,6,7,10,12,15,17,20,22,23,24,28,29,38,44,48,49,55,64,69
,13:00,3,7 773 118,6,12,13,16,17,29,33,34,37,39,40,41,45,47,48,54,57,60,61,63
,13:00,2,3 709 617,4,6,8,16,18,23,24,26,27,29,30,31,35,36,37,41,52,55,57,70
,13:00,2,0 721 697,2,5,7,10,12,23,26,27,28,32,38,39,46,47,57,58,60,62,63,69
,13:00,2,9 731 902,2,3,14,18,20,23,31,32,34,38,39,42,43,48,51,55,58,59,67,69
,13:00,2,7 652 441,3,6,16,19,24,29,30,32,33,35,41,44,47,49,55,56,57,61,65,68
,13:00,10,6 745 145,10,11,13,15,17,20,27,31,33,41,43,44,47,52,55,57,60,61,63,68
,13:00,3,5 682 214,3,4,8,9,10,13,18,20,27,28,30,33,34,37,38,45,46,63,65,68
,13:00,2,9 500 329,10,12,14,17,21,23,26,36,39,40,41,42,43,44,46,47,57,62,68,70
,13:00,2,8 072 290,5,8,18,21,23,24,29,31,36,39,41,42,43,44,53,56,61,67,69,70
,13:00,3,7 223 535,5,6,7,8,15,20,22,23,26,34,43,45,49,52,56,59,60,62,69,70
,13:00,2,8 850 305,3,6,7,12,14,15,16,18,20,24,26,29,35,48,56,57,62,63,66,69
,13:00,2,9 523 160,1,5,6,18,22,27,29,30,33,47,49,50,55,56,59,60,65,67,69,70
,13:00,2,6 575 944,2,3,4,8,10,12,13,16,17,21,29,30,36,39,41,49,59,60,64,65
,13:00,2,7 556 716,3,4,9,10,11,14,19,22,27,38,40,41,44,47,49,58,59,60,63,69
,13:00,3,6 655 258,1,12,13,14,22,25,28,29,30,31,32,38,40,41,43,49,53,57,59,68
,13:00,3,0 148 118,1,3,12,18,19,22,27,29,30,34,36,37,39,46,47,54,60,64,67,68
,13:00,3,8 270 715,1,4,6,10,20,23,25,30,35,38,39,42,59,61,62,65,66,67,68,69
,13:00,3,5 765 477,3,6,11,13,17,19,22,24,27,28,31,35,38,39,42,46,66,68,69,70
,13:00,2,5 861 779,4,6,9,13,15,16,22,30,34,40,42,43,48,49,50,56,58,62,65,68
,13:00,2,5 070 589,3,9,11,21,22,23,24,27,34,35,41,44,50,55,59,62,64,65,66,69
,13:00,3,9 037 970,9,14,17,18,25,26,30,31,33,35,37,42,48,50,58,60,61,65,68,69
,13:00,2,7 459 567,6,12,17,21,26,30,41,42,43,45,46,47,50,52,54,56,58,59,62,66
,13:00,3,7 447 515,2,4,9,11,15,16,19,30,33,35,43,46,49,51,57,60,62,66,67,70
,13:00,3,3 620 471,2,4,6,13,17,23,26,33,35,41,44,45,48,50,51,58,62,63,66,70
,13:00,3,2 441 067,6,8,19,23,26,29,31,32,33,35,36,37,42,46,50,52,54,57,61,63
,13:00,2,0 977 763,1,2,8,10,13,19,24,27,28,29,48,53,56,58,61,64,67,68,69,70
,13:00,2,5 306 758,3,7,9,14,16,23,30,32,33,41,42,43,47,51,54,55,56,59,60,65
,13:00,3,4 319 544,7,19,21,26,27,28,30,32,36,41,47,48,50,51,53,56,57,58,59,60
,13:00,2,9 026 936,3,5,12,18,19,25,26,28,34,39,49,51,54,55,56,60,62,66,67,70
,13:00,10,1 928 496,3,8,12,15,16,19,23,25,30,32,35,37,41,43,46,61,64,65,66,70
,13:00,3,4 090 174,6,11,12,14,15,22,27,30,32,38,39,43,46,54,56,60,63,64,68,70
,13:00,3,1 016 218,8,12,13,17,24,29,32,33,36,38,41,45,46,47,55,56,60,63,64,70
,13:00,3,2 680 041,1,2,3,11,17,20,22,23,27,28,29,32,37,38,40,43,55,61,65,70
,13:00,3,6 527 061,1,2,3,4,17,19,20,21,23,25,28,37,40,43,48,52,55,59,63,65
,13:00,3,3 260 735,1,6,8,10,19,28,34,37,38,42,43,45,46,47,49,52,54,57,59,70
,13:00,2,9 016 381,1,6,8,13,15,16,19,22,24,28,30,35,38,41,48,49,54,62,67,68
,13:00,3,3 642 892,4,6,10,12,13,15,18,20,27,28,33,45,49,51,52,53,62,67,68,70
,13:00,5,0 069 109,3,5,11,13,18,25,26,30,32,33,34,41,44,46,59,60,61,64,66,68
,13:00,2,7 509 133,6,9,18,19,20,22,23,26,32,36,40,43,44,45,48,57,58,64,67,70
,13:00,2,2 783 666,1,2,3,5,8,10,15,16,22,26,28,40,43,46,51,58,64,66,68,69
,13:00,3,9 175 404,5,15,17,22,24,28,29,32,41,42,47,52,56,57,58,62,63,65,66,67
,13:00,3,5 909 042,2,3,15,18,22,23,26,31,33,35,38,40,41,44,48,49,51,55,61,68
,13:00,2,2 281 937,5,15,16,18,24,29,30,32,33,34,36,40,41,49,55,57,59,60,61,65
,13:00,3,6 859 798,1,4,18,25,30,31,39,40,42,44,45,47,52,56,57,60,61,64,65,67
,13:00,3,1 657 176,3,4,6,10,11,17,20,23,30,32,36,37,41,45,50,54,55,59,61,62
,13:00,3,3 844 373,1,4,5,15,16,19,21,25,33,34,39,42,44,45,47,50,52,55,60,62
,13:00,2,6 855 787,1,2,3,13,17,24,25,34,35,36,39,47,48,51,52,55,57,60,64,68
,13:00,2,6 276 253,5,9,10,11,23,27,31,35,37,43,44,50,51,53,55,59,61,62,65,66
,13:00,2,9 848 749,4,8,12,14,15,21,26,32,33,37,44,45,46,49,56,60,65,66,69,70
,13:00,3,4 238 546,2,8,10,11,13,19,22,23,24,31,32,38,46,49,56,57,59,64,65,66
,13:00,2,0 331 682,2,7,9,15,18,25,28,29,30,31,32,34,39,48,49,51,61,66,68,69
,13:00,2,1 071 726,4,13,19,20,22,23,28,34,38,40,43,47,51,53,55,57,59,63,65,66
,13:00,2,4 384 632,1,3,6,7,9,20,22,23,40,44,49,51,52,53,55,56,64,65,66,69
,13:00,3,5 914 338,1,2,12,14,17,22,23,26,32,33,37,38,39,41,42,47,57,61,62,63
,13:00,2,4 157 307,1,2,9,17,19,21,27,31,33,34,41,42,43,48,50,55,56,57,62,66
,13:00,3,2 321 291,4,9,10,11,12,17,22,23,25,27,36,39,43,45,47,53,54,60,67,70
,13:00,2,5 866 422,1,4,13,17,19,21,24,27,28,33,36,40,41,45,46,49,61,63,64,65
,13:00,3,2 342 620,1,5,6,7,8,10,16,26,28,34,35,39,40,46,47,60,62,67,69,70
,13:00,3,8 430 298,1,2,8,9,16,18,26,32,33,34,38,43,47,50,51,53,57,58,65,68
,13:00,3,6 790 404,6,7,14,23,26,27,29,30,37,40,43,44,49,51,54,58,60,63,64,65
,13:00,2,4 465 985,1,2,9,20,23,24,27,29,32,33,39,42,46,50,53,60,62,64,67,69
,13:00,2,9 376 118,6,7,8,9,12,13,16,19,21,22,24,35,36,39,40,47,57,61,68,70
,13:00,2,1 811 975,2,6,9,15,19,20,22,38,42,44,46,48,49,50,51,54,55,59,63,65
,13:00,2,1 433 372,1,3,5,7,8,15,19,27,30,32,33,40,42,46,52,55,57,63,64,65
,13:00,3,4 423 194,2,8,11,19,20,24,27,29,34,35,37,42,46,52,53,54,55,58,62,66
,13:00,3,2 798 342,2,3,4,11,23,25,29,32,36,39,40,41,42,44,51,52,56,58,59,61
,13:00,2,7 672 978,8,14,15,21,22,23,27,40,42,44,49,50,51,53,56,59,60,62,66,68
,13:00,2,0 398 826,2,9,11,13,14,22,26,28,30,35,40,41,42,48,50,54,62,65,66,70
,13:00,3,8 192 843,2,7,8,19,22,24,25,29,34,35,37,40,42,44,48,54,64,66,68,69
,13:00,3,8 633 714,1,3,10,12,14,16,25,26,27,28,30,39,48,50,51,57,59,62,63,66
,13:00,2,6 289 845,2,3,13,18,22,23,27,33,34,37,38,42,44,47,50,54,60,62,66,68
,13:00,2,2 588 341,5,9,17,18,21,24,29,32,37,38,40,41,47,48,51,52,59,61,62,69
,13:00,3,0 881 801,4,6,8,9,12,16,18,30,38,39,41,42,44,48,56,57,60,63,66,67
,13:00,5,9 408 939,3,6,12,13,17,23,24,25,27,28,34,40,43,44,45,47,50,51,67,68
,13:00,3,1 049 957,4,6,17,19,21,30,31,32,33,34,37,38,41,43,46,50,53,60,63,69
,13:00,3,3 609 206,1,3,9,13,14,15,17,19,24,25,26,27,34,37,44,45,52,63,65,69
,13:00,2,1 176 101,9,10,13,19,27,28,29,31,34,35,41,43,44,53,56,58,59,60,61,64
,13:00,10,2 733 777,2,3,5,6,7,9,11,12,15,16,19,23,37,42,44,49,52,62,67,70
,13:00,5,3 792 962,2,3,7,8,19,21,23,27,29,34,35,38,40,41,47,48,54,60,65,68
,13:00,2,8 228 565,1,3,5,7,12,13,17,20,22,23,29,33,42,48,51,52,55,56,58,65
,13:00,2,3 505 049,6,9,12,13,14,15,18,19,23,27,29,46,48,50,55,56,60,65,66,67
,13:00,2,7 836 799,1,5,8,11,12,13,17,25,31,32,36,37,45,49,52,54,56,59,60,63
,13:00,2,5 818 763,1,3,8,9,11,14,20,22,23,28,29,31,34,38,44,51,58,61,64,68
,13:00,3,1 371 805,3,4,11,14,15,16,25,27,33,34,35,41,44,48,49,54,56,58,60,66
,13:00,3,8 512 812,3,4,5,7,12,15,17,24,34,35,36,48,52,56,58,63,64,66,67,68
,13:00,2,1 349 929,7,9,13,15,17,22,25,27,28,29,30,32,42,43,45,48,51,52,55,68
,13:00,3,0 066 556,2,6,10,11,12,17,18,29,31,32,33,34,35,38,46,47,53,57,64,68
,13:00,3,0 171 644,4,7,8,9,10,12,14,15,16,21,24,28,32,37,39,42,48,50,52,59
,13:00,2,8 899 067,2,4,13,14,18,21,22,23,29,41,42,49,51,52,62,66,67,68,69,70
,13:00,2,7 309 412,2,3,4,7,19,20,21,23,24,25,27,28,30,38,39,40,41,57,62,63
,13:00,2,9 484 635,3,5,9,20,21,24,27,28,29,32,33,36,37,39,44,46,56,59,62,68
,13:00,3,9 623 611,2,3,6,9,11,13,17,22,23,26,32,34,38,40,45,49,56,59,62,69
,13:00,2,3 321 263,11,14,16,19,21,28,30,31,35,40,41,44,47,51,53,59,61,62,64,69
,13:00,2,2 373 744,5,11,14,15,16,17,20,21,22,26,29,33,34,36,46,50,54,59,60,68
,13:00,2,8 691 645,1,5,6,7,10,13,19,20,26,30,38,39,40,46,51,54,60,61,63,69
,13:00,2,3 878 495,4,7,9,11,15,18,20,21,24,25,38,43,44,45,53,54,57,63,67,69
,13:00,2,3 509 233,2,3,4,5,8,9,13,14,16,17,18,21,23,28,33,44,45,60,66,69
,13:00,3,2 497 842,1,6,9,11,14,22,23,25,26,28,34,35,37,43,47,50,51,52,53,67
,13:00,3,9 943 715,1,2,12,13,18,20,22,23,26,36,40,45,47,50,53,54,57,58,64,69
,13:00,2,8 297 858,3,8,9,10,11,16,17,21,24,27,30,37,40,41,47,51,54,55,60,68
,13:00,2,8 774 761,1,5,6,7,8,11,12,15,19,23,32,37,38,39,40,44,51,55,57,61
,13:00,2,7 039 877,5,8,10,12,18,24,25,26,29,31,37,39,40,41,43,47,48,57,63,70
,13:00,2,3 828 197,2,14,17,22,24,25,33,34,35,37,38,40,42,43,45,46,48,55,58,64
,13:00,3,3 403 018,3,8,10,12,15,26,30,31,35,41,42,45,47,56,59,60,62,66,69,70
,13:00,3,5 086 703,4,5,12,17,20,24,26,29,31,34,35,37,38,39,47,49,50,51,60,66
,13:00,2,3 007 055,1,5,7,8,17,23,25,28,29,30,31,33,37,39,43,44,46,47,65,68
,13:00,2,8 762 098,2,13,21,22,26,28,29,31,32,33,34,39,44,46,49,56,57,63,67,68
,13:00,3,8 823 362,12,13,19,22,25,26,29,30,32,33,34,43,44,49,53,56,57,62,68,70
,13:00,2,4 164 131,3,5,6,8,10,15,17,26,31,33,35,42,45,52,55,56,60,61,67,68
,13:00,3,3 643 998,1,7,12,13,14,22,24,25,27,28,35,37,39,46,47,48,50,54,57,58
,13:00,2,1 852 063,2,10,12,17,18,20,24,28,31,33,34,37,38,39,44,46,53,59,62,66
,13:00,2,1 480 201,2,8,11,13,14,16,17,19,21,25,28,33,37,41,48,54,58,59,62,67
,13:00,2,1 190 178,5,9,10,15,16,18,20,28,32,33,37,40,41,43,46,49,53,55,64,67
,13:00,3,3 888 287,3,5,13,18,19,25,28,30,32,35,44,46,47,49,51,57,58,60,62,68
,13:00,3,6 694 425,8,9,12,13,16,20,23,25,27,30,35,38,43,48,49,50,53,56,57,66
,13:00,2,9 503 543,2,3,6,12,13,23,28,37,39,40,41,43,48,52,53,57,59,64,65,67
,13:00,2,9 769 469,2,4,7,9,13,17,20,21,31,34,42,46,47,49,54,55,56,58,69,70
,13:00,3,6 586 700,1,3,6,9,10,15,17,19,21,26,29,40,49,50,51,52,55,56,58,67
,13:00,2,8 798 381,1,11,14,19,27,29,31,32,35,45,46,48,50,58,59,62,63,67,68,70
,13:00,2,9 150 688,4,12,15,25,26,27,31,32,37,40,49,50,51,52,54,55,58,59,69,70
,13:00,2,0 535 094,3,7,10,11,16,17,28,30,35,42,43,44,47,50,51,53,54,57,63,66
,13:00,5,2 814 283,3,8,9,12,16,17,23,32,36,37,38,40,41,42,51,60,62,65,68,70
,13:00,2,2 119 906,2,7,8,11,14,17,20,21,24,29,35,38,42,51,52,53,55,60,61,66
,13:00,3,8 430 865,1,4,5,7,11,15,16,18,22,23,25,28,31,41,43,46,52,63,64,65
,13:00,2,4 075 286,2,3,4,13,14,16,18,26,27,30,31,34,37,40,48,52,56,64,65,70
,13:00,3,0 578 730,2,7,12,13,14,15,23,26,38,39,41,43,46,53,57,59,60,62,63,66
,13:00,3,4 470 636,1,13,18,21,22,31,32,34,37,38,39,41,43,46,49,51,53,55,56,64
,13:00,2,3 349 802,7,10,14,16,19,20,22,23,24,26,28,30,40,49,50,54,58,60,63,67
,13:00,2,2 094 422,4,5,7,13,15,25,26,37,38,39,40,41,45,46,49,52,56,58,59,70
,13:00,2,8 314 610,5,8,9,10,11,13,15,22,32,33,35,40,42,52,56,58,59,63,66,70
,13:00,3,8 123 305,7,8,10,14,18,19,25,31,33,39,40,44,46,47,51,52,58,63,68,70
,13:00,2,4 058 945,2,10,11,12,18,19,36,39,41,45,48,49,51,52,56,57,63,65,67,69
,13:00,2,1 047 946,6,17,21,22,27,29,33,34,42,48,49,52,53,54,59,60,61,65,67,68
,13:00,2,3 468 189,1,10,15,19,22,27,28,32,37,39,40,51,52,55,59,65,66,67,69,70
,13:00,2,1 674 430,3,10,12,13,15,20,22,26,31,36,37,38,42,46,49,62,64,65,67,70
,13:00,3,1 899 654,2,3,4,14,18,20,21,22,26,28,30,31,43,46,47,48,53,57,67,70
,13:00,3,2 137 631,4,7,8,11,14,17,19,21,23,24,26,30,34,37,43,50,52,59,61,63
,13:00,3,7 776 305,1,4,5,8,12,28,32,35,36,37,38,39,45,46,48,51,52,54,57,65
,13:00,3,5 070 733,10,15,16,17,18,22,28,33,35,36,39,45,46,49,57,58,60,62,67,70
,13:00,2,7 628 455,1,13,14,20,22,28,30,32,34,36,39,41,51,55,62,64,65,66,68,69
,13:00,2,1 547 886,2,12,16,18,25,26,31,32,36,37,40,43,45,46,48,49,58,59,62,66
,13:00,3,5 303 541,7,9,10,11,18,19,24,25,29,30,32,37,38,44,45,51,57,60,61,66
,13:00,2,0 058 602,7,8,9,10,11,15,21,25,30,33,38,52,53,56,57,61,63,67,68,69
,13:00,2,4 569 743,3,6,7,8,17,18,20,23,26,29,32,35,38,46,47,53,56,60,65,70
,13:00,3,7 160 985,2,10,14,16,19,21,24,25,26,28,30,36,49,53,54,57,58,62,64,70
,13:00,3,5 738 511,5,7,9,13,22,23,24,30,34,39,40,42,43,51,53,54,56,58,60,70
,13:00,2,6 574 057,1,2,8,16,19,21,24,29,31,33,34,37,40,49,51,54,60,61,62,67
,13:00,2,2 725 835,5,9,12,19,22,25,27,31,34,35,43,47,52,56,57,60,61,62,69,70
,13:00,2,6 985 221,3,5,12,13,14,18,19,27,32,34,35,37,40,44,47,48,50,61,62,69
,13:00,3,3 425 858,6,7,13,15,17,18,19,24,27,33,38,41,42,43,48,55,56,60,66,67
,13:00,3,5 194 922,2,5,6,10,14,17,21,22,27,28,41,42,44,45,50,58,60,62,63,69
,13:00,2,7 145 800,7,9,10,12,15,28,30,31,35,37,42,45,46,49,52,58,63,64,68,69
,13:00,2,5 040 412,2,5,6,12,16,20,30,32,35,36,37,38,46,49,51,54,55,58,65,68
,13:00,3,3 318 867,2,4,9,11,13,14,20,24,37,41,43,45,49,50,51,52,60,63,64,67
,13:00,2,3 107 826,2,4,10,16,17,18,22,23,24,30,37,42,43,46,47,51,61,63,65,70
,13:00,3,1 210 307,2,3,4,6,8,11,14,21,28,31,37,41,42,44,48,49,52,53,62,67
,13:00,3,1 034 125,3,4,13,16,17,19,21,22,23,29,32,38,39,40,49,53,54,56,62,69
,13:00,2,5 230 730,1,13,16,18,21,22,23,26,27,35,38,39,42,43,44,56,57,59,65,66
,13:00,2,8 246 096,2,5,6,7,8,11,12,13,16,27,35,39,41,47,50,59,60,61,62,64
,13:00,2,7 644 567,3,11,14,24,27,35,37,38,39,40,42,50,53,55,57,58,62,63,65,70
,13:00,3,3 999 277,2,3,4,9,13,15,21,25,27,31,33,37,41,42,48,50,55,64,67,69
,13:00,3,5 762 090,3,4,5,7,10,11,15,20,21,23,27,33,34,39,47,53,59,61,65,67
,13:00,2,2 939 141,15,19,21,22,28,31,33,36,38,40,48,50,51,53,55,59,61,64,66,70
,13:00,2,7 298 853,4,9,10,18,20,21,28,30,34,41,42,43,44,47,51,52,55,61,64,66
,13:00,2,7 792 233,16,17,18,19,29,36,40,41,44,46,47,48,53,55,56,60,61,62,64,67
,13:00,2,0 306 477,9,11,16,23,25,26,34,35,37,38,39,40,45,47,52,53,55,56,60,67
,13:00,2,3 174 752,3,5,8,9,11,13,15,17,20,27,30,32,42,45,53,55,57,58,59,62
,13:00,2,1 895 730,4,9,11,13,14,15,17,20,21,27,29,30,42,52,59,62,63,64,65,66
,13:00,2,9 943 811,5,7,10,12,13,24,25,36,38,43,44,47,48,55,59,61,62,63,66,67
,13:00,2,5 011 062,5,6,7,8,10,11,21,29,31,33,34,39,43,49,50,52,53,56,63,68
,13:00,3,0 955 751,7,21,22,23,25,30,32,34,38,40,42,48,52,53,58,59,61,64,65,66
,13:00,2,7 834 147,2,6,9,10,12,23,25,35,40,41,49,53,55,56,57,58,60,61,62,70
,13:00,2,4 174 297,1,2,4,5,8,22,23,28,31,40,41,46,48,50,52,56,57,59,63,69
,13:00,2,8 160 209,5,6,14,20,22,23,27,37,42,43,44,45,49,51,52,56,58,61,63,70
,13:00,2,3 025 613,2,7,10,18,19,20,22,23,31,34,38,44,52,53,56,59,60,61,67,70
,13:00,3,0 641 866,2,5,7,8,9,11,14,23,34,42,43,47,51,55,57,60,61,66,67,70
,13:00,2,6 882 655,1,7,8,9,11,18,21,27,29,30,33,36,41,44,46,51,54,58,59,66
,13:00,3,2 719 938,1,8,20,21,24,25,30,34,36,41,43,44,46,49,50,51,59,64,66,69
,13:00,2,7 247 034,1,4,11,13,17,19,20,23,24,43,47,48,49,52,56,57,62,63,64,66
,13:00,2,0 628 182,3,18,19,22,28,29,34,39,40,43,49,50,53,57,59,63,66,68,69,70
,13:00,3,7 596 405,2,5,15,17,20,21,28,32,33,34,38,48,49,52,54,57,58,66,67,68
,13:00,2,3 219 977,1,3,5,8,11,15,21,23,27,32,33,39,41,49,55,56,57,59,66,67
,13:00,2,1 672 923,1,5,10,14,15,22,27,28,29,36,37,42,46,47,48,57,58,62,64,68
,13:00,2,7 151 567,3,8,11,15,17,19,30,32,34,36,39,44,46,47,53,55,61,64,66,67
,13:00,2,9 657 249,2,9,18,20,21,26,27,28,30,33,35,38,41,43,46,55,56,59,61,66
,13:00,2,5 146 976,2,6,14,15,18,19,26,27,29,31,34,35,41,42,45,47,51,54,59,63
,13:00,3,5 189 672,3,5,15,16,17,18,20,32,38,39,44,45,46,49,52,54,55,56,60,61
,13:00,3,5 913 355,3,14,17,19,21,32,33,34,35,40,46,49,56,59,61,62,66,68,69,70
,13:00,3,2 433 121,2,4,5,6,8,9,11,12,24,26,27,31,32,34,35,36,47,48,57,58
,13:00,2,7 159 927,3,4,6,9,10,22,30,35,37,43,44,47,50,53,57,58,59,61,64,67
,13:00,2,3 096 979,9,11,15,16,18,23,31,33,38,42,45,48,49,51,54,57,58,60,67,69
,13:00,3,1 971 990,4,5,7,14,15,18,24,25,27,28,35,39,41,43,47,55,57,67,68,70
,13:00,3,5 031 606,2,3,4,6,11,12,14,20,22,23,29,32,35,40,42,43,52,56,61,62
,13:00,2,9 694 359,5,7,12,14,15,16,23,28,30,32,33,34,35,45,47,55,56,57,58,61
,13:00,2,4 052 200,1,6,11,13,17,18,19,22,34,35,36,44,45,48,51,53,54,56,59,63
,13:00,2,9 183 842,7,8,13,15,23,25,27,32,34,35,38,39,41,45,51,56,58,61,64,69
,13:00,2,6 273 343,2,4,7,9,11,16,17,19,23,24,27,28,29,36,42,45,52,55,56,62
,13:00,3,8 578 110,3,7,8,9,12,13,22,27,28,29,34,35,38,42,51,54,55,57,59,68
,13:00,2,3 695 099,2,3,5,8,12,13,14,16,17,25,30,32,44,46,48,50,51,55,63,65
,13:00,2,7 385 241,3,5,8,9,11,16,18,32,33,37,38,39,41,49,52,55,64,68,69,70
,13:00,2,8 163 317,5,8,14,15,16,17,20,24,29,30,33,37,38,41,48,51,52,54,57,65
,13:00,2,1 318 580,3,5,8,10,11,17,25,36,39,45,46,48,49,51,53,56,60,63,64,70
,13:00,3,6 468 700,1,5,7,11,16,18,20,22,28,29,35,46,47,48,50,51,53,54,69,70
,13:00,2,8 148 817,7,8,21,24,27,34,37,38,39,42,45,49,50,51,56,57,59,60,62,68
,13:00,3,6 134 955,2,5,7,8,10,12,15,17,18,22,33,40,44,47,53,57,60,63,64,70
,13:00,2,5 401 709,1,3,13,15,18,21,25,27,30,31,32,43,45,47,50,55,61,62,63,66
,13:00,3,3 153 532,17,18,20,21,22,23,29,34,37,39,44,45,55,56,58,63,64,66,67,70
,13:00,2,7 694 620,4,6,8,16,19,23,25,26,27,31,34,35,38,47,53,57,63,64,68,70
,13:00,2,8 213 035,3,4,5,6,7,10,14,15,18,20,22,23,41,44,47,49,51,55,66,70
,13:00,5,8 169 732,4,5,6,7,8,9,11,15,21,30,32,35,41,44,46,54,56,59,68,70
,13:00,2,2 595 166,3,5,7,9,15,17,22,24,29,32,36,40,42,47,48,61,62,64,66,69
,13:00,3,1 172 744,2,3,8,9,13,20,22,23,27,30,39,44,46,47,55,56,57,64,65,70
,13:00,2,1 523 435,2,5,6,9,12,22,33,36,40,47,49,56,57,59,61,62,66,68,69,70
,13:00,2,7 233 243,3,8,9,19,20,23,27,28,30,31,37,43,54,56,58,59,63,64,65,70
,13:00,5,1 813 276,6,15,16,18,26,27,31,32,34,36,37,38,39,41,43,60,61,63,64,68
,13:00,3,5 163 339,5,6,7,8,9,10,13,21,32,33,34,35,40,41,46,54,55,64,67,70
,13:00,3,7 250 317,4,6,18,24,32,33,34,36,39,42,43,44,46,49,53,56,61,66,67,68
,13:00,2,5 914 286,2,6,14,21,23,24,30,31,34,37,38,40,42,45,46,48,53,54,55,65
,13:00,2,9 201 574,6,9,11,13,18,19,21,23,33,34,37,39,48,49,52,54,58,64,67,69
,13:00,2,7 453 782,3,6,13,15,18,28,30,31,34,39,41,50,51,53,56,58,59,61,63,68
,13:00,2,1 236 337,1,4,5,8,12,18,28,31,34,35,42,46,48,56,57,61,62,67,68,69
,13:00,2,8 261 296,3,4,9,10,11,12,22,23,24,31,32,41,43,49,51,53,60,67,69,70
,13:00,2,9 771 311,1,4,5,7,8,12,14,15,22,26,27,28,32,34,35,37,53,63,65,70
,13:00,2,8 456 004,2,10,12,17,23,24,25,27,28,37,43,46,47,49,53,54,59,62,64,70
,13:00,3,5 654 040,4,6,7,10,17,23,25,31,35,40,41,42,46,47,51,52,55,59,64,65
,13:00,3,9 528 383,2,11,19,24,28,29,31,34,35,37,38,43,49,51,53,56,58,64,65,67
,13:00,2,7 014 965,5,7,9,20,26,27,29,31,32,34,42,43,48,51,54,58,61,64,65,66
,13:00,3,9 882 306,2,5,8,12,19,26,34,35,38,39,41,43,46,47,52,56,62,65,68,70
,13:00,2,4 328 439,2,5,9,10,11,15,20,22,28,31,32,34,48,51,55,56,57,60,64,67
,13:00,2,8 197 442,3,9,11,12,18,19,23,24,28,29,34,35,39,41,54,55,57,65,67,70
,13:00,2,1 419 901,1,2,3,6,9,10,15,19,20,25,28,31,32,36,44,51,54,59,67,68
,13:00,2,1 761 644,3,5,8,9,10,13,15,16,21,22,29,31,34,35,36,37,46,50,55,67
,13:00,3,1 594 002,1,5,6,11,13,27,31,32,36,37,38,41,42,45,47,49,51,57,58,68
,13:00,3,4 212 013,1,7,8,10,13,14,17,20,22,26,31,33,35,37,50,53,54,55,61,69
,13:00,2,0 482 859,1,7,11,15,20,22,36,37,42,47,49,53,54,55,56,60,62,63,66,67
,13:00,2,1 494 396,4,5,9,14,15,17,19,22,25,28,31,33,34,35,39,45,50,64,65,66
,13:00,3,9 986 766,1,6,7,17,20,21,27,31,35,38,40,42,44,49,52,54,55,63,67,69
,13:00,2,7 823 111,6,7,8,17,23,24,26,28,30,34,38,42,46,47,49,52,53,61,62,64
,13:00,2,3 681 283,6,12,13,14,15,25,27,37,41,43,44,48,51,52,53,55,63,65,67,68
,13:00,2,3 270 032,5,9,11,20,22,27,31,36,37,40,42,46,51,56,58,59,60,62,63,64
,13:00,2,4 757 368,4,11,12,14,16,19,21,27,30,37,39,42,45,46,51,54,55,57,64,70
,13:00,5,8 782 631,8,12,13,14,22,24,27,32,33,43,49,55,56,58,61,62,64,65,66,70
,13:00,2,9 633 330,6,20,24,25,26,30,31,38,40,46,48,50,51,52,55,58,62,63,66,68
,13:00,2,7 454 050,2,6,11,12,18,22,25,26,34,38,41,42,47,48,53,55,56,58,65,66
,13:00,2,2 197 524,8,16,20,24,29,31,35,36,38,44,45,49,50,52,54,55,61,63,64,69
,13:00,2,6 788 419,2,5,7,9,10,14,29,34,35,39,40,41,45,51,52,56,59,65,67,68
,13:00,2,4 316 892,3,5,7,9,15,19,25,29,34,35,36,37,41,42,49,52,53,55,61,70
,13:00,2,7 413 212,2,3,8,9,10,11,15,21,22,24,25,26,29,40,42,49,53,63,67,68
,13:00,3,6 031 466,6,8,20,21,33,34,35,40,41,42,43,44,45,48,49,50,55,57,61,70
,13:00,3,6 141 113,4,5,6,14,19,23,24,25,32,33,36,39,41,42,43,49,53,56,59,61
,13:00,3,7 081 275,1,3,11,18,21,28,33,46,47,52,55,56,57,58,59,64,65,66,67,69
,13:00,3,1 251 202,3,5,11,14,21,24,26,27,29,35,36,43,44,47,48,52,53,60,63,70
,13:00,2,2 328 723,2,7,10,13,14,15,17,18,19,22,29,35,38,40,41,47,48,60,64,68
,13:00,2,8 884 141,1,4,5,11,14,18,19,28,30,32,36,45,47,50,55,61,62,64,65,69
,13:00,2,0 689 212,1,6,7,9,18,20,21,23,25,31,33,39,45,50,52,56,59,64,66,69
,13:00,3,9 632 863,1,11,12,14,17,19,20,24,31,36,37,41,46,49,52,53,56,58,66,68
,13:00,3,4 681 768,3,5,7,9,12,17,21,26,27,38,39,44,45,50,58,61,63,66,69,70
,13:00,2,1 107 859,2,5,7,9,10,12,15,16,22,23,30,33,34,35,38,40,51,58,61,62
,13:00,3,3 620 000,2,8,15,16,23,25,27,28,32,35,43,47,51,53,56,58,61,62,66,68
,13:00,2,1 701 378,3,6,9,15,16,22,25,27,29,30,37,38,42,45,53,61,62,63,66,67
,13:00,3,8 290 024,1,7,11,13,16,17,18,33,34,38,42,44,46,52,54,56,60,66,69,70
,13:00,3,7 790 871,4,7,9,14,15,28,30,33,53,55,56,57,58,59,60,63,64,65,68,70
,13:00,2,3 634 914,6,16,17,22,30,32,34,44,45,47,48,51,54,55,56,61,67,68,69,70
,13:00,3,8 978 438,2,3,8,9,14,19,24,28,32,33,35,37,38,39,42,47,49,57,61,65
,13:00,2,3 366 622,2,5,8,15,22,24,29,30,35,36,39,40,44,50,52,53,58,62,68,69
,13:00,3,8 671 671,5,14,17,21,22,23,25,27,29,35,36,40,43,45,46,51,55,59,63,66
,13:00,2,1 324 925,2,3,6,9,13,17,19,24,31,32,33,39,51,52,53,58,60,62,63,67
,13:00,2,7 585 862,4,5,7,16,17,20,22,23,24,27,36,38,40,41,52,56,57,59,64,68
,13:00,3,2 153 915,1,3,6,12,17,25,27,29,30,34,36,37,39,43,47,50,56,58,63,65
,13:00,3,7 725 445,1,3,5,7,8,17,38,39,46,47,48,52,54,60,62,63,65,66,68,69
,13:00,2,6 035 926,2,7,11,12,14,20,24,33,35,39,40,41,45,51,57,63,64,66,67,69
,13:00,2,9 883 899,2,3,15,20,22,23,24,26,30,36,42,43,44,48,49,57,61,63,64,69
,13:00,2,7 792 414,8,9,10,12,27,29,32,36,37,44,45,47,51,53,55,58,61,65,67,68
,13:00,3,2 044 768,2,4,7,11,12,14,16,19,20,29,30,45,48,49,50,51,56,58,64,70
,13:00,2,7 426 685,2,3,9,15,16,17,19,28,35,36,40,51,52,56,57,60,61,64,67,68
,13:00,2,5 639 046,5,9,14,19,21,25,29,33,41,42,47,48,53,54,55,58,61,63,65,69
,13:00,2,9 007 763,3,6,13,16,26,27,32,33,35,37,38,41,43,44,45,46,47,48,55,57
,13:00,3,2 491 535,1,2,8,13,14,20,22,23,30,33,34,43,44,49,50,52,58,61,67,69
,13:00,3,0 286 329,5,12,15,19,24,29,30,32,36,38,39,41,51,57,61,63,64,65,67,69
,13:00,2,2 363 819,1,7,13,14,21,22,24,29,31,32,39,43,44,46,49,51,53,55,59,61
,13:00,3,1 833 112,6,9,11,13,21,22,24,25,26,32,34,36,39,40,41,47,54,57,59,64
,13:00,2,7 150 708,6,8,10,12,14,15,16,17,18,23,26,30,42,44,50,53,57,63,64,68
,13:00,2,1 241 666,1,5,6,9,26,28,32,33,36,41,42,45,48,50,51,57,58,64,65,67
,13:00,2,5 063 372,6,9,10,12,13,15,17,20,23,25,27,31,34,38,39,58,61,62,64,70
,13:00,2,4 862 314,5,8,20,23,25,26,27,29,30,31,37,40,45,47,49,51,52,60,62,64
,13:00,2,2 073 423,5,8,10,11,12,15,17,19,22,27,29,31,40,50,51,56,60,61,63,69
,13:00,2,1 847 919,5,6,7,9,12,15,19,20,22,27,29,38,40,44,46,48,51,55,59,67
,13:00,3,5 424 061,6,7,10,12,15,21,22,23,27,39,45,48,50,51,57,61,62,67,69,70
,13:00,2,8 984 832,2,8,12,18,21,24,27,30,36,38,40,45,47,49,50,58,60,63,65,68
,13:00,3,0 941 539,2,5,6,10,14,17,19,21,22,25,26,31,32,37,39,44,51,58,62,70
,13:00,3,2 657 641,3,5,10,18,20,23,25,27,28,31,32,38,40,46,48,55,57,58,64,70
,13:00,2,6 178 005,3,6,7,8,18,25,27,28,29,33,35,38,39,40,44,47,50,51,52,65
,13:00,2,5 364 203,1,4,9,16,20,22,24,25,27,31,34,39,40,42,44,58,62,65,68,70
,13:00,3,4 915 768,2,3,11,14,17,21,23,24,28,33,34,36,40,43,48,50,55,63,66,69
,13:00,10,1 690 340,1,3,10,13,16,19,25,30,32,37,41,43,45,46,51,54,57,59,65,68
,13:00,3,3 364 518,2,6,10,21,23,24,27,30,34,38,39,43,44,48,51,53,54,56,63,68
,13:00,2,2 787 390,2,6,14,15,21,23,35,36,39,40,42,44,45,46,54,55,57,62,66,69
,13:00,5,7 652 894,2,3,7,14,16,18,19,21,22,25,28,31,35,38,39,43,44,51,59,65
,13:00,2,0 549 607,3,5,17,21,23,24,25,26,29,32,34,36,39,41,46,50,52,66,67,69
,13:00,3,3 241 479,6,7,11,23,24,30,32,34,37,42,43,44,48,57,59,60,62,63,68,70
,13:00,2,2 289 928,2,6,7,8,10,11,14,22,23,25,30,32,44,48,55,56,57,61,64,65
,13:00,3,2 357 111,1,2,13,22,25,27,33,35,38,39,45,48,50,52,59,64,66,67,68,70
,13:00,3,5 974 194,2,3,4,8,11,14,15,20,37,40,42,44,45,48,53,57,65,67,68,69
,13:00,3,4 496 323,2,3,4,6,10,11,13,14,22,27,30,32,34,37,38,55,64,66,67,70
,13:00,3,4 308 773,2,10,12,13,21,23,24,25,26,32,33,38,43,44,46,47,48,50,51,55
,13:00,2,0 338 234,6,9,11,12,14,15,21,24,26,37,38,40,43,50,51,59,63,65,68,69
,13:00,2,3 920 444,1,2,5,10,13,14,16,17,26,31,32,34,35,39,40,53,55,57,60,61
,13:00,3,3 790 285,3,7,17,19,20,21,23,29,30,34,38,46,49,51,54,57,60,64,66,68
,13:00,3,1 435 695,1,5,6,9,11,15,22,23,28,37,49,50,51,54,57,58,59,60,63,66
,13:00,2,9 592 879,2,8,10,17,18,25,27,28,30,33,38,39,43,44,45,47,52,57,60,61
,13:00,2,2 369 547,2,3,12,14,17,18,29,31,32,37,40,48,49,51,55,58,59,63,67,69
,13:00,3,9 777 663,5,8,13,18,23,25,27,32,38,39,44,46,47,48,49,60,61,65,68,70
,13:00,2,6 713 881,3,4,10,11,15,20,23,27,33,37,43,53,54,55,56,57,61,63,68,69
,13:00,3,9 342 931,9,16,19,20,23,26,30,31,34,35,36,38,43,47,53,55,59,63,66,68
,13:00,2,3 531 459,2,4,8,9,10,12,13,19,21,22,25,37,39,41,49,51,56,60,64,69
,13:00,3,6 786 818,5,13,17,19,21,22,23,27,28,29,31,33,34,47,50,51,58,59,63,70
,13:00,2,6 513 065,3,9,13,14,16,21,24,26,27,31,32,33,49,50,52,55,56,59,60,65
,13:00,2,2 052 613,3,8,11,14,16,20,30,31,33,38,40,42,52,54,55,57,58,59,62,63
,13:00,3,3 155 035,1,16,22,27,30,34,38,39,42,43,44,46,48,50,51,59,63,65,66,67
,13:00,3,0 525 357,4,9,10,16,19,23,25,26,33,38,41,43,44,52,54,56,60,63,68,69
,13:00,2,7 911 948,3,10,11,12,16,18,28,35,36,37,39,46,50,51,58,61,62,66,68,69
,13:00,2,0 168 337,3,5,6,8,11,12,17,21,22,27,34,35,38,44,45,53,54,55,59,66
,13:00,2,8 467 063,1,3,7,13,23,24,26,29,33,34,36,38,45,50,52,53,56,62,64,69
,13:00,3,8 120 080,4,15,16,20,25,28,29,30,35,39,40,54,56,57,58,59,63,64,65,69
,13:00,5,7 791 627,5,14,15,16,18,19,22,29,37,44,45,47,48,49,50,57,58,63,64,66
,13:00,2,0 224 184,1,8,14,16,17,23,28,32,34,35,36,42,43,44,45,50,52,56,63,70
,13:00,2,4 491 422,1,4,6,10,13,19,25,26,38,39,40,41,43,47,53,54,58,63,64,66
,13:00,3,8 402 524,4,8,9,14,19,21,33,37,38,39,42,43,50,52,53,55,57,62,66,67
,13:00,2,9 489 484,9,11,13,16,17,19,24,25,27,29,34,43,48,52,53,54,56,59,60,62
,13:00,3,5 880 079,2,3,5,7,10,20,21,22,29,30,43,49,54,55,57,62,63,64,68,70
,13:00,2,7 392 373,1,7,8,10,11,19,24,37,42,46,47,48,49,51,52,54,55,57,58,61
,13:00,3,8 029 563,2,4,6,11,16,17,18,20,24,27,35,36,40,43,45,49,52,53,61,68
,13:00,2,3 024 881,1,15,16,20,21,26,28,29,30,34,36,38,43,44,50,53,60,63,66,67
,13:00,3,1 684 303,2,7,9,10,11,12,17,18,19,24,36,37,39,40,43,46,53,62,66,67
,13:00,10,3 318 849,1,2,3,4,13,25,27,29,32,35,36,37,38,40,42,49,57,59,63,69
,13:00,2,9 667 476,5,8,10,16,20,22,24,26,27,28,30,36,41,43,44,45,47,50,63,65
,13:00,3,2 723 547,1,5,9,10,14,16,18,21,27,28,31,36,43,46,52,59,62,65,66,68
,13:00,2,6 588 410,3,10,11,12,16,18,24,25,27,30,34,36,39,40,44,54,61,66,67,69
,13:00,3,1 759 651,3,7,9,11,17,22,24,30,31,40,43,45,47,51,57,58,59,63,68,70
,13:00,2,5 600 970,10,11,17,29,32,33,34,36,38,40,41,43,46,51,55,58,59,62,63,64
,13:00,3,5 438 682,1,3,6,10,11,13,16,29,34,37,39,51,52,54,57,63,64,65,67,70
,13:00,2,0 404 639,1,2,6,8,20,25,26,29,35,38,41,43,45,51,53,56,58,59,64,66
,13:00,2,0 833 169,3,7,8,10,15,30,32,38,40,41,44,45,49,50,53,54,62,64,67,70
,13:00,2,2 783 065,1,2,3,12,13,16,17,22,25,28,30,35,37,42,48,52,57,62,66,70
,13:00,3,1 640 257,4,6,9,15,24,25,27,28,30,31,32,40,45,48,49,53,55,58,61,70
,13:00,3,0 056 883,1,5,13,14,17,27,30,32,34,36,38,42,48,52,54,58,63,64,66,67
,13:00,2,0 666 918,2,6,9,10,14,19,25,26,30,32,33,34,35,38,43,51,52,54,63,70
,13:00,3,7 493 001,2,5,6,13,16,18,19,23,28,36,39,43,45,47,53,55,57,59,62,65
,13:00,3,2 026 649,1,5,6,10,13,15,20,21,26,27,29,37,42,44,48,58,61,63,66,68
,13:00,3,6 069 475,6,7,8,11,14,15,17,18,19,22,25,26,35,43,46,56,57,59,65,69
,13:00,2,5 005 548,9,13,17,27,28,29,31,32,35,38,39,40,45,52,55,56,60,68,69,70
,13:00,3,8 104 230,3,10,14,16,17,22,26,27,28,36,37,38,45,46,48,51,58,62,64,68
,13:00,2,2 704 217,5,9,16,17,20,24,26,27,37,39,41,45,46,55,57,60,67,68,69,70
,13:00,3,2 678 544,2,5,6,7,13,17,18,19,23,24,27,29,38,39,40,43,44,47,62,65
,13:00,3,8 688 463,1,6,8,12,17,18,25,26,28,30,33,46,47,54,56,58,59,61,66,67
,13:00,2,7 728 985,8,9,15,21,24,28,29,31,35,36,41,48,50,52,54,57,58,59,62,64
,13:00,2,2 364 715,4,6,11,14,17,20,21,23,24,25,31,36,37,40,49,50,51,59,60,64
,13:00,3,2 488 586,4,6,8,9,11,12,14,15,16,19,21,25,34,36,43,46,53,57,58,68
,13:00,3,6 914 199,4,6,11,14,25,27,28,32,33,35,36,37,38,39,40,41,59,61,67,70
,13:00,2,6 803 372,4,6,14,17,21,22,24,25,33,41,45,47,49,52,58,59,60,61,65,70
,13:00,2,2 129 013,1,5,10,11,13,15,19,21,22,25,26,27,29,36,44,45,46,55,63,66
,13:00,3,6 166 246,2,3,11,13,17,18,24,26,27,32,38,41,49,53,58,63,64,65,66,69
,13:00,2,5 331 427,3,5,7,10,13,14,15,16,17,19,26,28,33,37,42,57,60,63,64,70
,13:00,2,4 134 306,2,8,9,13,14,19,30,41,42,43,44,46,49,54,57,58,60,61,62,64
,13:00,2,4 479 702,2,3,4,6,14,24,25,26,29,36,41,45,47,50,57,60,61,64,67,68
,13:00,2,7 681 881,3,5,9,10,11,14,18,28,32,33,35,39,40,45,48,50,51,58,66,67
,13:00,10,4 353 805,3,4,5,14,19,22,26,30,32,34,37,38,39,41,46,47,55,59,60,66
,13:00,2,3 846 504,4,5,9,10,15,18,19,23,27,30,34,44,46,48,49,52,58,62,65,70
,13:00,3,0 590 953,5,6,8,9,16,17,18,23,29,31,34,35,38,39,41,45,54,60,64,70
,13:00,2,1 709 667,2,6,8,13,15,16,21,24,26,27,31,33,34,45,46,49,51,52,56,63
,13:00,3,6 578 232,6,8,12,13,20,22,27,28,30,34,39,40,44,46,51,64,66,67,68,70
,13:00,2,0 456 127,2,6,8,11,13,14,16,17,25,27,28,29,31,32,41,48,52,60,64,69
,13:00,2,3 579 436,1,2,3,6,14,15,24,27,28,30,37,41,45,49,56,59,60,62,69,70
,13:00,3,6 867 709,1,4,8,13,18,20,22,31,36,37,39,42,44,49,52,58,59,61,64,70
,13:00,3,7 437 466,1,3,4,5,9,10,21,22,24,25,34,36,38,39,43,46,48,53,59,70
,13:00,3,2 280 626,1,2,5,7,14,15,17,18,22,36,38,39,47,48,52,53,60,63,65,68
,13:00,2,7 665 492,6,9,14,16,18,21,24,25,29,31,33,38,43,45,46,48,53,54,55,66
,13:00,3,1 382 015,4,8,19,27,28,32,35,36,39,40,41,43,44,52,53,57,62,66,69,70
,13:00,3,1 151 179,4,5,6,8,9,11,12,32,33,35,37,43,45,50,53,54,65,66,69,70
,13:00,3,9 072 877,3,12,15,19,22,27,29,30,40,46,50,52,54,55,59,63,64,65,67,70
,13:00,2,9 992 175,6,9,13,16,17,20,21,30,36,42,46,50,51,53,54,57,58,66,69,70
,13:00,2,5 346 579,1,4,5,6,10,17,20,25,29,30,33,36,37,39,49,50,52,54,55,70
,13:00,2,9 886 225,2,3,5,7,13,24,27,28,32,35,39,40,45,50,55,60,64,68,69,70
,13:00,2,0 779 245,1,11,12,17,18,19,20,21,23,27,29,30,31,35,37,39,44,47,51,59
,13:00,2,3 379 978,1,6,11,13,17,18,21,25,30,32,37,39,41,47,52,56,59,63,65,69
,13:00,3,4 124 617,4,11,13,17,20,25,27,30,34,35,39,43,46,47,52,59,63,66,67,68
,13:00,2,8 496 215,1,3,6,8,20,21,23,26,28,33,34,35,37,43,44,51,52,53,64,65
,13:00,2,3 810 053,6,13,17,20,22,35,36,37,38,47,48,49,50,52,53,59,60,62,64,67
,13:00,3,4 576 968,6,9,17,20,24,25,26,27,28,31,32,39,44,46,48,58,61,65,68,70
,13:00,3,0 983 732,4,9,11,23,24,26,27,28,30,36,37,38,39,40,43,47,48,49,54,69
,13:00,2,3 598 137,5,8,14,17,18,22,23,28,34,37,39,40,45,46,49,57,61,65,67,69
,13:00,2,7 048 934,9,10,11,15,23,28,29,32,34,36,37,38,41,46,53,56,64,65,67,69
,13:00,3,6 845 048,1,2,15,16,21,22,31,32,33,36,37,42,43,45,46,52,53,60,63,70
,13:00,3,4 131 307,1,6,15,16,24,29,40,44,46,48,51,52,53,55,58,60,61,62,65,69
,13:00,3,3 269 277,2,8,11,13,17,21,23,24,26,30,33,34,35,36,44,46,58,60,61,70
,13:00,2,8 340 849,2,4,9,11,14,19,20,22,25,34,41,43,47,48,50,52,59,60,64,69
,13:00,3,9 786 622,1,8,9,11,14,18,21,26,27,29,32,40,41,44,46,47,57,60,64,67
,13:00,2,6 945 526,3,6,7,12,19,22,26,30,34,35,47,53,54,58,59,60,63,64,68,69
,13:00,2,7 364 609,4,5,7,10,12,19,21,22,24,29,35,36,39,46,50,55,59,61,64,68
,13:00,2,1 706 762,1,2,9,11,19,20,23,27,28,30,36,41,43,53,57,59,64,66,68,69
,13:00,2,8 352 980,12,14,16,17,20,22,25,27,32,34,35,37,39,43,45,46,59,63,64,66
,13:00,2,5 506 015,3,5,7,12,13,18,20,21,22,28,43,51,58,59,62,64,66,67,69,70
,13:00,2,9 913 131,3,5,6,7,12,13,16,37,40,42,43,49,52,53,54,58,67,68,69,70
,13:00,2,0 735 824,1,8,9,10,11,16,18,23,27,29,31,35,36,40,46,47,55,57,61,63
